id,kind,token,source_file,line,risk,status
TOK-00001,semantic-token,text-fg,apps/frontend/src/app/(dashboard)/calendar/page.tsx,52,Preferred semantic design-system token,CODE_CONFIRMED
TOK-00002,static-color,bg-black/50,apps/frontend/src/app/(dashboard)/contacts/page.tsx,92,Review light/dark contrast and accent bypass,REVIEW_REQUIRED
TOK-00003,static-color,bg-white,apps/frontend/src/app/(dashboard)/contacts/page.tsx,94,Review light/dark contrast and accent bypass,REVIEW_REQUIRED
TOK-00004,static-color,bg-zinc-900,apps/frontend/src/app/(dashboard)/contacts/page.tsx,94,Review light/dark contrast and accent bypass,REVIEW_REQUIRED
TOK-00005,static-color,border-zinc-300,apps/frontend/src/app/(dashboard)/contacts/page.tsx,102,Review light/dark contrast and accent bypass,REVIEW_REQUIRED
TOK-00006,static-color,border-zinc-700,apps/frontend/src/app/(dashboard)/contacts/page.tsx,102,Review light/dark contrast and accent bypass,REVIEW_REQUIRED
TOK-00007,static-color,ring-amber-500,apps/frontend/src/app/(dashboard)/contacts/page.tsx,102,Review light/dark contrast and accent bypass,REVIEW_REQUIRED
TOK-00008,static-color,border-zinc-300,apps/frontend/src/app/(dashboard)/contacts/page.tsx,112,Review light/dark contrast and accent bypass,REVIEW_REQUIRED
TOK-00009,static-color,border-zinc-700,apps/frontend/src/app/(dashboard)/contacts/page.tsx,112,Review light/dark contrast and accent bypass,REVIEW_REQUIRED
TOK-00010,static-color,ring-amber-500,apps/frontend/src/app/(dashboard)/contacts/page.tsx,112,Review light/dark contrast and accent bypass,REVIEW_REQUIRED
TOK-00011,static-color,border-zinc-300,apps/frontend/src/app/(dashboard)/contacts/page.tsx,121,Review light/dark contrast and accent bypass,REVIEW_REQUIRED
TOK-00012,static-color,border-zinc-700,apps/frontend/src/app/(dashboard)/contacts/page.tsx,121,Review light/dark contrast and accent bypass,REVIEW_REQUIRED
TOK-00013,static-color,ring-amber-500,apps/frontend/src/app/(dashboard)/contacts/page.tsx,121,Review light/dark contrast and accent bypass,REVIEW_REQUIRED
TOK-00014,static-color,border-zinc-300,apps/frontend/src/app/(dashboard)/contacts/page.tsx,130,Review light/dark contrast and accent bypass,REVIEW_REQUIRED
TOK-00015,static-color,border-zinc-700,apps/frontend/src/app/(dashboard)/contacts/page.tsx,130,Review light/dark contrast and accent bypass,REVIEW_REQUIRED
TOK-00016,static-color,ring-amber-500,apps/frontend/src/app/(dashboard)/contacts/page.tsx,130,Review light/dark contrast and accent bypass,REVIEW_REQUIRED
TOK-00017,static-color,ring-amber-500,apps/frontend/src/app/(dashboard)/contacts/page.tsx,144,Review light/dark contrast and accent bypass,REVIEW_REQUIRED
TOK-00018,static-color,text-red-500,apps/frontend/src/app/(dashboard)/contacts/page.tsx,151,Review light/dark contrast and accent bypass,REVIEW_REQUIRED
TOK-00019,static-color,bg-amber-600,apps/frontend/src/app/(dashboard)/contacts/page.tsx,155,Review light/dark contrast and accent bypass,REVIEW_REQUIRED
TOK-00020,static-color,bg-amber-700,apps/frontend/src/app/(dashboard)/contacts/page.tsx,155,Review light/dark contrast and accent bypass,REVIEW_REQUIRED
TOK-00021,static-color,text-white,apps/frontend/src/app/(dashboard)/contacts/page.tsx,155,Review light/dark contrast and accent bypass,REVIEW_REQUIRED
TOK-00022,static-color,border-zinc-200,apps/frontend/src/app/(dashboard)/contacts/page.tsx,173,Review light/dark contrast and accent bypass,REVIEW_REQUIRED
TOK-00023,static-color,border-zinc-800,apps/frontend/src/app/(dashboard)/contacts/page.tsx,173,Review light/dark contrast and accent bypass,REVIEW_REQUIRED
TOK-00024,static-color,bg-white,apps/frontend/src/app/(dashboard)/contacts/page.tsx,173,Review light/dark contrast and accent bypass,REVIEW_REQUIRED
TOK-00025,static-color,bg-zinc-900,apps/frontend/src/app/(dashboard)/contacts/page.tsx,173,Review light/dark contrast and accent bypass,REVIEW_REQUIRED
TOK-00026,static-color,text-white,apps/frontend/src/app/(dashboard)/contacts/page.tsx,177,Review light/dark contrast and accent bypass,REVIEW_REQUIRED
TOK-00027,static-color,text-zinc-500,apps/frontend/src/app/(dashboard)/contacts/page.tsx,185,Review light/dark contrast and accent bypass,REVIEW_REQUIRED
TOK-00028,static-color,text-zinc-400,apps/frontend/src/app/(dashboard)/contacts/page.tsx,185,Review light/dark contrast and accent bypass,REVIEW_REQUIRED
TOK-00029,static-color,bg-zinc-100,apps/frontend/src/app/(dashboard)/contacts/page.tsx,194,Review light/dark contrast and accent bypass,REVIEW_REQUIRED
TOK-00030,static-color,bg-zinc-800,apps/frontend/src/app/(dashboard)/contacts/page.tsx,194,Review light/dark contrast and accent bypass,REVIEW_REQUIRED
TOK-00031,static-color,text-zinc-500,apps/frontend/src/app/(dashboard)/contacts/page.tsx,194,Review light/dark contrast and accent bypass,REVIEW_REQUIRED
TOK-00032,static-color,text-zinc-400,apps/frontend/src/app/(dashboard)/contacts/page.tsx,194,Review light/dark contrast and accent bypass,REVIEW_REQUIRED
TOK-00033,static-color,text-zinc-500,apps/frontend/src/app/(dashboard)/contacts/page.tsx,201,Review light/dark contrast and accent bypass,REVIEW_REQUIRED
TOK-00034,static-color,text-zinc-400,apps/frontend/src/app/(dashboard)/contacts/page.tsx,201,Review light/dark contrast and accent bypass,REVIEW_REQUIRED
TOK-00035,static-color,text-red-500,apps/frontend/src/app/(dashboard)/contacts/page.tsx,201,Review light/dark contrast and accent bypass,REVIEW_REQUIRED
TOK-00036,static-color,bg-red-50,apps/frontend/src/app/(dashboard)/contacts/page.tsx,201,Review light/dark contrast and accent bypass,REVIEW_REQUIRED
TOK-00037,static-color,bg-red-950,apps/frontend/src/app/(dashboard)/contacts/page.tsx,201,Review light/dark contrast and accent bypass,REVIEW_REQUIRED
TOK-00038,static-color,text-zinc-600,apps/frontend/src/app/(dashboard)/contacts/page.tsx,208,Review light/dark contrast and accent bypass,REVIEW_REQUIRED
TOK-00039,static-color,text-zinc-400,apps/frontend/src/app/(dashboard)/contacts/page.tsx,208,Review light/dark contrast and accent bypass,REVIEW_REQUIRED
TOK-00040,static-color,text-amber-500,apps/frontend/src/app/(dashboard)/contacts/page.tsx,211,Review light/dark contrast and accent bypass,REVIEW_REQUIRED
TOK-00041,static-color,text-amber-500,apps/frontend/src/app/(dashboard)/contacts/page.tsx,217,Review light/dark contrast and accent bypass,REVIEW_REQUIRED
TOK-00042,static-color,text-zinc-400,apps/frontend/src/app/(dashboard)/contacts/page.tsx,222,Review light/dark contrast and accent bypass,REVIEW_REQUIRED
TOK-00043,static-color,text-zinc-500,apps/frontend/src/app/(dashboard)/contacts/page.tsx,226,Review light/dark contrast and accent bypass,REVIEW_REQUIRED
TOK-00044,static-color,text-zinc-400,apps/frontend/src/app/(dashboard)/contacts/page.tsx,226,Review light/dark contrast and accent bypass,REVIEW_REQUIRED
TOK-00045,static-color,text-zinc-500,apps/frontend/src/app/(dashboard)/contacts/page.tsx,267,Review light/dark contrast and accent bypass,REVIEW_REQUIRED
TOK-00046,static-color,text-zinc-400,apps/frontend/src/app/(dashboard)/contacts/page.tsx,267,Review light/dark contrast and accent bypass,REVIEW_REQUIRED
TOK-00047,static-color,bg-amber-600,apps/frontend/src/app/(dashboard)/contacts/page.tsx,273,Review light/dark contrast and accent bypass,REVIEW_REQUIRED
TOK-00048,static-color,bg-amber-700,apps/frontend/src/app/(dashboard)/contacts/page.tsx,273,Review light/dark contrast and accent bypass,REVIEW_REQUIRED
TOK-00049,static-color,text-white,apps/frontend/src/app/(dashboard)/contacts/page.tsx,273,Review light/dark contrast and accent bypass,REVIEW_REQUIRED
TOK-00050,static-color,text-zinc-400,apps/frontend/src/app/(dashboard)/contacts/page.tsx,281,Review light/dark contrast and accent bypass,REVIEW_REQUIRED
TOK-00051,static-color,border-zinc-300,apps/frontend/src/app/(dashboard)/contacts/page.tsx,283,Review light/dark contrast and accent bypass,REVIEW_REQUIRED
TOK-00052,static-color,border-zinc-700,apps/frontend/src/app/(dashboard)/contacts/page.tsx,283,Review light/dark contrast and accent bypass,REVIEW_REQUIRED
TOK-00053,static-color,ring-amber-500,apps/frontend/src/app/(dashboard)/contacts/page.tsx,283,Review light/dark contrast and accent bypass,REVIEW_REQUIRED
TOK-00054,static-color,border-zinc-200,apps/frontend/src/app/(dashboard)/contacts/page.tsx,293,Review light/dark contrast and accent bypass,REVIEW_REQUIRED
TOK-00055,static-color,border-zinc-800,apps/frontend/src/app/(dashboard)/contacts/page.tsx,293,Review light/dark contrast and accent bypass,REVIEW_REQUIRED
TOK-00056,static-color,bg-white,apps/frontend/src/app/(dashboard)/contacts/page.tsx,293,Review light/dark contrast and accent bypass,REVIEW_REQUIRED
TOK-00057,static-color,bg-zinc-900,apps/frontend/src/app/(dashboard)/contacts/page.tsx,293,Review light/dark contrast and accent bypass,REVIEW_REQUIRED
TOK-00058,static-color,bg-zinc-200,apps/frontend/src/app/(dashboard)/contacts/page.tsx,295,Review light/dark contrast and accent bypass,REVIEW_REQUIRED
TOK-00059,static-color,bg-zinc-800,apps/frontend/src/app/(dashboard)/contacts/page.tsx,295,Review light/dark contrast and accent bypass,REVIEW_REQUIRED
TOK-00060,static-color,bg-zinc-200,apps/frontend/src/app/(dashboard)/contacts/page.tsx,297,Review light/dark contrast and accent bypass,REVIEW_REQUIRED
TOK-00061,static-color,bg-zinc-800,apps/frontend/src/app/(dashboard)/contacts/page.tsx,297,Review light/dark contrast and accent bypass,REVIEW_REQUIRED
TOK-00062,static-color,bg-zinc-200,apps/frontend/src/app/(dashboard)/contacts/page.tsx,298,Review light/dark contrast and accent bypass,REVIEW_REQUIRED
TOK-00063,static-color,bg-zinc-800,apps/frontend/src/app/(dashboard)/contacts/page.tsx,298,Review light/dark contrast and accent bypass,REVIEW_REQUIRED
TOK-00064,static-color,border-red-200,apps/frontend/src/app/(dashboard)/contacts/page.tsx,305,Review light/dark contrast and accent bypass,REVIEW_REQUIRED
TOK-00065,static-color,border-red-800,apps/frontend/src/app/(dashboard)/contacts/page.tsx,305,Review light/dark contrast and accent bypass,REVIEW_REQUIRED
TOK-00066,static-color,bg-red-50,apps/frontend/src/app/(dashboard)/contacts/page.tsx,305,Review light/dark contrast and accent bypass,REVIEW_REQUIRED
TOK-00067,static-color,bg-red-950,apps/frontend/src/app/(dashboard)/contacts/page.tsx,305,Review light/dark contrast and accent bypass,REVIEW_REQUIRED
TOK-00068,static-color,text-red-500,apps/frontend/src/app/(dashboard)/contacts/page.tsx,306,Review light/dark contrast and accent bypass,REVIEW_REQUIRED
TOK-00069,static-color,text-red-700,apps/frontend/src/app/(dashboard)/contacts/page.tsx,307,Review light/dark contrast and accent bypass,REVIEW_REQUIRED
TOK-00070,static-color,text-red-300,apps/frontend/src/app/(dashboard)/contacts/page.tsx,307,Review light/dark contrast and accent bypass,REVIEW_REQUIRED
TOK-00071,static-color,bg-amber-600,apps/frontend/src/app/(dashboard)/contacts/page.tsx,310,Review light/dark contrast and accent bypass,REVIEW_REQUIRED
TOK-00072,static-color,bg-amber-700,apps/frontend/src/app/(dashboard)/contacts/page.tsx,310,Review light/dark contrast and accent bypass,REVIEW_REQUIRED
TOK-00073,static-color,text-white,apps/frontend/src/app/(dashboard)/contacts/page.tsx,310,Review light/dark contrast and accent bypass,REVIEW_REQUIRED
TOK-00074,static-color,text-zinc-400,apps/frontend/src/app/(dashboard)/contacts/page.tsx,316,Review light/dark contrast and accent bypass,REVIEW_REQUIRED
TOK-00075,static-color,text-zinc-500,apps/frontend/src/app/(dashboard)/contacts/page.tsx,318,Review light/dark contrast and accent bypass,REVIEW_REQUIRED
TOK-00076,static-color,text-zinc-400,apps/frontend/src/app/(dashboard)/contacts/page.tsx,318,Review light/dark contrast and accent bypass,REVIEW_REQUIRED
TOK-00077,static-color,text-white,apps/frontend/src/app/(dashboard)/dashboard/page.tsx,97,Review light/dark contrast and accent bypass,REVIEW_REQUIRED
TOK-00078,static-color,text-white,apps/frontend/src/app/(dashboard)/dashboard/page.tsx,113,Review light/dark contrast and accent bypass,REVIEW_REQUIRED
TOK-00079,semantic-token,border-border,apps/frontend/src/app/(dashboard)/dashboard/page.tsx,55,Preferred semantic design-system token,CODE_CONFIRMED
TOK-00080,semantic-token,bg-bg,apps/frontend/src/app/(dashboard)/dashboard/page.tsx,55,Preferred semantic design-system token,CODE_CONFIRMED
TOK-00081,semantic-token,border-border,apps/frontend/src/app/(dashboard)/dashboard/page.tsx,64,Preferred semantic design-system token,CODE_CONFIRMED
TOK-00082,semantic-token,bg-bg,apps/frontend/src/app/(dashboard)/dashboard/page.tsx,64,Preferred semantic design-system token,CODE_CONFIRMED
TOK-00083,semantic-token,border-border,apps/frontend/src/app/(dashboard)/dashboard/page.tsx,73,Preferred semantic design-system token,CODE_CONFIRMED
TOK-00084,semantic-token,bg-bg,apps/frontend/src/app/(dashboard)/dashboard/page.tsx,73,Preferred semantic design-system token,CODE_CONFIRMED
TOK-00085,semantic-token,border-border,apps/frontend/src/app/(dashboard)/dashboard/page.tsx,83,Preferred semantic design-system token,CODE_CONFIRMED
TOK-00086,semantic-token,bg-bg,apps/frontend/src/app/(dashboard)/dashboard/page.tsx,83,Preferred semantic design-system token,CODE_CONFIRMED
TOK-00087,semantic-token,text-fg,apps/frontend/src/app/(dashboard)/dashboard/page.tsx,95,Preferred semantic design-system token,CODE_CONFIRMED
TOK-00088,semantic-token,bg-brand-500,apps/frontend/src/app/(dashboard)/dashboard/page.tsx,97,Preferred semantic design-system token,CODE_CONFIRMED
TOK-00089,semantic-token,bg-brand-600,apps/frontend/src/app/(dashboard)/dashboard/page.tsx,97,Preferred semantic design-system token,CODE_CONFIRMED
TOK-00090,semantic-token,text-fg,apps/frontend/src/app/(dashboard)/dashboard/page.tsx,102,Preferred semantic design-system token,CODE_CONFIRMED
TOK-00091,semantic-token,bg-brand-500,apps/frontend/src/app/(dashboard)/dashboard/page.tsx,113,Preferred semantic design-system token,CODE_CONFIRMED
TOK-00092,semantic-token,bg-brand-600,apps/frontend/src/app/(dashboard)/dashboard/page.tsx,113,Preferred semantic design-system token,CODE_CONFIRMED
TOK-00093,static-color,bg-red-500/10,apps/frontend/src/app/(dashboard)/documents/page.tsx,45,Review light/dark contrast and accent bypass,REVIEW_REQUIRED
TOK-00094,static-color,text-red-500,apps/frontend/src/app/(dashboard)/documents/page.tsx,45,Review light/dark contrast and accent bypass,REVIEW_REQUIRED
TOK-00095,static-color,bg-green-500/10,apps/frontend/src/app/(dashboard)/documents/page.tsx,46,Review light/dark contrast and accent bypass,REVIEW_REQUIRED
TOK-00096,static-color,text-green-500,apps/frontend/src/app/(dashboard)/documents/page.tsx,46,Review light/dark contrast and accent bypass,REVIEW_REQUIRED
TOK-00097,static-color,bg-blue-500/10,apps/frontend/src/app/(dashboard)/documents/page.tsx,47,Review light/dark contrast and accent bypass,REVIEW_REQUIRED
TOK-00098,static-color,text-blue-500,apps/frontend/src/app/(dashboard)/documents/page.tsx,47,Review light/dark contrast and accent bypass,REVIEW_REQUIRED
TOK-00099,static-color,bg-amber-500/10,apps/frontend/src/app/(dashboard)/documents/page.tsx,49,Review light/dark contrast and accent bypass,REVIEW_REQUIRED
TOK-00100,static-color,text-amber-500,apps/frontend/src/app/(dashboard)/documents/page.tsx,49,Review light/dark contrast and accent bypass,REVIEW_REQUIRED
TOK-00101,static-color,text-white,apps/frontend/src/app/(dashboard)/documents/page.tsx,107,Review light/dark contrast and accent bypass,REVIEW_REQUIRED
TOK-00102,static-color,text-white,apps/frontend/src/app/(dashboard)/documents/page.tsx,261,Review light/dark contrast and accent bypass,REVIEW_REQUIRED
TOK-00103,static-color,bg-black/50,apps/frontend/src/app/(dashboard)/documents/page.tsx,307,Review light/dark contrast and accent bypass,REVIEW_REQUIRED
TOK-00104,static-color,text-green-500,apps/frontend/src/app/(dashboard)/documents/page.tsx,316,Review light/dark contrast and accent bypass,REVIEW_REQUIRED
TOK-00105,static-color,text-white,apps/frontend/src/app/(dashboard)/documents/page.tsx,362,Review light/dark contrast and accent bypass,REVIEW_REQUIRED
TOK-00106,semantic-token,text-fg,apps/frontend/src/app/(dashboard)/documents/page.tsx,85,Preferred semantic design-system token,CODE_CONFIRMED
TOK-00107,semantic-token,bg-brand-500,apps/frontend/src/app/(dashboard)/documents/page.tsx,107,Preferred semantic design-system token,CODE_CONFIRMED
TOK-00108,semantic-token,bg-brand-600,apps/frontend/src/app/(dashboard)/documents/page.tsx,107,Preferred semantic design-system token,CODE_CONFIRMED
TOK-00109,semantic-token,text-fg,apps/frontend/src/app/(dashboard)/documents/page.tsx,118,Preferred semantic design-system token,CODE_CONFIRMED
TOK-00110,semantic-token,text-fg,apps/frontend/src/app/(dashboard)/documents/page.tsx,124,Preferred semantic design-system token,CODE_CONFIRMED
TOK-00111,semantic-token,text-brand-500,apps/frontend/src/app/(dashboard)/documents/page.tsx,128,Preferred semantic design-system token,CODE_CONFIRMED
TOK-00112,semantic-token,border-border,apps/frontend/src/app/(dashboard)/documents/page.tsx,135,Preferred semantic design-system token,CODE_CONFIRMED
TOK-00113,semantic-token,bg-bg,apps/frontend/src/app/(dashboard)/documents/page.tsx,135,Preferred semantic design-system token,CODE_CONFIRMED
TOK-00114,semantic-token,border-brand-500/50,apps/frontend/src/app/(dashboard)/documents/page.tsx,135,Preferred semantic design-system token,CODE_CONFIRMED
TOK-00115,semantic-token,text-fg,apps/frontend/src/app/(dashboard)/documents/page.tsx,143,Preferred semantic design-system token,CODE_CONFIRMED
TOK-00116,semantic-token,text-fg,apps/frontend/src/app/(dashboard)/documents/page.tsx,149,Preferred semantic design-system token,CODE_CONFIRMED
TOK-00117,semantic-token,text-fg,apps/frontend/src/app/(dashboard)/documents/page.tsx,197,Preferred semantic design-system token,CODE_CONFIRMED
TOK-00118,semantic-token,text-fg,apps/frontend/src/app/(dashboard)/documents/page.tsx,197,Preferred semantic design-system token,CODE_CONFIRMED
TOK-00119,semantic-token,border-border,apps/frontend/src/app/(dashboard)/documents/page.tsx,200,Preferred semantic design-system token,CODE_CONFIRMED
TOK-00120,semantic-token,bg-bg,apps/frontend/src/app/(dashboard)/documents/page.tsx,200,Preferred semantic design-system token,CODE_CONFIRMED
TOK-00121,semantic-token,text-fg,apps/frontend/src/app/(dashboard)/documents/page.tsx,207,Preferred semantic design-system token,CODE_CONFIRMED
TOK-00122,semantic-token,text-fg,apps/frontend/src/app/(dashboard)/documents/page.tsx,210,Preferred semantic design-system token,CODE_CONFIRMED
TOK-00123,semantic-token,text-danger,apps/frontend/src/app/(dashboard)/documents/page.tsx,210,Preferred semantic design-system token,CODE_CONFIRMED
TOK-00124,semantic-token,bg-danger/10,apps/frontend/src/app/(dashboard)/documents/page.tsx,210,Preferred semantic design-system token,CODE_CONFIRMED
TOK-00125,semantic-token,text-fg,apps/frontend/src/app/(dashboard)/documents/page.tsx,217,Preferred semantic design-system token,CODE_CONFIRMED
TOK-00126,semantic-token,border-border,apps/frontend/src/app/(dashboard)/documents/page.tsx,218,Preferred semantic design-system token,CODE_CONFIRMED
TOK-00127,semantic-token,bg-bg,apps/frontend/src/app/(dashboard)/documents/page.tsx,218,Preferred semantic design-system token,CODE_CONFIRMED
TOK-00128,semantic-token,text-fg,apps/frontend/src/app/(dashboard)/documents/page.tsx,225,Preferred semantic design-system token,CODE_CONFIRMED
TOK-00129,semantic-token,text-fg,apps/frontend/src/app/(dashboard)/documents/page.tsx,231,Preferred semantic design-system token,CODE_CONFIRMED
TOK-00130,semantic-token,text-fg,apps/frontend/src/app/(dashboard)/documents/page.tsx,236,Preferred semantic design-system token,CODE_CONFIRMED
TOK-00131,semantic-token,text-fg,apps/frontend/src/app/(dashboard)/documents/page.tsx,240,Preferred semantic design-system token,CODE_CONFIRMED
TOK-00132,semantic-token,text-fg,apps/frontend/src/app/(dashboard)/documents/page.tsx,247,Preferred semantic design-system token,CODE_CONFIRMED
TOK-00133,semantic-token,bg-brand-500/10,apps/frontend/src/app/(dashboard)/documents/page.tsx,251,Preferred semantic design-system token,CODE_CONFIRMED
TOK-00134,semantic-token,text-brand-500,apps/frontend/src/app/(dashboard)/documents/page.tsx,251,Preferred semantic design-system token,CODE_CONFIRMED
TOK-00135,semantic-token,bg-brand-500,apps/frontend/src/app/(dashboard)/documents/page.tsx,261,Preferred semantic design-system token,CODE_CONFIRMED
TOK-00136,semantic-token,bg-brand-600,apps/frontend/src/app/(dashboard)/documents/page.tsx,261,Preferred semantic design-system token,CODE_CONFIRMED
TOK-00137,semantic-token,border-border,apps/frontend/src/app/(dashboard)/documents/page.tsx,308,Preferred semantic design-system token,CODE_CONFIRMED
TOK-00138,semantic-token,bg-bg,apps/frontend/src/app/(dashboard)/documents/page.tsx,308,Preferred semantic design-system token,CODE_CONFIRMED
TOK-00139,semantic-token,border-border,apps/frontend/src/app/(dashboard)/documents/page.tsx,311,Preferred semantic design-system token,CODE_CONFIRMED
TOK-00140,semantic-token,border-brand-500/50,apps/frontend/src/app/(dashboard)/documents/page.tsx,311,Preferred semantic design-system token,CODE_CONFIRMED
TOK-00141,semantic-token,text-fg,apps/frontend/src/app/(dashboard)/documents/page.tsx,318,Preferred semantic design-system token,CODE_CONFIRMED
TOK-00142,semantic-token,text-fg,apps/frontend/src/app/(dashboard)/documents/page.tsx,321,Preferred semantic design-system token,CODE_CONFIRMED
TOK-00143,semantic-token,border-border,apps/frontend/src/app/(dashboard)/documents/page.tsx,334,Preferred semantic design-system token,CODE_CONFIRMED
TOK-00144,semantic-token,bg-bg,apps/frontend/src/app/(dashboard)/documents/page.tsx,334,Preferred semantic design-system token,CODE_CONFIRMED
TOK-00145,semantic-token,ring-brand-500,apps/frontend/src/app/(dashboard)/documents/page.tsx,334,Preferred semantic design-system token,CODE_CONFIRMED
TOK-00146,semantic-token,border-border,apps/frontend/src/app/(dashboard)/documents/page.tsx,339,Preferred semantic design-system token,CODE_CONFIRMED
TOK-00147,semantic-token,bg-bg,apps/frontend/src/app/(dashboard)/documents/page.tsx,339,Preferred semantic design-system token,CODE_CONFIRMED
TOK-00148,semantic-token,ring-brand-500,apps/frontend/src/app/(dashboard)/documents/page.tsx,339,Preferred semantic design-system token,CODE_CONFIRMED
TOK-00149,semantic-token,border-border,apps/frontend/src/app/(dashboard)/documents/page.tsx,347,Preferred semantic design-system token,CODE_CONFIRMED
TOK-00150,semantic-token,bg-bg,apps/frontend/src/app/(dashboard)/documents/page.tsx,347,Preferred semantic design-system token,CODE_CONFIRMED
TOK-00151,semantic-token,ring-brand-500,apps/frontend/src/app/(dashboard)/documents/page.tsx,347,Preferred semantic design-system token,CODE_CONFIRMED
TOK-00152,semantic-token,border-border,apps/frontend/src/app/(dashboard)/documents/page.tsx,352,Preferred semantic design-system token,CODE_CONFIRMED
TOK-00153,semantic-token,bg-bg,apps/frontend/src/app/(dashboard)/documents/page.tsx,352,Preferred semantic design-system token,CODE_CONFIRMED
TOK-00154,semantic-token,ring-brand-500,apps/frontend/src/app/(dashboard)/documents/page.tsx,352,Preferred semantic design-system token,CODE_CONFIRMED
TOK-00155,semantic-token,text-danger,apps/frontend/src/app/(dashboard)/documents/page.tsx,355,Preferred semantic design-system token,CODE_CONFIRMED
TOK-00156,semantic-token,border-border,apps/frontend/src/app/(dashboard)/documents/page.tsx,359,Preferred semantic design-system token,CODE_CONFIRMED
TOK-00157,semantic-token,bg-bg,apps/frontend/src/app/(dashboard)/documents/page.tsx,359,Preferred semantic design-system token,CODE_CONFIRMED
TOK-00158,semantic-token,bg-brand-500,apps/frontend/src/app/(dashboard)/documents/page.tsx,362,Preferred semantic design-system token,CODE_CONFIRMED
TOK-00159,semantic-token,bg-brand-600,apps/frontend/src/app/(dashboard)/documents/page.tsx,362,Preferred semantic design-system token,CODE_CONFIRMED
TOK-00160,static-color,text-white,apps/frontend/src/app/(dashboard)/email/page.tsx,192,Review light/dark contrast and accent bypass,REVIEW_REQUIRED
TOK-00161,semantic-token,border-border,apps/frontend/src/app/(dashboard)/email/page.tsx,182,Preferred semantic design-system token,CODE_CONFIRMED
TOK-00162,semantic-token,bg-bg,apps/frontend/src/app/(dashboard)/email/page.tsx,182,Preferred semantic design-system token,CODE_CONFIRMED
TOK-00163,semantic-token,bg-brand-500/10,apps/frontend/src/app/(dashboard)/email/page.tsx,183,Preferred semantic design-system token,CODE_CONFIRMED
TOK-00164,semantic-token,text-brand-500,apps/frontend/src/app/(dashboard)/email/page.tsx,184,Preferred semantic design-system token,CODE_CONFIRMED
TOK-00165,semantic-token,text-fg,apps/frontend/src/app/(dashboard)/email/page.tsx,187,Preferred semantic design-system token,CODE_CONFIRMED
TOK-00166,semantic-token,bg-brand-500,apps/frontend/src/app/(dashboard)/email/page.tsx,192,Preferred semantic design-system token,CODE_CONFIRMED
TOK-00167,semantic-token,bg-brand-600,apps/frontend/src/app/(dashboard)/email/page.tsx,192,Preferred semantic design-system token,CODE_CONFIRMED
TOK-00168,semantic-token,border-border,apps/frontend/src/app/(dashboard)/email/page.tsx,241,Preferred semantic design-system token,CODE_CONFIRMED
TOK-00169,semantic-token,text-fg,apps/frontend/src/app/(dashboard)/email/page.tsx,241,Preferred semantic design-system token,CODE_CONFIRMED
TOK-00170,semantic-token,text-brand-500,apps/frontend/src/app/(dashboard)/email/page.tsx,268,Preferred semantic design-system token,CODE_CONFIRMED
TOK-00171,static-color,text-white,apps/frontend/src/app/(dashboard)/finance/page.tsx,118,Review light/dark contrast and accent bypass,REVIEW_REQUIRED
TOK-00172,static-color,text-green-600,apps/frontend/src/app/(dashboard)/finance/page.tsx,157,Review light/dark contrast and accent bypass,REVIEW_REQUIRED
TOK-00173,static-color,text-red-600,apps/frontend/src/app/(dashboard)/finance/page.tsx,157,Review light/dark contrast and accent bypass,REVIEW_REQUIRED
TOK-00174,static-color,bg-red-500,apps/frontend/src/app/(dashboard)/finance/page.tsx,187,Review light/dark contrast and accent bypass,REVIEW_REQUIRED
TOK-00175,semantic-token,text-fg,apps/frontend/src/app/(dashboard)/finance/page.tsx,84,Preferred semantic design-system token,CODE_CONFIRMED
TOK-00176,semantic-token,border-border,apps/frontend/src/app/(dashboard)/finance/page.tsx,96,Preferred semantic design-system token,CODE_CONFIRMED
TOK-00177,semantic-token,bg-bg,apps/frontend/src/app/(dashboard)/finance/page.tsx,96,Preferred semantic design-system token,CODE_CONFIRMED
TOK-00178,semantic-token,text-fg,apps/frontend/src/app/(dashboard)/finance/page.tsx,97,Preferred semantic design-system token,CODE_CONFIRMED
TOK-00179,semantic-token,border-border,apps/frontend/src/app/(dashboard)/finance/page.tsx,100,Preferred semantic design-system token,CODE_CONFIRMED
TOK-00180,semantic-token,bg-bg,apps/frontend/src/app/(dashboard)/finance/page.tsx,100,Preferred semantic design-system token,CODE_CONFIRMED
TOK-00181,semantic-token,text-fg,apps/frontend/src/app/(dashboard)/finance/page.tsx,101,Preferred semantic design-system token,CODE_CONFIRMED
TOK-00182,semantic-token,border-border,apps/frontend/src/app/(dashboard)/finance/page.tsx,104,Preferred semantic design-system token,CODE_CONFIRMED
TOK-00183,semantic-token,bg-bg,apps/frontend/src/app/(dashboard)/finance/page.tsx,104,Preferred semantic design-system token,CODE_CONFIRMED
TOK-00184,semantic-token,text-fg,apps/frontend/src/app/(dashboard)/finance/page.tsx,105,Preferred semantic design-system token,CODE_CONFIRMED
TOK-00185,semantic-token,text-brand-500,apps/frontend/src/app/(dashboard)/finance/page.tsx,106,Preferred semantic design-system token,CODE_CONFIRMED
TOK-00186,semantic-token,border-border,apps/frontend/src/app/(dashboard)/finance/page.tsx,117,Preferred semantic design-system token,CODE_CONFIRMED
TOK-00187,semantic-token,bg-brand-500,apps/frontend/src/app/(dashboard)/finance/page.tsx,118,Preferred semantic design-system token,CODE_CONFIRMED
TOK-00188,semantic-token,border-brand-500,apps/frontend/src/app/(dashboard)/finance/page.tsx,118,Preferred semantic design-system token,CODE_CONFIRMED
TOK-00189,semantic-token,text-fg,apps/frontend/src/app/(dashboard)/finance/page.tsx,118,Preferred semantic design-system token,CODE_CONFIRMED
TOK-00190,semantic-token,text-fg,apps/frontend/src/app/(dashboard)/finance/page.tsx,118,Preferred semantic design-system token,CODE_CONFIRMED
TOK-00191,semantic-token,border-border,apps/frontend/src/app/(dashboard)/finance/page.tsx,126,Preferred semantic design-system token,CODE_CONFIRMED
TOK-00192,semantic-token,bg-bg,apps/frontend/src/app/(dashboard)/finance/page.tsx,126,Preferred semantic design-system token,CODE_CONFIRMED
TOK-00193,semantic-token,bg-brand-500/10,apps/frontend/src/app/(dashboard)/finance/page.tsx,127,Preferred semantic design-system token,CODE_CONFIRMED
TOK-00194,semantic-token,text-brand-500,apps/frontend/src/app/(dashboard)/finance/page.tsx,127,Preferred semantic design-system token,CODE_CONFIRMED
TOK-00195,semantic-token,text-fg,apps/frontend/src/app/(dashboard)/finance/page.tsx,130,Preferred semantic design-system token,CODE_CONFIRMED
TOK-00196,semantic-token,border-border,apps/frontend/src/app/(dashboard)/finance/page.tsx,140,Preferred semantic design-system token,CODE_CONFIRMED
TOK-00197,semantic-token,bg-bg,apps/frontend/src/app/(dashboard)/finance/page.tsx,142,Preferred semantic design-system token,CODE_CONFIRMED
TOK-00198,semantic-token,text-fg,apps/frontend/src/app/(dashboard)/finance/page.tsx,143,Preferred semantic design-system token,CODE_CONFIRMED
TOK-00199,semantic-token,bg-bg,apps/frontend/src/app/(dashboard)/finance/page.tsx,152,Preferred semantic design-system token,CODE_CONFIRMED
TOK-00200,semantic-token,text-fg,apps/frontend/src/app/(dashboard)/finance/page.tsx,153,Preferred semantic design-system token,CODE_CONFIRMED
TOK-00201,semantic-token,text-fg,apps/frontend/src/app/(dashboard)/finance/page.tsx,155,Preferred semantic design-system token,CODE_CONFIRMED
TOK-00202,semantic-token,text-fg,apps/frontend/src/app/(dashboard)/finance/page.tsx,165,Preferred semantic design-system token,CODE_CONFIRMED
TOK-00203,semantic-token,border-border,apps/frontend/src/app/(dashboard)/finance/page.tsx,181,Preferred semantic design-system token,CODE_CONFIRMED
TOK-00204,semantic-token,bg-bg,apps/frontend/src/app/(dashboard)/finance/page.tsx,181,Preferred semantic design-system token,CODE_CONFIRMED
TOK-00205,semantic-token,text-fg,apps/frontend/src/app/(dashboard)/finance/page.tsx,184,Preferred semantic design-system token,CODE_CONFIRMED
TOK-00206,semantic-token,bg-bg,apps/frontend/src/app/(dashboard)/finance/page.tsx,186,Preferred semantic design-system token,CODE_CONFIRMED
TOK-00207,semantic-token,bg-brand-500,apps/frontend/src/app/(dashboard)/finance/page.tsx,187,Preferred semantic design-system token,CODE_CONFIRMED
TOK-00208,semantic-token,text-fg,apps/frontend/src/app/(dashboard)/finance/page.tsx,190,Preferred semantic design-system token,CODE_CONFIRMED
TOK-00209,semantic-token,text-fg,apps/frontend/src/app/(dashboard)/finance/page.tsx,198,Preferred semantic design-system token,CODE_CONFIRMED
TOK-00210,semantic-token,border-border,apps/frontend/src/app/(dashboard)/finance/page.tsx,209,Preferred semantic design-system token,CODE_CONFIRMED
TOK-00211,semantic-token,bg-bg,apps/frontend/src/app/(dashboard)/finance/page.tsx,209,Preferred semantic design-system token,CODE_CONFIRMED
TOK-00212,semantic-token,text-fg,apps/frontend/src/app/(dashboard)/finance/page.tsx,212,Preferred semantic design-system token,CODE_CONFIRMED
TOK-00213,semantic-token,bg-bg,apps/frontend/src/app/(dashboard)/finance/page.tsx,214,Preferred semantic design-system token,CODE_CONFIRMED
TOK-00214,semantic-token,bg-brand-500,apps/frontend/src/app/(dashboard)/finance/page.tsx,215,Preferred semantic design-system token,CODE_CONFIRMED
TOK-00215,semantic-token,text-fg,apps/frontend/src/app/(dashboard)/finance/page.tsx,218,Preferred semantic design-system token,CODE_CONFIRMED
TOK-00216,semantic-token,text-fg,apps/frontend/src/app/(dashboard)/finance/page.tsx,226,Preferred semantic design-system token,CODE_CONFIRMED
TOK-00217,semantic-token,border-border,apps/frontend/src/app/(dashboard)/finance/page.tsx,238,Preferred semantic design-system token,CODE_CONFIRMED
TOK-00218,semantic-token,bg-bg,apps/frontend/src/app/(dashboard)/finance/page.tsx,238,Preferred semantic design-system token,CODE_CONFIRMED
TOK-00219,semantic-token,text-fg,apps/frontend/src/app/(dashboard)/finance/page.tsx,240,Preferred semantic design-system token,CODE_CONFIRMED
TOK-00220,semantic-token,text-fg,apps/frontend/src/app/(dashboard)/finance/page.tsx,242,Preferred semantic design-system token,CODE_CONFIRMED
TOK-00221,semantic-token,text-fg,apps/frontend/src/app/(dashboard)/finance/page.tsx,249,Preferred semantic design-system token,CODE_CONFIRMED
TOK-00222,static-color,text-white,apps/frontend/src/app/(dashboard)/insurance/page.tsx,141,Review light/dark contrast and accent bypass,REVIEW_REQUIRED
TOK-00223,static-color,bg-amber-500/10,apps/frontend/src/app/(dashboard)/insurance/page.tsx,267,Review light/dark contrast and accent bypass,REVIEW_REQUIRED
TOK-00224,static-color,border-amber-500/20,apps/frontend/src/app/(dashboard)/insurance/page.tsx,267,Review light/dark contrast and accent bypass,REVIEW_REQUIRED
TOK-00225,static-color,text-amber-500,apps/frontend/src/app/(dashboard)/insurance/page.tsx,268,Review light/dark contrast and accent bypass,REVIEW_REQUIRED
TOK-00226,static-color,text-white,apps/frontend/src/app/(dashboard)/insurance/page.tsx,317,Review light/dark contrast and accent bypass,REVIEW_REQUIRED
TOK-00227,static-color,bg-black/50,apps/frontend/src/app/(dashboard)/insurance/page.tsx,350,Review light/dark contrast and accent bypass,REVIEW_REQUIRED
TOK-00228,static-color,text-white,apps/frontend/src/app/(dashboard)/insurance/page.tsx,418,Review light/dark contrast and accent bypass,REVIEW_REQUIRED
TOK-00229,semantic-token,text-fg,apps/frontend/src/app/(dashboard)/insurance/page.tsx,120,Preferred semantic design-system token,CODE_CONFIRMED
TOK-00230,semantic-token,bg-brand-500,apps/frontend/src/app/(dashboard)/insurance/page.tsx,141,Preferred semantic design-system token,CODE_CONFIRMED
TOK-00231,semantic-token,bg-brand-600,apps/frontend/src/app/(dashboard)/insurance/page.tsx,141,Preferred semantic design-system token,CODE_CONFIRMED
TOK-00232,semantic-token,border-border,apps/frontend/src/app/(dashboard)/insurance/page.tsx,148,Preferred semantic design-system token,CODE_CONFIRMED
TOK-00233,semantic-token,bg-bg,apps/frontend/src/app/(dashboard)/insurance/page.tsx,148,Preferred semantic design-system token,CODE_CONFIRMED
TOK-00234,semantic-token,text-fg,apps/frontend/src/app/(dashboard)/insurance/page.tsx,149,Preferred semantic design-system token,CODE_CONFIRMED
TOK-00235,semantic-token,border-border,apps/frontend/src/app/(dashboard)/insurance/page.tsx,152,Preferred semantic design-system token,CODE_CONFIRMED
TOK-00236,semantic-token,bg-bg,apps/frontend/src/app/(dashboard)/insurance/page.tsx,152,Preferred semantic design-system token,CODE_CONFIRMED
TOK-00237,semantic-token,text-fg,apps/frontend/src/app/(dashboard)/insurance/page.tsx,153,Preferred semantic design-system token,CODE_CONFIRMED
TOK-00238,semantic-token,text-brand-500,apps/frontend/src/app/(dashboard)/insurance/page.tsx,154,Preferred semantic design-system token,CODE_CONFIRMED
TOK-00239,semantic-token,border-border,apps/frontend/src/app/(dashboard)/insurance/page.tsx,156,Preferred semantic design-system token,CODE_CONFIRMED
TOK-00240,semantic-token,bg-bg,apps/frontend/src/app/(dashboard)/insurance/page.tsx,156,Preferred semantic design-system token,CODE_CONFIRMED
TOK-00241,semantic-token,text-fg,apps/frontend/src/app/(dashboard)/insurance/page.tsx,157,Preferred semantic design-system token,CODE_CONFIRMED
TOK-00242,semantic-token,text-fg,apps/frontend/src/app/(dashboard)/insurance/page.tsx,164,Preferred semantic design-system token,CODE_CONFIRMED
TOK-00243,semantic-token,border-border,apps/frontend/src/app/(dashboard)/insurance/page.tsx,170,Preferred semantic design-system token,CODE_CONFIRMED
TOK-00244,semantic-token,bg-bg,apps/frontend/src/app/(dashboard)/insurance/page.tsx,170,Preferred semantic design-system token,CODE_CONFIRMED
TOK-00245,semantic-token,border-brand-500/50,apps/frontend/src/app/(dashboard)/insurance/page.tsx,170,Preferred semantic design-system token,CODE_CONFIRMED
TOK-00246,semantic-token,bg-brand-500/10,apps/frontend/src/app/(dashboard)/insurance/page.tsx,173,Preferred semantic design-system token,CODE_CONFIRMED
TOK-00247,semantic-token,text-brand-500,apps/frontend/src/app/(dashboard)/insurance/page.tsx,173,Preferred semantic design-system token,CODE_CONFIRMED
TOK-00248,semantic-token,text-fg,apps/frontend/src/app/(dashboard)/insurance/page.tsx,178,Preferred semantic design-system token,CODE_CONFIRMED
TOK-00249,semantic-token,text-fg,apps/frontend/src/app/(dashboard)/insurance/page.tsx,185,Preferred semantic design-system token,CODE_CONFIRMED
TOK-00250,semantic-token,text-fg,apps/frontend/src/app/(dashboard)/insurance/page.tsx,190,Preferred semantic design-system token,CODE_CONFIRMED
TOK-00251,semantic-token,text-fg,apps/frontend/src/app/(dashboard)/insurance/page.tsx,202,Preferred semantic design-system token,CODE_CONFIRMED
TOK-00252,semantic-token,text-brand-500,apps/frontend/src/app/(dashboard)/insurance/page.tsx,206,Preferred semantic design-system token,CODE_CONFIRMED
TOK-00253,semantic-token,text-fg,apps/frontend/src/app/(dashboard)/insurance/page.tsx,235,Preferred semantic design-system token,CODE_CONFIRMED
TOK-00254,semantic-token,text-fg,apps/frontend/src/app/(dashboard)/insurance/page.tsx,235,Preferred semantic design-system token,CODE_CONFIRMED
TOK-00255,semantic-token,border-border,apps/frontend/src/app/(dashboard)/insurance/page.tsx,238,Preferred semantic design-system token,CODE_CONFIRMED
TOK-00256,semantic-token,bg-bg,apps/frontend/src/app/(dashboard)/insurance/page.tsx,238,Preferred semantic design-system token,CODE_CONFIRMED
TOK-00257,semantic-token,bg-brand-500/10,apps/frontend/src/app/(dashboard)/insurance/page.tsx,240,Preferred semantic design-system token,CODE_CONFIRMED
TOK-00258,semantic-token,text-brand-500,apps/frontend/src/app/(dashboard)/insurance/page.tsx,240,Preferred semantic design-system token,CODE_CONFIRMED
TOK-00259,semantic-token,text-fg,apps/frontend/src/app/(dashboard)/insurance/page.tsx,245,Preferred semantic design-system token,CODE_CONFIRMED
TOK-00260,semantic-token,text-fg,apps/frontend/src/app/(dashboard)/insurance/page.tsx,248,Preferred semantic design-system token,CODE_CONFIRMED
TOK-00261,semantic-token,text-danger,apps/frontend/src/app/(dashboard)/insurance/page.tsx,248,Preferred semantic design-system token,CODE_CONFIRMED
TOK-00262,semantic-token,bg-danger/10,apps/frontend/src/app/(dashboard)/insurance/page.tsx,248,Preferred semantic design-system token,CODE_CONFIRMED
TOK-00263,semantic-token,bg-bg,apps/frontend/src/app/(dashboard)/insurance/page.tsx,258,Preferred semantic design-system token,CODE_CONFIRMED
TOK-00264,semantic-token,text-fg,apps/frontend/src/app/(dashboard)/insurance/page.tsx,259,Preferred semantic design-system token,CODE_CONFIRMED
TOK-00265,semantic-token,text-brand-500,apps/frontend/src/app/(dashboard)/insurance/page.tsx,260,Preferred semantic design-system token,CODE_CONFIRMED
TOK-00266,semantic-token,text-fg,apps/frontend/src/app/(dashboard)/insurance/page.tsx,263,Preferred semantic design-system token,CODE_CONFIRMED
TOK-00267,semantic-token,text-fg,apps/frontend/src/app/(dashboard)/insurance/page.tsx,271,Preferred semantic design-system token,CODE_CONFIRMED
TOK-00268,semantic-token,text-fg,apps/frontend/src/app/(dashboard)/insurance/page.tsx,290,Preferred semantic design-system token,CODE_CONFIRMED
TOK-00269,semantic-token,border-border,apps/frontend/src/app/(dashboard)/insurance/page.tsx,297,Preferred semantic design-system token,CODE_CONFIRMED
TOK-00270,semantic-token,bg-bg,apps/frontend/src/app/(dashboard)/insurance/page.tsx,297,Preferred semantic design-system token,CODE_CONFIRMED
TOK-00271,semantic-token,border-border,apps/frontend/src/app/(dashboard)/insurance/page.tsx,301,Preferred semantic design-system token,CODE_CONFIRMED
TOK-00272,semantic-token,text-fg,apps/frontend/src/app/(dashboard)/insurance/page.tsx,302,Preferred semantic design-system token,CODE_CONFIRMED
TOK-00273,semantic-token,text-fg,apps/frontend/src/app/(dashboard)/insurance/page.tsx,304,Preferred semantic design-system token,CODE_CONFIRMED
TOK-00274,semantic-token,text-fg,apps/frontend/src/app/(dashboard)/insurance/page.tsx,308,Preferred semantic design-system token,CODE_CONFIRMED
TOK-00275,semantic-token,border-border,apps/frontend/src/app/(dashboard)/insurance/page.tsx,314,Preferred semantic design-system token,CODE_CONFIRMED
TOK-00276,semantic-token,bg-bg,apps/frontend/src/app/(dashboard)/insurance/page.tsx,314,Preferred semantic design-system token,CODE_CONFIRMED
TOK-00277,semantic-token,ring-brand-500,apps/frontend/src/app/(dashboard)/insurance/page.tsx,314,Preferred semantic design-system token,CODE_CONFIRMED
TOK-00278,semantic-token,bg-brand-500,apps/frontend/src/app/(dashboard)/insurance/page.tsx,317,Preferred semantic design-system token,CODE_CONFIRMED
TOK-00279,semantic-token,bg-brand-600,apps/frontend/src/app/(dashboard)/insurance/page.tsx,317,Preferred semantic design-system token,CODE_CONFIRMED
TOK-00280,semantic-token,text-fg,apps/frontend/src/app/(dashboard)/insurance/page.tsx,328,Preferred semantic design-system token,CODE_CONFIRMED
TOK-00281,semantic-token,text-fg,apps/frontend/src/app/(dashboard)/insurance/page.tsx,330,Preferred semantic design-system token,CODE_CONFIRMED
TOK-00282,semantic-token,border-border,apps/frontend/src/app/(dashboard)/insurance/page.tsx,351,Preferred semantic design-system token,CODE_CONFIRMED
TOK-00283,semantic-token,bg-bg,apps/frontend/src/app/(dashboard)/insurance/page.tsx,351,Preferred semantic design-system token,CODE_CONFIRMED
TOK-00284,semantic-token,border-border,apps/frontend/src/app/(dashboard)/insurance/page.tsx,355,Preferred semantic design-system token,CODE_CONFIRMED
TOK-00285,semantic-token,bg-bg,apps/frontend/src/app/(dashboard)/insurance/page.tsx,355,Preferred semantic design-system token,CODE_CONFIRMED
TOK-00286,semantic-token,ring-brand-500,apps/frontend/src/app/(dashboard)/insurance/page.tsx,355,Preferred semantic design-system token,CODE_CONFIRMED
TOK-00287,semantic-token,border-border,apps/frontend/src/app/(dashboard)/insurance/page.tsx,359,Preferred semantic design-system token,CODE_CONFIRMED
TOK-00288,semantic-token,bg-bg,apps/frontend/src/app/(dashboard)/insurance/page.tsx,359,Preferred semantic design-system token,CODE_CONFIRMED
TOK-00289,semantic-token,ring-brand-500,apps/frontend/src/app/(dashboard)/insurance/page.tsx,359,Preferred semantic design-system token,CODE_CONFIRMED
TOK-00290,semantic-token,border-border,apps/frontend/src/app/(dashboard)/insurance/page.tsx,363,Preferred semantic design-system token,CODE_CONFIRMED
TOK-00291,semantic-token,bg-bg,apps/frontend/src/app/(dashboard)/insurance/page.tsx,363,Preferred semantic design-system token,CODE_CONFIRMED
TOK-00292,semantic-token,ring-brand-500,apps/frontend/src/app/(dashboard)/insurance/page.tsx,363,Preferred semantic design-system token,CODE_CONFIRMED
TOK-00293,semantic-token,border-border,apps/frontend/src/app/(dashboard)/insurance/page.tsx,371,Preferred semantic design-system token,CODE_CONFIRMED
TOK-00294,semantic-token,bg-bg,apps/frontend/src/app/(dashboard)/insurance/page.tsx,371,Preferred semantic design-system token,CODE_CONFIRMED
TOK-00295,semantic-token,ring-brand-500,apps/frontend/src/app/(dashboard)/insurance/page.tsx,371,Preferred semantic design-system token,CODE_CONFIRMED
TOK-00296,semantic-token,border-border,apps/frontend/src/app/(dashboard)/insurance/page.tsx,375,Preferred semantic design-system token,CODE_CONFIRMED
TOK-00297,semantic-token,bg-bg,apps/frontend/src/app/(dashboard)/insurance/page.tsx,375,Preferred semantic design-system token,CODE_CONFIRMED
TOK-00298,semantic-token,ring-brand-500,apps/frontend/src/app/(dashboard)/insurance/page.tsx,375,Preferred semantic design-system token,CODE_CONFIRMED
TOK-00299,semantic-token,border-border,apps/frontend/src/app/(dashboard)/insurance/page.tsx,377,Preferred semantic design-system token,CODE_CONFIRMED
TOK-00300,semantic-token,bg-bg,apps/frontend/src/app/(dashboard)/insurance/page.tsx,377,Preferred semantic design-system token,CODE_CONFIRMED
TOK-00301,semantic-token,ring-brand-500,apps/frontend/src/app/(dashboard)/insurance/page.tsx,377,Preferred semantic design-system token,CODE_CONFIRMED
TOK-00302,semantic-token,border-border,apps/frontend/src/app/(dashboard)/insurance/page.tsx,382,Preferred semantic design-system token,CODE_CONFIRMED
TOK-00303,semantic-token,bg-bg,apps/frontend/src/app/(dashboard)/insurance/page.tsx,382,Preferred semantic design-system token,CODE_CONFIRMED
TOK-00304,semantic-token,ring-brand-500,apps/frontend/src/app/(dashboard)/insurance/page.tsx,382,Preferred semantic design-system token,CODE_CONFIRMED
TOK-00305,semantic-token,border-border,apps/frontend/src/app/(dashboard)/insurance/page.tsx,384,Preferred semantic design-system token,CODE_CONFIRMED
TOK-00306,semantic-token,bg-bg,apps/frontend/src/app/(dashboard)/insurance/page.tsx,384,Preferred semantic design-system token,CODE_CONFIRMED
TOK-00307,semantic-token,ring-brand-500,apps/frontend/src/app/(dashboard)/insurance/page.tsx,384,Preferred semantic design-system token,CODE_CONFIRMED
TOK-00308,semantic-token,border-border,apps/frontend/src/app/(dashboard)/insurance/page.tsx,388,Preferred semantic design-system token,CODE_CONFIRMED
TOK-00309,semantic-token,bg-bg,apps/frontend/src/app/(dashboard)/insurance/page.tsx,388,Preferred semantic design-system token,CODE_CONFIRMED
TOK-00310,semantic-token,ring-brand-500,apps/frontend/src/app/(dashboard)/insurance/page.tsx,388,Preferred semantic design-system token,CODE_CONFIRMED
TOK-00311,semantic-token,text-fg,apps/frontend/src/app/(dashboard)/insurance/page.tsx,391,Preferred semantic design-system token,CODE_CONFIRMED
TOK-00312,semantic-token,text-fg,apps/frontend/src/app/(dashboard)/insurance/page.tsx,391,Preferred semantic design-system token,CODE_CONFIRMED
TOK-00313,semantic-token,border-border,apps/frontend/src/app/(dashboard)/insurance/page.tsx,394,Preferred semantic design-system token,CODE_CONFIRMED
TOK-00314,semantic-token,bg-bg,apps/frontend/src/app/(dashboard)/insurance/page.tsx,394,Preferred semantic design-system token,CODE_CONFIRMED
TOK-00315,semantic-token,ring-brand-500,apps/frontend/src/app/(dashboard)/insurance/page.tsx,394,Preferred semantic design-system token,CODE_CONFIRMED
TOK-00316,semantic-token,border-border,apps/frontend/src/app/(dashboard)/insurance/page.tsx,397,Preferred semantic design-system token,CODE_CONFIRMED
TOK-00317,semantic-token,bg-bg,apps/frontend/src/app/(dashboard)/insurance/page.tsx,397,Preferred semantic design-system token,CODE_CONFIRMED
TOK-00318,semantic-token,ring-brand-500,apps/frontend/src/app/(dashboard)/insurance/page.tsx,397,Preferred semantic design-system token,CODE_CONFIRMED
TOK-00319,semantic-token,border-border,apps/frontend/src/app/(dashboard)/insurance/page.tsx,399,Preferred semantic design-system token,CODE_CONFIRMED
TOK-00320,semantic-token,bg-bg,apps/frontend/src/app/(dashboard)/insurance/page.tsx,399,Preferred semantic design-system token,CODE_CONFIRMED
TOK-00321,semantic-token,ring-brand-500,apps/frontend/src/app/(dashboard)/insurance/page.tsx,399,Preferred semantic design-system token,CODE_CONFIRMED
TOK-00322,semantic-token,border-border,apps/frontend/src/app/(dashboard)/insurance/page.tsx,405,Preferred semantic design-system token,CODE_CONFIRMED
TOK-00323,semantic-token,bg-bg,apps/frontend/src/app/(dashboard)/insurance/page.tsx,405,Preferred semantic design-system token,CODE_CONFIRMED
TOK-00324,semantic-token,ring-brand-500,apps/frontend/src/app/(dashboard)/insurance/page.tsx,405,Preferred semantic design-system token,CODE_CONFIRMED
TOK-00325,semantic-token,border-border,apps/frontend/src/app/(dashboard)/insurance/page.tsx,409,Preferred semantic design-system token,CODE_CONFIRMED
TOK-00326,semantic-token,bg-bg,apps/frontend/src/app/(dashboard)/insurance/page.tsx,409,Preferred semantic design-system token,CODE_CONFIRMED
TOK-00327,semantic-token,bg-brand-500,apps/frontend/src/app/(dashboard)/insurance/page.tsx,418,Preferred semantic design-system token,CODE_CONFIRMED
TOK-00328,semantic-token,bg-brand-600,apps/frontend/src/app/(dashboard)/insurance/page.tsx,418,Preferred semantic design-system token,CODE_CONFIRMED
TOK-00329,static-color,text-blue-500,apps/frontend/src/app/(dashboard)/it-inventory/page.tsx,32,Review light/dark contrast and accent bypass,REVIEW_REQUIRED
TOK-00330,static-color,text-green-500,apps/frontend/src/app/(dashboard)/it-inventory/page.tsx,36,Review light/dark contrast and accent bypass,REVIEW_REQUIRED
TOK-00331,static-color,text-red-500,apps/frontend/src/app/(dashboard)/it-inventory/page.tsx,37,Review light/dark contrast and accent bypass,REVIEW_REQUIRED
TOK-00332,static-color,text-zinc-500,apps/frontend/src/app/(dashboard)/it-inventory/page.tsx,38,Review light/dark contrast and accent bypass,REVIEW_REQUIRED
TOK-00333,static-color,text-yellow-500,apps/frontend/src/app/(dashboard)/it-inventory/page.tsx,41,Review light/dark contrast and accent bypass,REVIEW_REQUIRED
TOK-00334,static-color,text-gray-400,apps/frontend/src/app/(dashboard)/it-inventory/page.tsx,42,Review light/dark contrast and accent bypass,REVIEW_REQUIRED
TOK-00335,static-color,bg-black/50,apps/frontend/src/app/(dashboard)/it-inventory/page.tsx,77,Review light/dark contrast and accent bypass,REVIEW_REQUIRED
TOK-00336,static-color,bg-white,apps/frontend/src/app/(dashboard)/it-inventory/page.tsx,78,Review light/dark contrast and accent bypass,REVIEW_REQUIRED
TOK-00337,static-color,bg-zinc-900,apps/frontend/src/app/(dashboard)/it-inventory/page.tsx,78,Review light/dark contrast and accent bypass,REVIEW_REQUIRED
TOK-00338,static-color,border-zinc-300,apps/frontend/src/app/(dashboard)/it-inventory/page.tsx,83,Review light/dark contrast and accent bypass,REVIEW_REQUIRED
TOK-00339,static-color,border-zinc-700,apps/frontend/src/app/(dashboard)/it-inventory/page.tsx,83,Review light/dark contrast and accent bypass,REVIEW_REQUIRED
TOK-00340,static-color,ring-amber-500,apps/frontend/src/app/(dashboard)/it-inventory/page.tsx,83,Review light/dark contrast and accent bypass,REVIEW_REQUIRED
TOK-00341,static-color,border-zinc-300,apps/frontend/src/app/(dashboard)/it-inventory/page.tsx,87,Review light/dark contrast and accent bypass,REVIEW_REQUIRED
TOK-00342,static-color,border-zinc-700,apps/frontend/src/app/(dashboard)/it-inventory/page.tsx,87,Review light/dark contrast and accent bypass,REVIEW_REQUIRED
TOK-00343,static-color,ring-amber-500,apps/frontend/src/app/(dashboard)/it-inventory/page.tsx,87,Review light/dark contrast and accent bypass,REVIEW_REQUIRED
TOK-00344,static-color,border-zinc-300,apps/frontend/src/app/(dashboard)/it-inventory/page.tsx,96,Review light/dark contrast and accent bypass,REVIEW_REQUIRED
TOK-00345,static-color,border-zinc-700,apps/frontend/src/app/(dashboard)/it-inventory/page.tsx,96,Review light/dark contrast and accent bypass,REVIEW_REQUIRED
TOK-00346,static-color,ring-amber-500,apps/frontend/src/app/(dashboard)/it-inventory/page.tsx,96,Review light/dark contrast and accent bypass,REVIEW_REQUIRED
TOK-00347,static-color,border-zinc-300,apps/frontend/src/app/(dashboard)/it-inventory/page.tsx,100,Review light/dark contrast and accent bypass,REVIEW_REQUIRED
TOK-00348,static-color,border-zinc-700,apps/frontend/src/app/(dashboard)/it-inventory/page.tsx,100,Review light/dark contrast and accent bypass,REVIEW_REQUIRED
TOK-00349,static-color,ring-amber-500,apps/frontend/src/app/(dashboard)/it-inventory/page.tsx,100,Review light/dark contrast and accent bypass,REVIEW_REQUIRED
TOK-00350,static-color,border-zinc-300,apps/frontend/src/app/(dashboard)/it-inventory/page.tsx,106,Review light/dark contrast and accent bypass,REVIEW_REQUIRED
TOK-00351,static-color,border-zinc-700,apps/frontend/src/app/(dashboard)/it-inventory/page.tsx,106,Review light/dark contrast and accent bypass,REVIEW_REQUIRED
TOK-00352,static-color,ring-amber-500,apps/frontend/src/app/(dashboard)/it-inventory/page.tsx,106,Review light/dark contrast and accent bypass,REVIEW_REQUIRED
TOK-00353,static-color,border-zinc-300,apps/frontend/src/app/(dashboard)/it-inventory/page.tsx,110,Review light/dark contrast and accent bypass,REVIEW_REQUIRED
TOK-00354,static-color,border-zinc-700,apps/frontend/src/app/(dashboard)/it-inventory/page.tsx,110,Review light/dark contrast and accent bypass,REVIEW_REQUIRED
TOK-00355,static-color,ring-amber-500,apps/frontend/src/app/(dashboard)/it-inventory/page.tsx,110,Review light/dark contrast and accent bypass,REVIEW_REQUIRED
TOK-00356,static-color,border-zinc-300,apps/frontend/src/app/(dashboard)/it-inventory/page.tsx,115,Review light/dark contrast and accent bypass,REVIEW_REQUIRED
TOK-00357,static-color,border-zinc-700,apps/frontend/src/app/(dashboard)/it-inventory/page.tsx,115,Review light/dark contrast and accent bypass,REVIEW_REQUIRED
TOK-00358,static-color,ring-amber-500,apps/frontend/src/app/(dashboard)/it-inventory/page.tsx,115,Review light/dark contrast and accent bypass,REVIEW_REQUIRED
TOK-00359,static-color,border-zinc-300,apps/frontend/src/app/(dashboard)/it-inventory/page.tsx,119,Review light/dark contrast and accent bypass,REVIEW_REQUIRED
TOK-00360,static-color,border-zinc-700,apps/frontend/src/app/(dashboard)/it-inventory/page.tsx,119,Review light/dark contrast and accent bypass,REVIEW_REQUIRED
TOK-00361,static-color,ring-amber-500,apps/frontend/src/app/(dashboard)/it-inventory/page.tsx,119,Review light/dark contrast and accent bypass,REVIEW_REQUIRED
TOK-00362,static-color,text-red-500,apps/frontend/src/app/(dashboard)/it-inventory/page.tsx,121,Review light/dark contrast and accent bypass,REVIEW_REQUIRED
TOK-00363,static-color,bg-amber-600,apps/frontend/src/app/(dashboard)/it-inventory/page.tsx,125,Review light/dark contrast and accent bypass,REVIEW_REQUIRED
TOK-00364,static-color,bg-amber-700,apps/frontend/src/app/(dashboard)/it-inventory/page.tsx,125,Review light/dark contrast and accent bypass,REVIEW_REQUIRED
TOK-00365,static-color,text-white,apps/frontend/src/app/(dashboard)/it-inventory/page.tsx,125,Review light/dark contrast and accent bypass,REVIEW_REQUIRED
TOK-00366,static-color,border-zinc-200,apps/frontend/src/app/(dashboard)/it-inventory/page.tsx,144,Review light/dark contrast and accent bypass,REVIEW_REQUIRED
TOK-00367,static-color,border-zinc-800,apps/frontend/src/app/(dashboard)/it-inventory/page.tsx,144,Review light/dark contrast and accent bypass,REVIEW_REQUIRED
TOK-00368,static-color,bg-white,apps/frontend/src/app/(dashboard)/it-inventory/page.tsx,144,Review light/dark contrast and accent bypass,REVIEW_REQUIRED
TOK-00369,static-color,bg-zinc-900,apps/frontend/src/app/(dashboard)/it-inventory/page.tsx,144,Review light/dark contrast and accent bypass,REVIEW_REQUIRED
TOK-00370,static-color,bg-zinc-100,apps/frontend/src/app/(dashboard)/it-inventory/page.tsx,152,Review light/dark contrast and accent bypass,REVIEW_REQUIRED
TOK-00371,static-color,bg-zinc-800,apps/frontend/src/app/(dashboard)/it-inventory/page.tsx,152,Review light/dark contrast and accent bypass,REVIEW_REQUIRED
TOK-00372,static-color,text-zinc-600,apps/frontend/src/app/(dashboard)/it-inventory/page.tsx,152,Review light/dark contrast and accent bypass,REVIEW_REQUIRED
TOK-00373,static-color,text-zinc-400,apps/frontend/src/app/(dashboard)/it-inventory/page.tsx,152,Review light/dark contrast and accent bypass,REVIEW_REQUIRED
TOK-00374,static-color,text-zinc-400,apps/frontend/src/app/(dashboard)/it-inventory/page.tsx,156,Review light/dark contrast and accent bypass,REVIEW_REQUIRED
TOK-00375,static-color,bg-zinc-100,apps/frontend/src/app/(dashboard)/it-inventory/page.tsx,161,Review light/dark contrast and accent bypass,REVIEW_REQUIRED
TOK-00376,static-color,bg-zinc-800,apps/frontend/src/app/(dashboard)/it-inventory/page.tsx,161,Review light/dark contrast and accent bypass,REVIEW_REQUIRED
TOK-00377,static-color,text-zinc-400,apps/frontend/src/app/(dashboard)/it-inventory/page.tsx,161,Review light/dark contrast and accent bypass,REVIEW_REQUIRED
TOK-00378,static-color,text-amber-500,apps/frontend/src/app/(dashboard)/it-inventory/page.tsx,161,Review light/dark contrast and accent bypass,REVIEW_REQUIRED
TOK-00379,static-color,bg-zinc-100,apps/frontend/src/app/(dashboard)/it-inventory/page.tsx,164,Review light/dark contrast and accent bypass,REVIEW_REQUIRED
TOK-00380,static-color,bg-zinc-800,apps/frontend/src/app/(dashboard)/it-inventory/page.tsx,164,Review light/dark contrast and accent bypass,REVIEW_REQUIRED
TOK-00381,static-color,text-zinc-400,apps/frontend/src/app/(dashboard)/it-inventory/page.tsx,164,Review light/dark contrast and accent bypass,REVIEW_REQUIRED
TOK-00382,static-color,text-red-500,apps/frontend/src/app/(dashboard)/it-inventory/page.tsx,164,Review light/dark contrast and accent bypass,REVIEW_REQUIRED
TOK-00383,static-color,text-zinc-500,apps/frontend/src/app/(dashboard)/it-inventory/page.tsx,170,Review light/dark contrast and accent bypass,REVIEW_REQUIRED
TOK-00384,static-color,text-zinc-400,apps/frontend/src/app/(dashboard)/it-inventory/page.tsx,170,Review light/dark contrast and accent bypass,REVIEW_REQUIRED
TOK-00385,static-color,text-zinc-400,apps/frontend/src/app/(dashboard)/it-inventory/page.tsx,174,Review light/dark contrast and accent bypass,REVIEW_REQUIRED
TOK-00386,static-color,text-zinc-400,apps/frontend/src/app/(dashboard)/it-inventory/page.tsx,178,Review light/dark contrast and accent bypass,REVIEW_REQUIRED
TOK-00387,static-color,border-zinc-200,apps/frontend/src/app/(dashboard)/it-inventory/page.tsx,191,Review light/dark contrast and accent bypass,REVIEW_REQUIRED
TOK-00388,static-color,border-zinc-800,apps/frontend/src/app/(dashboard)/it-inventory/page.tsx,191,Review light/dark contrast and accent bypass,REVIEW_REQUIRED
TOK-00389,static-color,bg-white,apps/frontend/src/app/(dashboard)/it-inventory/page.tsx,191,Review light/dark contrast and accent bypass,REVIEW_REQUIRED
TOK-00390,static-color,bg-zinc-900,apps/frontend/src/app/(dashboard)/it-inventory/page.tsx,191,Review light/dark contrast and accent bypass,REVIEW_REQUIRED
TOK-00391,static-color,border-zinc-200,apps/frontend/src/app/(dashboard)/it-inventory/page.tsx,192,Review light/dark contrast and accent bypass,REVIEW_REQUIRED
TOK-00392,static-color,border-zinc-800,apps/frontend/src/app/(dashboard)/it-inventory/page.tsx,192,Review light/dark contrast and accent bypass,REVIEW_REQUIRED
TOK-00393,static-color,text-amber-500,apps/frontend/src/app/(dashboard)/it-inventory/page.tsx,194,Review light/dark contrast and accent bypass,REVIEW_REQUIRED
TOK-00394,static-color,text-zinc-400,apps/frontend/src/app/(dashboard)/it-inventory/page.tsx,200,Review light/dark contrast and accent bypass,REVIEW_REQUIRED
TOK-00395,static-color,bg-zinc-50,apps/frontend/src/app/(dashboard)/it-inventory/page.tsx,206,Review light/dark contrast and accent bypass,REVIEW_REQUIRED
TOK-00396,static-color,bg-zinc-800/50,apps/frontend/src/app/(dashboard)/it-inventory/page.tsx,206,Review light/dark contrast and accent bypass,REVIEW_REQUIRED
TOK-00397,static-color,text-zinc-400,apps/frontend/src/app/(dashboard)/it-inventory/page.tsx,210,Review light/dark contrast and accent bypass,REVIEW_REQUIRED
TOK-00398,static-color,text-zinc-500,apps/frontend/src/app/(dashboard)/it-inventory/page.tsx,212,Review light/dark contrast and accent bypass,REVIEW_REQUIRED
TOK-00399,static-color,bg-zinc-200,apps/frontend/src/app/(dashboard)/it-inventory/page.tsx,214,Review light/dark contrast and accent bypass,REVIEW_REQUIRED
TOK-00400,static-color,bg-zinc-700,apps/frontend/src/app/(dashboard)/it-inventory/page.tsx,214,Review light/dark contrast and accent bypass,REVIEW_REQUIRED
TOK-00401,static-color,text-zinc-400,apps/frontend/src/app/(dashboard)/it-inventory/page.tsx,214,Review light/dark contrast and accent bypass,REVIEW_REQUIRED
TOK-00402,static-color,text-amber-500,apps/frontend/src/app/(dashboard)/it-inventory/page.tsx,214,Review light/dark contrast and accent bypass,REVIEW_REQUIRED
TOK-00403,static-color,bg-zinc-200,apps/frontend/src/app/(dashboard)/it-inventory/page.tsx,217,Review light/dark contrast and accent bypass,REVIEW_REQUIRED
TOK-00404,static-color,bg-zinc-700,apps/frontend/src/app/(dashboard)/it-inventory/page.tsx,217,Review light/dark contrast and accent bypass,REVIEW_REQUIRED
TOK-00405,static-color,text-zinc-400,apps/frontend/src/app/(dashboard)/it-inventory/page.tsx,217,Review light/dark contrast and accent bypass,REVIEW_REQUIRED
TOK-00406,static-color,text-red-500,apps/frontend/src/app/(dashboard)/it-inventory/page.tsx,217,Review light/dark contrast and accent bypass,REVIEW_REQUIRED
TOK-00407,static-color,text-zinc-400,apps/frontend/src/app/(dashboard)/it-inventory/page.tsx,256,Review light/dark contrast and accent bypass,REVIEW_REQUIRED
TOK-00408,static-color,text-zinc-500,apps/frontend/src/app/(dashboard)/it-inventory/page.tsx,279,Review light/dark contrast and accent bypass,REVIEW_REQUIRED
TOK-00409,static-color,text-zinc-400,apps/frontend/src/app/(dashboard)/it-inventory/page.tsx,279,Review light/dark contrast and accent bypass,REVIEW_REQUIRED
TOK-00410,static-color,bg-amber-600,apps/frontend/src/app/(dashboard)/it-inventory/page.tsx,285,Review light/dark contrast and accent bypass,REVIEW_REQUIRED
TOK-00411,static-color,bg-amber-700,apps/frontend/src/app/(dashboard)/it-inventory/page.tsx,285,Review light/dark contrast and accent bypass,REVIEW_REQUIRED
TOK-00412,static-color,text-white,apps/frontend/src/app/(dashboard)/it-inventory/page.tsx,285,Review light/dark contrast and accent bypass,REVIEW_REQUIRED
TOK-00413,static-color,text-zinc-400,apps/frontend/src/app/(dashboard)/it-inventory/page.tsx,294,Review light/dark contrast and accent bypass,REVIEW_REQUIRED
TOK-00414,static-color,border-zinc-300,apps/frontend/src/app/(dashboard)/it-inventory/page.tsx,296,Review light/dark contrast and accent bypass,REVIEW_REQUIRED
TOK-00415,static-color,border-zinc-700,apps/frontend/src/app/(dashboard)/it-inventory/page.tsx,296,Review light/dark contrast and accent bypass,REVIEW_REQUIRED
TOK-00416,static-color,ring-amber-500,apps/frontend/src/app/(dashboard)/it-inventory/page.tsx,296,Review light/dark contrast and accent bypass,REVIEW_REQUIRED
TOK-00417,static-color,border-zinc-300,apps/frontend/src/app/(dashboard)/it-inventory/page.tsx,301,Review light/dark contrast and accent bypass,REVIEW_REQUIRED
TOK-00418,static-color,border-zinc-700,apps/frontend/src/app/(dashboard)/it-inventory/page.tsx,301,Review light/dark contrast and accent bypass,REVIEW_REQUIRED
TOK-00419,static-color,bg-amber-600,apps/frontend/src/app/(dashboard)/it-inventory/page.tsx,304,Review light/dark contrast and accent bypass,REVIEW_REQUIRED
TOK-00420,static-color,text-white,apps/frontend/src/app/(dashboard)/it-inventory/page.tsx,304,Review light/dark contrast and accent bypass,REVIEW_REQUIRED
TOK-00421,static-color,text-zinc-500,apps/frontend/src/app/(dashboard)/it-inventory/page.tsx,304,Review light/dark contrast and accent bypass,REVIEW_REQUIRED
TOK-00422,static-color,text-zinc-800,apps/frontend/src/app/(dashboard)/it-inventory/page.tsx,304,Review light/dark contrast and accent bypass,REVIEW_REQUIRED
TOK-00423,static-color,text-zinc-200,apps/frontend/src/app/(dashboard)/it-inventory/page.tsx,304,Review light/dark contrast and accent bypass,REVIEW_REQUIRED
TOK-00424,static-color,bg-amber-600,apps/frontend/src/app/(dashboard)/it-inventory/page.tsx,310,Review light/dark contrast and accent bypass,REVIEW_REQUIRED
TOK-00425,static-color,text-white,apps/frontend/src/app/(dashboard)/it-inventory/page.tsx,310,Review light/dark contrast and accent bypass,REVIEW_REQUIRED
TOK-00426,static-color,text-zinc-500,apps/frontend/src/app/(dashboard)/it-inventory/page.tsx,310,Review light/dark contrast and accent bypass,REVIEW_REQUIRED
TOK-00427,static-color,text-zinc-800,apps/frontend/src/app/(dashboard)/it-inventory/page.tsx,310,Review light/dark contrast and accent bypass,REVIEW_REQUIRED
TOK-00428,static-color,text-zinc-200,apps/frontend/src/app/(dashboard)/it-inventory/page.tsx,310,Review light/dark contrast and accent bypass,REVIEW_REQUIRED
TOK-00429,static-color,bg-zinc-100,apps/frontend/src/app/(dashboard)/it-inventory/page.tsx,324,Review light/dark contrast and accent bypass,REVIEW_REQUIRED
TOK-00430,static-color,bg-zinc-800,apps/frontend/src/app/(dashboard)/it-inventory/page.tsx,324,Review light/dark contrast and accent bypass,REVIEW_REQUIRED
TOK-00431,static-color,text-zinc-400,apps/frontend/src/app/(dashboard)/it-inventory/page.tsx,327,Review light/dark contrast and accent bypass,REVIEW_REQUIRED
TOK-00432,static-color,border-zinc-200,apps/frontend/src/app/(dashboard)/it-inventory/page.tsx,337,Review light/dark contrast and accent bypass,REVIEW_REQUIRED
TOK-00433,static-color,border-zinc-800,apps/frontend/src/app/(dashboard)/it-inventory/page.tsx,337,Review light/dark contrast and accent bypass,REVIEW_REQUIRED
TOK-00434,static-color,bg-white,apps/frontend/src/app/(dashboard)/it-inventory/page.tsx,337,Review light/dark contrast and accent bypass,REVIEW_REQUIRED
TOK-00435,static-color,bg-zinc-900,apps/frontend/src/app/(dashboard)/it-inventory/page.tsx,337,Review light/dark contrast and accent bypass,REVIEW_REQUIRED
TOK-00436,static-color,bg-zinc-200,apps/frontend/src/app/(dashboard)/it-inventory/page.tsx,339,Review light/dark contrast and accent bypass,REVIEW_REQUIRED
TOK-00437,static-color,bg-zinc-800,apps/frontend/src/app/(dashboard)/it-inventory/page.tsx,339,Review light/dark contrast and accent bypass,REVIEW_REQUIRED
TOK-00438,static-color,bg-zinc-200,apps/frontend/src/app/(dashboard)/it-inventory/page.tsx,341,Review light/dark contrast and accent bypass,REVIEW_REQUIRED
TOK-00439,static-color,bg-zinc-800,apps/frontend/src/app/(dashboard)/it-inventory/page.tsx,341,Review light/dark contrast and accent bypass,REVIEW_REQUIRED
TOK-00440,static-color,bg-zinc-200,apps/frontend/src/app/(dashboard)/it-inventory/page.tsx,342,Review light/dark contrast and accent bypass,REVIEW_REQUIRED
TOK-00441,static-color,bg-zinc-800,apps/frontend/src/app/(dashboard)/it-inventory/page.tsx,342,Review light/dark contrast and accent bypass,REVIEW_REQUIRED
TOK-00442,static-color,text-zinc-400,apps/frontend/src/app/(dashboard)/it-inventory/page.tsx,349,Review light/dark contrast and accent bypass,REVIEW_REQUIRED
TOK-00443,static-color,bg-amber-600,apps/frontend/src/app/(dashboard)/it-inventory/page.tsx,356,Review light/dark contrast and accent bypass,REVIEW_REQUIRED
TOK-00444,static-color,bg-amber-700,apps/frontend/src/app/(dashboard)/it-inventory/page.tsx,356,Review light/dark contrast and accent bypass,REVIEW_REQUIRED
TOK-00445,static-color,text-white,apps/frontend/src/app/(dashboard)/it-inventory/page.tsx,356,Review light/dark contrast and accent bypass,REVIEW_REQUIRED
TOK-00446,static-color,border-red-400/30,apps/frontend/src/app/(dashboard)/jellyfin/browse/page.tsx,154,Review light/dark contrast and accent bypass,REVIEW_REQUIRED
TOK-00447,static-color,text-blue-400,apps/frontend/src/app/(dashboard)/jellyfin/browse/page.tsx,227,Review light/dark contrast and accent bypass,REVIEW_REQUIRED
TOK-00448,semantic-token,text-fg,apps/frontend/src/app/(dashboard)/jellyfin/browse/page.tsx,127,Preferred semantic design-system token,CODE_CONFIRMED
TOK-00449,semantic-token,bg-brand-500/15,apps/frontend/src/app/(dashboard)/jellyfin/browse/page.tsx,147,Preferred semantic design-system token,CODE_CONFIRMED
TOK-00450,semantic-token,text-brand-400,apps/frontend/src/app/(dashboard)/jellyfin/browse/page.tsx,147,Preferred semantic design-system token,CODE_CONFIRMED
TOK-00451,semantic-token,border-brand-500/30,apps/frontend/src/app/(dashboard)/jellyfin/browse/page.tsx,147,Preferred semantic design-system token,CODE_CONFIRMED
TOK-00452,semantic-token,bg-bg,apps/frontend/src/app/(dashboard)/jellyfin/browse/page.tsx,147,Preferred semantic design-system token,CODE_CONFIRMED
TOK-00453,semantic-token,text-fg,apps/frontend/src/app/(dashboard)/jellyfin/browse/page.tsx,147,Preferred semantic design-system token,CODE_CONFIRMED
TOK-00454,semantic-token,border-border,apps/frontend/src/app/(dashboard)/jellyfin/browse/page.tsx,147,Preferred semantic design-system token,CODE_CONFIRMED
TOK-00455,semantic-token,border-brand-500/30,apps/frontend/src/app/(dashboard)/jellyfin/browse/page.tsx,147,Preferred semantic design-system token,CODE_CONFIRMED
TOK-00456,semantic-token,bg-bg,apps/frontend/src/app/(dashboard)/jellyfin/browse/page.tsx,154,Preferred semantic design-system token,CODE_CONFIRMED
TOK-00457,semantic-token,border-border,apps/frontend/src/app/(dashboard)/jellyfin/browse/page.tsx,154,Preferred semantic design-system token,CODE_CONFIRMED
TOK-00458,semantic-token,text-fg,apps/frontend/src/app/(dashboard)/jellyfin/browse/page.tsx,154,Preferred semantic design-system token,CODE_CONFIRMED
TOK-00459,semantic-token,text-fg,apps/frontend/src/app/(dashboard)/jellyfin/browse/page.tsx,154,Preferred semantic design-system token,CODE_CONFIRMED
TOK-00460,semantic-token,bg-bg,apps/frontend/src/app/(dashboard)/jellyfin/browse/page.tsx,161,Preferred semantic design-system token,CODE_CONFIRMED
TOK-00461,semantic-token,border-border,apps/frontend/src/app/(dashboard)/jellyfin/browse/page.tsx,161,Preferred semantic design-system token,CODE_CONFIRMED
TOK-00462,semantic-token,text-fg,apps/frontend/src/app/(dashboard)/jellyfin/browse/page.tsx,161,Preferred semantic design-system token,CODE_CONFIRMED
TOK-00463,semantic-token,text-fg,apps/frontend/src/app/(dashboard)/jellyfin/browse/page.tsx,161,Preferred semantic design-system token,CODE_CONFIRMED
TOK-00464,semantic-token,bg-bg,apps/frontend/src/app/(dashboard)/jellyfin/browse/page.tsx,168,Preferred semantic design-system token,CODE_CONFIRMED
TOK-00465,semantic-token,border-border,apps/frontend/src/app/(dashboard)/jellyfin/browse/page.tsx,168,Preferred semantic design-system token,CODE_CONFIRMED
TOK-00466,semantic-token,text-fg,apps/frontend/src/app/(dashboard)/jellyfin/browse/page.tsx,168,Preferred semantic design-system token,CODE_CONFIRMED
TOK-00467,semantic-token,text-fg,apps/frontend/src/app/(dashboard)/jellyfin/browse/page.tsx,168,Preferred semantic design-system token,CODE_CONFIRMED
TOK-00468,semantic-token,border-brand-500/30,apps/frontend/src/app/(dashboard)/jellyfin/browse/page.tsx,168,Preferred semantic design-system token,CODE_CONFIRMED
TOK-00469,semantic-token,bg-bg,apps/frontend/src/app/(dashboard)/jellyfin/browse/page.tsx,175,Preferred semantic design-system token,CODE_CONFIRMED
TOK-00470,semantic-token,border-border,apps/frontend/src/app/(dashboard)/jellyfin/browse/page.tsx,175,Preferred semantic design-system token,CODE_CONFIRMED
TOK-00471,semantic-token,text-fg,apps/frontend/src/app/(dashboard)/jellyfin/browse/page.tsx,175,Preferred semantic design-system token,CODE_CONFIRMED
TOK-00472,semantic-token,text-fg,apps/frontend/src/app/(dashboard)/jellyfin/browse/page.tsx,175,Preferred semantic design-system token,CODE_CONFIRMED
TOK-00473,semantic-token,border-brand-500/30,apps/frontend/src/app/(dashboard)/jellyfin/browse/page.tsx,175,Preferred semantic design-system token,CODE_CONFIRMED
TOK-00474,semantic-token,text-fg,apps/frontend/src/app/(dashboard)/jellyfin/browse/page.tsx,230,Preferred semantic design-system token,CODE_CONFIRMED
TOK-00475,semantic-token,text-fg,apps/frontend/src/app/(dashboard)/jellyfin/browse/page.tsx,236,Preferred semantic design-system token,CODE_CONFIRMED
TOK-00476,semantic-token,border-border,apps/frontend/src/app/(dashboard)/jellyfin/browse/page.tsx,241,Preferred semantic design-system token,CODE_CONFIRMED
TOK-00477,semantic-token,bg-bg,apps/frontend/src/app/(dashboard)/jellyfin/browse/page.tsx,241,Preferred semantic design-system token,CODE_CONFIRMED
TOK-00478,semantic-token,text-fg,apps/frontend/src/app/(dashboard)/jellyfin/browse/page.tsx,241,Preferred semantic design-system token,CODE_CONFIRMED
TOK-00479,semantic-token,border-brand-500/50,apps/frontend/src/app/(dashboard)/jellyfin/browse/page.tsx,241,Preferred semantic design-system token,CODE_CONFIRMED
TOK-00480,semantic-token,text-fg,apps/frontend/src/app/(dashboard)/jellyfin/browse/page.tsx,245,Preferred semantic design-system token,CODE_CONFIRMED
TOK-00481,semantic-token,border-border,apps/frontend/src/app/(dashboard)/jellyfin/browse/page.tsx,253,Preferred semantic design-system token,CODE_CONFIRMED
TOK-00482,semantic-token,bg-bg,apps/frontend/src/app/(dashboard)/jellyfin/browse/page.tsx,253,Preferred semantic design-system token,CODE_CONFIRMED
TOK-00483,semantic-token,bg-brand-500/15,apps/frontend/src/app/(dashboard)/jellyfin/browse/page.tsx,257,Preferred semantic design-system token,CODE_CONFIRMED
TOK-00484,semantic-token,text-brand-400,apps/frontend/src/app/(dashboard)/jellyfin/browse/page.tsx,257,Preferred semantic design-system token,CODE_CONFIRMED
TOK-00485,semantic-token,text-fg,apps/frontend/src/app/(dashboard)/jellyfin/browse/page.tsx,257,Preferred semantic design-system token,CODE_CONFIRMED
TOK-00486,semantic-token,text-fg,apps/frontend/src/app/(dashboard)/jellyfin/browse/page.tsx,257,Preferred semantic design-system token,CODE_CONFIRMED
TOK-00487,semantic-token,border-border,apps/frontend/src/app/(dashboard)/jellyfin/browse/page.tsx,269,Preferred semantic design-system token,CODE_CONFIRMED
TOK-00488,semantic-token,bg-bg,apps/frontend/src/app/(dashboard)/jellyfin/browse/page.tsx,269,Preferred semantic design-system token,CODE_CONFIRMED
TOK-00489,semantic-token,text-fg,apps/frontend/src/app/(dashboard)/jellyfin/browse/page.tsx,269,Preferred semantic design-system token,CODE_CONFIRMED
TOK-00490,semantic-token,text-fg,apps/frontend/src/app/(dashboard)/jellyfin/browse/page.tsx,269,Preferred semantic design-system token,CODE_CONFIRMED
TOK-00491,semantic-token,border-brand-500/50,apps/frontend/src/app/(dashboard)/jellyfin/browse/page.tsx,269,Preferred semantic design-system token,CODE_CONFIRMED
TOK-00492,semantic-token,text-fg,apps/frontend/src/app/(dashboard)/jellyfin/browse/page.tsx,280,Preferred semantic design-system token,CODE_CONFIRMED
TOK-00493,semantic-token,bg-brand-500/15,apps/frontend/src/app/(dashboard)/jellyfin/browse/page.tsx,284,Preferred semantic design-system token,CODE_CONFIRMED
TOK-00494,semantic-token,text-brand-400,apps/frontend/src/app/(dashboard)/jellyfin/browse/page.tsx,284,Preferred semantic design-system token,CODE_CONFIRMED
TOK-00495,semantic-token,border-brand-500/30,apps/frontend/src/app/(dashboard)/jellyfin/browse/page.tsx,284,Preferred semantic design-system token,CODE_CONFIRMED
TOK-00496,semantic-token,bg-bg,apps/frontend/src/app/(dashboard)/jellyfin/browse/page.tsx,284,Preferred semantic design-system token,CODE_CONFIRMED
TOK-00497,semantic-token,text-fg,apps/frontend/src/app/(dashboard)/jellyfin/browse/page.tsx,284,Preferred semantic design-system token,CODE_CONFIRMED
TOK-00498,semantic-token,border-border,apps/frontend/src/app/(dashboard)/jellyfin/browse/page.tsx,284,Preferred semantic design-system token,CODE_CONFIRMED
TOK-00499,semantic-token,border-brand-500/30,apps/frontend/src/app/(dashboard)/jellyfin/browse/page.tsx,284,Preferred semantic design-system token,CODE_CONFIRMED
TOK-00500,semantic-token,bg-brand-500/15,apps/frontend/src/app/(dashboard)/jellyfin/browse/page.tsx,290,Preferred semantic design-system token,CODE_CONFIRMED
TOK-00501,semantic-token,text-brand-400,apps/frontend/src/app/(dashboard)/jellyfin/browse/page.tsx,290,Preferred semantic design-system token,CODE_CONFIRMED
TOK-00502,semantic-token,border-brand-500/30,apps/frontend/src/app/(dashboard)/jellyfin/browse/page.tsx,290,Preferred semantic design-system token,CODE_CONFIRMED
TOK-00503,semantic-token,bg-bg,apps/frontend/src/app/(dashboard)/jellyfin/browse/page.tsx,290,Preferred semantic design-system token,CODE_CONFIRMED
TOK-00504,semantic-token,text-fg,apps/frontend/src/app/(dashboard)/jellyfin/browse/page.tsx,290,Preferred semantic design-system token,CODE_CONFIRMED
TOK-00505,semantic-token,border-border,apps/frontend/src/app/(dashboard)/jellyfin/browse/page.tsx,290,Preferred semantic design-system token,CODE_CONFIRMED
TOK-00506,semantic-token,border-brand-500/30,apps/frontend/src/app/(dashboard)/jellyfin/browse/page.tsx,290,Preferred semantic design-system token,CODE_CONFIRMED
TOK-00507,semantic-token,text-fg,apps/frontend/src/app/(dashboard)/jellyfin/browse/page.tsx,301,Preferred semantic design-system token,CODE_CONFIRMED
TOK-00508,static-color,text-amber-400,apps/frontend/src/app/(dashboard)/jellyfin/collections/[id]/page.tsx,65,Review light/dark contrast and accent bypass,REVIEW_REQUIRED
TOK-00509,semantic-token,text-fg,apps/frontend/src/app/(dashboard)/jellyfin/collections/[id]/page.tsx,47,Preferred semantic design-system token,CODE_CONFIRMED
TOK-00510,semantic-token,border-border,apps/frontend/src/app/(dashboard)/jellyfin/collections/[id]/page.tsx,59,Preferred semantic design-system token,CODE_CONFIRMED
TOK-00511,semantic-token,text-fg,apps/frontend/src/app/(dashboard)/jellyfin/collections/[id]/page.tsx,59,Preferred semantic design-system token,CODE_CONFIRMED
TOK-00512,semantic-token,text-fg,apps/frontend/src/app/(dashboard)/jellyfin/collections/[id]/page.tsx,59,Preferred semantic design-system token,CODE_CONFIRMED
TOK-00513,semantic-token,text-fg,apps/frontend/src/app/(dashboard)/jellyfin/collections/[id]/page.tsx,71,Preferred semantic design-system token,CODE_CONFIRMED
TOK-00514,semantic-token,text-fg,apps/frontend/src/app/(dashboard)/jellyfin/collections/[id]/page.tsx,79,Preferred semantic design-system token,CODE_CONFIRMED
TOK-00515,semantic-token,text-fg,apps/frontend/src/app/(dashboard)/jellyfin/collections/[id]/page.tsx,85,Preferred semantic design-system token,CODE_CONFIRMED
TOK-00516,semantic-token,border-border,apps/frontend/src/app/(dashboard)/jellyfin/collections/[id]/page.tsx,105,Preferred semantic design-system token,CODE_CONFIRMED
TOK-00517,semantic-token,text-fg,apps/frontend/src/app/(dashboard)/jellyfin/collections/[id]/page.tsx,106,Preferred semantic design-system token,CODE_CONFIRMED
TOK-00518,semantic-token,text-fg,apps/frontend/src/app/(dashboard)/jellyfin/collections/[id]/page.tsx,108,Preferred semantic design-system token,CODE_CONFIRMED
TOK-00519,static-color,text-amber-400,apps/frontend/src/app/(dashboard)/jellyfin/collections/page.tsx,73,Review light/dark contrast and accent bypass,REVIEW_REQUIRED
TOK-00520,semantic-token,text-fg,apps/frontend/src/app/(dashboard)/jellyfin/collections/page.tsx,55,Preferred semantic design-system token,CODE_CONFIRMED
TOK-00521,semantic-token,border-border,apps/frontend/src/app/(dashboard)/jellyfin/collections/page.tsx,67,Preferred semantic design-system token,CODE_CONFIRMED
TOK-00522,semantic-token,text-fg,apps/frontend/src/app/(dashboard)/jellyfin/collections/page.tsx,67,Preferred semantic design-system token,CODE_CONFIRMED
TOK-00523,semantic-token,text-fg,apps/frontend/src/app/(dashboard)/jellyfin/collections/page.tsx,67,Preferred semantic design-system token,CODE_CONFIRMED
TOK-00524,semantic-token,border-border,apps/frontend/src/app/(dashboard)/jellyfin/collections/page.tsx,79,Preferred semantic design-system token,CODE_CONFIRMED
TOK-00525,semantic-token,text-fg,apps/frontend/src/app/(dashboard)/jellyfin/collections/page.tsx,80,Preferred semantic design-system token,CODE_CONFIRMED
TOK-00526,semantic-token,text-fg,apps/frontend/src/app/(dashboard)/jellyfin/collections/page.tsx,82,Preferred semantic design-system token,CODE_CONFIRMED
TOK-00527,static-color,text-red-400,apps/frontend/src/app/(dashboard)/jellyfin/favorites/page.tsx,52,Review light/dark contrast and accent bypass,REVIEW_REQUIRED
TOK-00528,semantic-token,text-fg,apps/frontend/src/app/(dashboard)/jellyfin/favorites/page.tsx,33,Preferred semantic design-system token,CODE_CONFIRMED
TOK-00529,semantic-token,border-border,apps/frontend/src/app/(dashboard)/jellyfin/favorites/page.tsx,46,Preferred semantic design-system token,CODE_CONFIRMED
TOK-00530,semantic-token,text-fg,apps/frontend/src/app/(dashboard)/jellyfin/favorites/page.tsx,46,Preferred semantic design-system token,CODE_CONFIRMED
TOK-00531,semantic-token,text-fg,apps/frontend/src/app/(dashboard)/jellyfin/favorites/page.tsx,46,Preferred semantic design-system token,CODE_CONFIRMED
TOK-00532,semantic-token,text-fg,apps/frontend/src/app/(dashboard)/jellyfin/favorites/page.tsx,55,Preferred semantic design-system token,CODE_CONFIRMED
TOK-00533,semantic-token,text-fg,apps/frontend/src/app/(dashboard)/jellyfin/favorites/page.tsx,63,Preferred semantic design-system token,CODE_CONFIRMED
TOK-00534,semantic-token,border-border,apps/frontend/src/app/(dashboard)/jellyfin/favorites/page.tsx,69,Preferred semantic design-system token,CODE_CONFIRMED
TOK-00535,semantic-token,text-fg,apps/frontend/src/app/(dashboard)/jellyfin/favorites/page.tsx,70,Preferred semantic design-system token,CODE_CONFIRMED
TOK-00536,semantic-token,text-fg,apps/frontend/src/app/(dashboard)/jellyfin/favorites/page.tsx,72,Preferred semantic design-system token,CODE_CONFIRMED
TOK-00537,static-color,text-green-400,apps/frontend/src/app/(dashboard)/jellyfin/movies/[id]/page.tsx,156,Review light/dark contrast and accent bypass,REVIEW_REQUIRED
TOK-00538,semantic-token,text-fg,apps/frontend/src/app/(dashboard)/jellyfin/movies/[id]/page.tsx,90,Preferred semantic design-system token,CODE_CONFIRMED
TOK-00539,semantic-token,bg-bg,apps/frontend/src/app/(dashboard)/jellyfin/movies/[id]/page.tsx,101,Preferred semantic design-system token,CODE_CONFIRMED
TOK-00540,semantic-token,bg-bg,apps/frontend/src/app/(dashboard)/jellyfin/movies/[id]/page.tsx,103,Preferred semantic design-system token,CODE_CONFIRMED
TOK-00541,semantic-token,bg-bg,apps/frontend/src/app/(dashboard)/jellyfin/movies/[id]/page.tsx,104,Preferred semantic design-system token,CODE_CONFIRMED
TOK-00542,semantic-token,bg-bg,apps/frontend/src/app/(dashboard)/jellyfin/movies/[id]/page.tsx,105,Preferred semantic design-system token,CODE_CONFIRMED
TOK-00543,semantic-token,text-danger,apps/frontend/src/app/(dashboard)/jellyfin/movies/[id]/page.tsx,116,Preferred semantic design-system token,CODE_CONFIRMED
TOK-00544,semantic-token,text-fg,apps/frontend/src/app/(dashboard)/jellyfin/movies/[id]/page.tsx,117,Preferred semantic design-system token,CODE_CONFIRMED
TOK-00545,semantic-token,text-brand-400,apps/frontend/src/app/(dashboard)/jellyfin/movies/[id]/page.tsx,120,Preferred semantic design-system token,CODE_CONFIRMED
TOK-00546,semantic-token,text-fg,apps/frontend/src/app/(dashboard)/jellyfin/movies/[id]/page.tsx,153,Preferred semantic design-system token,CODE_CONFIRMED
TOK-00547,semantic-token,text-fg,apps/frontend/src/app/(dashboard)/jellyfin/movies/[id]/page.tsx,153,Preferred semantic design-system token,CODE_CONFIRMED
TOK-00548,semantic-token,text-fg,apps/frontend/src/app/(dashboard)/jellyfin/movies/[id]/page.tsx,168,Preferred semantic design-system token,CODE_CONFIRMED
TOK-00549,semantic-token,text-fg,apps/frontend/src/app/(dashboard)/jellyfin/movies/[id]/page.tsx,177,Preferred semantic design-system token,CODE_CONFIRMED
TOK-00550,semantic-token,text-fg,apps/frontend/src/app/(dashboard)/jellyfin/movies/[id]/page.tsx,177,Preferred semantic design-system token,CODE_CONFIRMED
TOK-00551,semantic-token,text-fg,apps/frontend/src/app/(dashboard)/jellyfin/movies/[id]/page.tsx,187,Preferred semantic design-system token,CODE_CONFIRMED
TOK-00552,semantic-token,text-fg,apps/frontend/src/app/(dashboard)/jellyfin/movies/[id]/page.tsx,193,Preferred semantic design-system token,CODE_CONFIRMED
TOK-00553,semantic-token,text-fg,apps/frontend/src/app/(dashboard)/jellyfin/movies/[id]/page.tsx,199,Preferred semantic design-system token,CODE_CONFIRMED
TOK-00554,semantic-token,text-fg,apps/frontend/src/app/(dashboard)/jellyfin/movies/[id]/page.tsx,205,Preferred semantic design-system token,CODE_CONFIRMED
TOK-00555,semantic-token,text-fg,apps/frontend/src/app/(dashboard)/jellyfin/movies/[id]/page.tsx,211,Preferred semantic design-system token,CODE_CONFIRMED
TOK-00556,static-color,text-blue-400,apps/frontend/src/app/(dashboard)/jellyfin/movies/page.tsx,111,Review light/dark contrast and accent bypass,REVIEW_REQUIRED
TOK-00557,semantic-token,text-fg,apps/frontend/src/app/(dashboard)/jellyfin/movies/page.tsx,92,Preferred semantic design-system token,CODE_CONFIRMED
TOK-00558,semantic-token,border-border,apps/frontend/src/app/(dashboard)/jellyfin/movies/page.tsx,104,Preferred semantic design-system token,CODE_CONFIRMED
TOK-00559,semantic-token,text-fg,apps/frontend/src/app/(dashboard)/jellyfin/movies/page.tsx,104,Preferred semantic design-system token,CODE_CONFIRMED
TOK-00560,semantic-token,text-fg,apps/frontend/src/app/(dashboard)/jellyfin/movies/page.tsx,104,Preferred semantic design-system token,CODE_CONFIRMED
TOK-00561,semantic-token,text-fg,apps/frontend/src/app/(dashboard)/jellyfin/movies/page.tsx,114,Preferred semantic design-system token,CODE_CONFIRMED
TOK-00562,semantic-token,text-fg,apps/frontend/src/app/(dashboard)/jellyfin/movies/page.tsx,117,Preferred semantic design-system token,CODE_CONFIRMED
TOK-00563,semantic-token,text-fg,apps/frontend/src/app/(dashboard)/jellyfin/movies/page.tsx,122,Preferred semantic design-system token,CODE_CONFIRMED
TOK-00564,semantic-token,border-border,apps/frontend/src/app/(dashboard)/jellyfin/movies/page.tsx,128,Preferred semantic design-system token,CODE_CONFIRMED
TOK-00565,semantic-token,bg-bg,apps/frontend/src/app/(dashboard)/jellyfin/movies/page.tsx,128,Preferred semantic design-system token,CODE_CONFIRMED
TOK-00566,semantic-token,text-fg,apps/frontend/src/app/(dashboard)/jellyfin/movies/page.tsx,128,Preferred semantic design-system token,CODE_CONFIRMED
TOK-00567,semantic-token,border-brand-500/50,apps/frontend/src/app/(dashboard)/jellyfin/movies/page.tsx,128,Preferred semantic design-system token,CODE_CONFIRMED
TOK-00568,semantic-token,text-fg,apps/frontend/src/app/(dashboard)/jellyfin/movies/page.tsx,132,Preferred semantic design-system token,CODE_CONFIRMED
TOK-00569,semantic-token,text-fg,apps/frontend/src/app/(dashboard)/jellyfin/movies/page.tsx,141,Preferred semantic design-system token,CODE_CONFIRMED
TOK-00570,semantic-token,bg-brand-500/15,apps/frontend/src/app/(dashboard)/jellyfin/movies/page.tsx,148,Preferred semantic design-system token,CODE_CONFIRMED
TOK-00571,semantic-token,text-brand-400,apps/frontend/src/app/(dashboard)/jellyfin/movies/page.tsx,148,Preferred semantic design-system token,CODE_CONFIRMED
TOK-00572,semantic-token,border-brand-500/30,apps/frontend/src/app/(dashboard)/jellyfin/movies/page.tsx,148,Preferred semantic design-system token,CODE_CONFIRMED
TOK-00573,semantic-token,bg-bg,apps/frontend/src/app/(dashboard)/jellyfin/movies/page.tsx,149,Preferred semantic design-system token,CODE_CONFIRMED
TOK-00574,semantic-token,text-fg,apps/frontend/src/app/(dashboard)/jellyfin/movies/page.tsx,149,Preferred semantic design-system token,CODE_CONFIRMED
TOK-00575,semantic-token,border-border,apps/frontend/src/app/(dashboard)/jellyfin/movies/page.tsx,149,Preferred semantic design-system token,CODE_CONFIRMED
TOK-00576,semantic-token,border-brand-500/30,apps/frontend/src/app/(dashboard)/jellyfin/movies/page.tsx,149,Preferred semantic design-system token,CODE_CONFIRMED
TOK-00577,semantic-token,bg-brand-500/15,apps/frontend/src/app/(dashboard)/jellyfin/movies/page.tsx,161,Preferred semantic design-system token,CODE_CONFIRMED
TOK-00578,semantic-token,text-brand-400,apps/frontend/src/app/(dashboard)/jellyfin/movies/page.tsx,161,Preferred semantic design-system token,CODE_CONFIRMED
TOK-00579,semantic-token,border-brand-500/30,apps/frontend/src/app/(dashboard)/jellyfin/movies/page.tsx,161,Preferred semantic design-system token,CODE_CONFIRMED
TOK-00580,semantic-token,bg-bg,apps/frontend/src/app/(dashboard)/jellyfin/movies/page.tsx,162,Preferred semantic design-system token,CODE_CONFIRMED
TOK-00581,semantic-token,text-fg,apps/frontend/src/app/(dashboard)/jellyfin/movies/page.tsx,162,Preferred semantic design-system token,CODE_CONFIRMED
TOK-00582,semantic-token,border-border,apps/frontend/src/app/(dashboard)/jellyfin/movies/page.tsx,162,Preferred semantic design-system token,CODE_CONFIRMED
TOK-00583,semantic-token,border-brand-500/30,apps/frontend/src/app/(dashboard)/jellyfin/movies/page.tsx,162,Preferred semantic design-system token,CODE_CONFIRMED
TOK-00584,semantic-token,text-fg,apps/frontend/src/app/(dashboard)/jellyfin/movies/page.tsx,169,Preferred semantic design-system token,CODE_CONFIRMED
TOK-00585,semantic-token,border-danger/20,apps/frontend/src/app/(dashboard)/jellyfin/movies/page.tsx,177,Preferred semantic design-system token,CODE_CONFIRMED
TOK-00586,semantic-token,bg-danger/5,apps/frontend/src/app/(dashboard)/jellyfin/movies/page.tsx,177,Preferred semantic design-system token,CODE_CONFIRMED
TOK-00587,semantic-token,text-danger,apps/frontend/src/app/(dashboard)/jellyfin/movies/page.tsx,178,Preferred semantic design-system token,CODE_CONFIRMED
TOK-00588,semantic-token,text-fg,apps/frontend/src/app/(dashboard)/jellyfin/movies/page.tsx,179,Preferred semantic design-system token,CODE_CONFIRMED
TOK-00589,semantic-token,border-border,apps/frontend/src/app/(dashboard)/jellyfin/movies/page.tsx,185,Preferred semantic design-system token,CODE_CONFIRMED
TOK-00590,semantic-token,text-fg,apps/frontend/src/app/(dashboard)/jellyfin/movies/page.tsx,186,Preferred semantic design-system token,CODE_CONFIRMED
TOK-00591,semantic-token,text-fg,apps/frontend/src/app/(dashboard)/jellyfin/movies/page.tsx,188,Preferred semantic design-system token,CODE_CONFIRMED
TOK-00592,semantic-token,text-fg,apps/frontend/src/app/(dashboard)/jellyfin/movies/page.tsx,198,Preferred semantic design-system token,CODE_CONFIRMED
TOK-00593,static-color,text-black,apps/frontend/src/app/(dashboard)/jellyfin/music/album/[id]/page.tsx,228,Review light/dark contrast and accent bypass,REVIEW_REQUIRED
TOK-00594,static-color,text-black,apps/frontend/src/app/(dashboard)/jellyfin/music/artist/[id]/page.tsx,165,Review light/dark contrast and accent bypass,REVIEW_REQUIRED
TOK-00595,static-color,text-white,apps/frontend/src/app/(dashboard)/jellyfin/music/genre/[id]/page.tsx,142,Review light/dark contrast and accent bypass,REVIEW_REQUIRED
TOK-00596,static-color,text-black,apps/frontend/src/app/(dashboard)/jellyfin/music/genre/[id]/page.tsx,162,Review light/dark contrast and accent bypass,REVIEW_REQUIRED
TOK-00597,static-color,bg-blue-500/10,apps/frontend/src/app/(dashboard)/jellyfin/page.tsx,86,Review light/dark contrast and accent bypass,REVIEW_REQUIRED
TOK-00598,static-color,text-blue-400,apps/frontend/src/app/(dashboard)/jellyfin/page.tsx,86,Review light/dark contrast and accent bypass,REVIEW_REQUIRED
TOK-00599,static-color,border-blue-500/20,apps/frontend/src/app/(dashboard)/jellyfin/page.tsx,86,Review light/dark contrast and accent bypass,REVIEW_REQUIRED
TOK-00600,static-color,bg-green-500/10,apps/frontend/src/app/(dashboard)/jellyfin/page.tsx,92,Review light/dark contrast and accent bypass,REVIEW_REQUIRED
TOK-00601,static-color,text-green-400,apps/frontend/src/app/(dashboard)/jellyfin/page.tsx,92,Review light/dark contrast and accent bypass,REVIEW_REQUIRED
TOK-00602,static-color,border-green-500/20,apps/frontend/src/app/(dashboard)/jellyfin/page.tsx,92,Review light/dark contrast and accent bypass,REVIEW_REQUIRED
TOK-00603,static-color,bg-amber-500/10,apps/frontend/src/app/(dashboard)/jellyfin/page.tsx,95,Review light/dark contrast and accent bypass,REVIEW_REQUIRED
TOK-00604,static-color,text-amber-400,apps/frontend/src/app/(dashboard)/jellyfin/page.tsx,95,Review light/dark contrast and accent bypass,REVIEW_REQUIRED
TOK-00605,static-color,border-amber-500/20,apps/frontend/src/app/(dashboard)/jellyfin/page.tsx,95,Review light/dark contrast and accent bypass,REVIEW_REQUIRED
TOK-00606,static-color,border-green-500/30,apps/frontend/src/app/(dashboard)/jellyfin/page.tsx,330,Review light/dark contrast and accent bypass,REVIEW_REQUIRED
TOK-00607,static-color,from-green-950/40,apps/frontend/src/app/(dashboard)/jellyfin/page.tsx,330,Review light/dark contrast and accent bypass,REVIEW_REQUIRED
TOK-00608,static-color,border-green-500/50,apps/frontend/src/app/(dashboard)/jellyfin/page.tsx,330,Review light/dark contrast and accent bypass,REVIEW_REQUIRED
TOK-00609,static-color,border-blue-500/20,apps/frontend/src/app/(dashboard)/jellyfin/page.tsx,332,Review light/dark contrast and accent bypass,REVIEW_REQUIRED
TOK-00610,static-color,from-blue-950/30,apps/frontend/src/app/(dashboard)/jellyfin/page.tsx,332,Review light/dark contrast and accent bypass,REVIEW_REQUIRED
TOK-00611,static-color,border-blue-500/40,apps/frontend/src/app/(dashboard)/jellyfin/page.tsx,332,Review light/dark contrast and accent bypass,REVIEW_REQUIRED
TOK-00612,static-color,bg-green-500/10,apps/frontend/src/app/(dashboard)/jellyfin/page.tsx,337,Review light/dark contrast and accent bypass,REVIEW_REQUIRED
TOK-00613,static-color,bg-blue-500/10,apps/frontend/src/app/(dashboard)/jellyfin/page.tsx,340,Review light/dark contrast and accent bypass,REVIEW_REQUIRED
TOK-00614,static-color,bg-blue-500/15,apps/frontend/src/app/(dashboard)/jellyfin/page.tsx,345,Review light/dark contrast and accent bypass,REVIEW_REQUIRED
TOK-00615,static-color,text-blue-400,apps/frontend/src/app/(dashboard)/jellyfin/page.tsx,345,Review light/dark contrast and accent bypass,REVIEW_REQUIRED
TOK-00616,static-color,bg-green-500/15,apps/frontend/src/app/(dashboard)/jellyfin/page.tsx,345,Review light/dark contrast and accent bypass,REVIEW_REQUIRED
TOK-00617,static-color,text-green-400,apps/frontend/src/app/(dashboard)/jellyfin/page.tsx,345,Review light/dark contrast and accent bypass,REVIEW_REQUIRED
TOK-00618,static-color,border-green-500/30,apps/frontend/src/app/(dashboard)/jellyfin/page.tsx,353,Review light/dark contrast and accent bypass,REVIEW_REQUIRED
TOK-00619,static-color,bg-green-500/10,apps/frontend/src/app/(dashboard)/jellyfin/page.tsx,353,Review light/dark contrast and accent bypass,REVIEW_REQUIRED
TOK-00620,static-color,text-green-400,apps/frontend/src/app/(dashboard)/jellyfin/page.tsx,353,Review light/dark contrast and accent bypass,REVIEW_REQUIRED
TOK-00621,static-color,border-blue-500/20,apps/frontend/src/app/(dashboard)/jellyfin/page.tsx,355,Review light/dark contrast and accent bypass,REVIEW_REQUIRED
TOK-00622,static-color,bg-blue-500/10,apps/frontend/src/app/(dashboard)/jellyfin/page.tsx,355,Review light/dark contrast and accent bypass,REVIEW_REQUIRED
TOK-00623,static-color,text-blue-400,apps/frontend/src/app/(dashboard)/jellyfin/page.tsx,355,Review light/dark contrast and accent bypass,REVIEW_REQUIRED
TOK-00624,static-color,text-green-400,apps/frontend/src/app/(dashboard)/jellyfin/page.tsx,365,Review light/dark contrast and accent bypass,REVIEW_REQUIRED
TOK-00625,static-color,text-blue-400,apps/frontend/src/app/(dashboard)/jellyfin/page.tsx,365,Review light/dark contrast and accent bypass,REVIEW_REQUIRED
TOK-00626,static-color,text-blue-400/60,apps/frontend/src/app/(dashboard)/jellyfin/page.tsx,370,Review light/dark contrast and accent bypass,REVIEW_REQUIRED
TOK-00627,static-color,text-green-400/60,apps/frontend/src/app/(dashboard)/jellyfin/page.tsx,370,Review light/dark contrast and accent bypass,REVIEW_REQUIRED
TOK-00628,static-color,text-green-400,apps/frontend/src/app/(dashboard)/jellyfin/page.tsx,451,Review light/dark contrast and accent bypass,REVIEW_REQUIRED
TOK-00629,static-color,bg-green-400,apps/frontend/src/app/(dashboard)/jellyfin/page.tsx,452,Review light/dark contrast and accent bypass,REVIEW_REQUIRED
TOK-00630,semantic-token,bg-brand-500/10,apps/frontend/src/app/(dashboard)/jellyfin/page.tsx,98,Preferred semantic design-system token,CODE_CONFIRMED
TOK-00631,semantic-token,text-brand-400,apps/frontend/src/app/(dashboard)/jellyfin/page.tsx,98,Preferred semantic design-system token,CODE_CONFIRMED
TOK-00632,semantic-token,border-brand-500/20,apps/frontend/src/app/(dashboard)/jellyfin/page.tsx,98,Preferred semantic design-system token,CODE_CONFIRMED
TOK-00633,semantic-token,text-fg,apps/frontend/src/app/(dashboard)/jellyfin/page.tsx,217,Preferred semantic design-system token,CODE_CONFIRMED
TOK-00634,semantic-token,text-fg,apps/frontend/src/app/(dashboard)/jellyfin/page.tsx,271,Preferred semantic design-system token,CODE_CONFIRMED
TOK-00635,semantic-token,text-fg,apps/frontend/src/app/(dashboard)/jellyfin/page.tsx,275,Preferred semantic design-system token,CODE_CONFIRMED
TOK-00636,semantic-token,border-border,apps/frontend/src/app/(dashboard)/jellyfin/page.tsx,333,Preferred semantic design-system token,CODE_CONFIRMED
TOK-00637,semantic-token,bg-bg,apps/frontend/src/app/(dashboard)/jellyfin/page.tsx,333,Preferred semantic design-system token,CODE_CONFIRMED
TOK-00638,semantic-token,border-brand-500/30,apps/frontend/src/app/(dashboard)/jellyfin/page.tsx,333,Preferred semantic design-system token,CODE_CONFIRMED
TOK-00639,semantic-token,text-fg,apps/frontend/src/app/(dashboard)/jellyfin/page.tsx,375,Preferred semantic design-system token,CODE_CONFIRMED
TOK-00640,semantic-token,text-fg,apps/frontend/src/app/(dashboard)/jellyfin/page.tsx,375,Preferred semantic design-system token,CODE_CONFIRMED
TOK-00641,semantic-token,border-border,apps/frontend/src/app/(dashboard)/jellyfin/page.tsx,407,Preferred semantic design-system token,CODE_CONFIRMED
TOK-00642,semantic-token,bg-bg,apps/frontend/src/app/(dashboard)/jellyfin/page.tsx,407,Preferred semantic design-system token,CODE_CONFIRMED
TOK-00643,semantic-token,text-fg,apps/frontend/src/app/(dashboard)/jellyfin/page.tsx,407,Preferred semantic design-system token,CODE_CONFIRMED
TOK-00644,semantic-token,text-fg,apps/frontend/src/app/(dashboard)/jellyfin/page.tsx,407,Preferred semantic design-system token,CODE_CONFIRMED
TOK-00645,semantic-token,border-brand-500/30,apps/frontend/src/app/(dashboard)/jellyfin/page.tsx,407,Preferred semantic design-system token,CODE_CONFIRMED
TOK-00646,semantic-token,bg-brand-500/5,apps/frontend/src/app/(dashboard)/jellyfin/page.tsx,407,Preferred semantic design-system token,CODE_CONFIRMED
TOK-00647,semantic-token,border-border,apps/frontend/src/app/(dashboard)/jellyfin/page.tsx,429,Preferred semantic design-system token,CODE_CONFIRMED
TOK-00648,semantic-token,bg-bg,apps/frontend/src/app/(dashboard)/jellyfin/page.tsx,429,Preferred semantic design-system token,CODE_CONFIRMED
TOK-00649,semantic-token,border-brand-500/20,apps/frontend/src/app/(dashboard)/jellyfin/page.tsx,434,Preferred semantic design-system token,CODE_CONFIRMED
TOK-00650,semantic-token,bg-brand-500/10,apps/frontend/src/app/(dashboard)/jellyfin/page.tsx,434,Preferred semantic design-system token,CODE_CONFIRMED
TOK-00651,semantic-token,text-brand-400,apps/frontend/src/app/(dashboard)/jellyfin/page.tsx,434,Preferred semantic design-system token,CODE_CONFIRMED
TOK-00652,semantic-token,border-danger/20,apps/frontend/src/app/(dashboard)/jellyfin/page.tsx,434,Preferred semantic design-system token,CODE_CONFIRMED
TOK-00653,semantic-token,bg-danger/5,apps/frontend/src/app/(dashboard)/jellyfin/page.tsx,434,Preferred semantic design-system token,CODE_CONFIRMED
TOK-00654,semantic-token,text-danger,apps/frontend/src/app/(dashboard)/jellyfin/page.tsx,434,Preferred semantic design-system token,CODE_CONFIRMED
TOK-00655,semantic-token,text-fg,apps/frontend/src/app/(dashboard)/jellyfin/page.tsx,443,Preferred semantic design-system token,CODE_CONFIRMED
TOK-00656,semantic-token,text-fg,apps/frontend/src/app/(dashboard)/jellyfin/page.tsx,448,Preferred semantic design-system token,CODE_CONFIRMED
TOK-00657,semantic-token,text-danger,apps/frontend/src/app/(dashboard)/jellyfin/page.tsx,456,Preferred semantic design-system token,CODE_CONFIRMED
TOK-00658,semantic-token,text-fg,apps/frontend/src/app/(dashboard)/jellyfin/page.tsx,456,Preferred semantic design-system token,CODE_CONFIRMED
TOK-00659,semantic-token,border-brand-500/30,apps/frontend/src/app/(dashboard)/jellyfin/page.tsx,463,Preferred semantic design-system token,CODE_CONFIRMED
TOK-00660,semantic-token,text-brand-400,apps/frontend/src/app/(dashboard)/jellyfin/page.tsx,463,Preferred semantic design-system token,CODE_CONFIRMED
TOK-00661,semantic-token,bg-brand-500/10,apps/frontend/src/app/(dashboard)/jellyfin/page.tsx,463,Preferred semantic design-system token,CODE_CONFIRMED
TOK-00662,static-color,text-amber-400,apps/frontend/src/app/(dashboard)/jellyfin/photos/page.tsx,92,Review light/dark contrast and accent bypass,REVIEW_REQUIRED
TOK-00663,static-color,border-amber-500/30,apps/frontend/src/app/(dashboard)/jellyfin/photos/page.tsx,146,Review light/dark contrast and accent bypass,REVIEW_REQUIRED
TOK-00664,static-color,bg-amber-500/5,apps/frontend/src/app/(dashboard)/jellyfin/photos/page.tsx,149,Review light/dark contrast and accent bypass,REVIEW_REQUIRED
TOK-00665,static-color,text-amber-400/30,apps/frontend/src/app/(dashboard)/jellyfin/photos/page.tsx,150,Review light/dark contrast and accent bypass,REVIEW_REQUIRED
TOK-00666,static-color,text-green-400,apps/frontend/src/app/(dashboard)/jellyfin/photos/page.tsx,161,Review light/dark contrast and accent bypass,REVIEW_REQUIRED
TOK-00667,semantic-token,border-border,apps/frontend/src/app/(dashboard)/jellyfin/photos/page.tsx,85,Preferred semantic design-system token,CODE_CONFIRMED
TOK-00668,semantic-token,text-fg,apps/frontend/src/app/(dashboard)/jellyfin/photos/page.tsx,85,Preferred semantic design-system token,CODE_CONFIRMED
TOK-00669,semantic-token,text-fg,apps/frontend/src/app/(dashboard)/jellyfin/photos/page.tsx,85,Preferred semantic design-system token,CODE_CONFIRMED
TOK-00670,semantic-token,text-fg,apps/frontend/src/app/(dashboard)/jellyfin/photos/page.tsx,95,Preferred semantic design-system token,CODE_CONFIRMED
TOK-00671,semantic-token,text-fg,apps/frontend/src/app/(dashboard)/jellyfin/photos/page.tsx,104,Preferred semantic design-system token,CODE_CONFIRMED
TOK-00672,semantic-token,border-danger/20,apps/frontend/src/app/(dashboard)/jellyfin/photos/page.tsx,112,Preferred semantic design-system token,CODE_CONFIRMED
TOK-00673,semantic-token,bg-danger/5,apps/frontend/src/app/(dashboard)/jellyfin/photos/page.tsx,112,Preferred semantic design-system token,CODE_CONFIRMED
TOK-00674,semantic-token,text-danger,apps/frontend/src/app/(dashboard)/jellyfin/photos/page.tsx,113,Preferred semantic design-system token,CODE_CONFIRMED
TOK-00675,semantic-token,text-fg,apps/frontend/src/app/(dashboard)/jellyfin/photos/page.tsx,114,Preferred semantic design-system token,CODE_CONFIRMED
TOK-00676,semantic-token,border-border,apps/frontend/src/app/(dashboard)/jellyfin/photos/page.tsx,120,Preferred semantic design-system token,CODE_CONFIRMED
TOK-00677,semantic-token,text-fg,apps/frontend/src/app/(dashboard)/jellyfin/photos/page.tsx,121,Preferred semantic design-system token,CODE_CONFIRMED
TOK-00678,semantic-token,text-fg,apps/frontend/src/app/(dashboard)/jellyfin/photos/page.tsx,123,Preferred semantic design-system token,CODE_CONFIRMED
TOK-00679,semantic-token,border-border,apps/frontend/src/app/(dashboard)/jellyfin/photos/page.tsx,131,Preferred semantic design-system token,CODE_CONFIRMED
TOK-00680,semantic-token,text-fg,apps/frontend/src/app/(dashboard)/jellyfin/photos/page.tsx,132,Preferred semantic design-system token,CODE_CONFIRMED
TOK-00681,semantic-token,text-fg,apps/frontend/src/app/(dashboard)/jellyfin/photos/page.tsx,134,Preferred semantic design-system token,CODE_CONFIRMED
TOK-00682,semantic-token,border-border,apps/frontend/src/app/(dashboard)/jellyfin/photos/page.tsx,146,Preferred semantic design-system token,CODE_CONFIRMED
TOK-00683,semantic-token,bg-bg,apps/frontend/src/app/(dashboard)/jellyfin/photos/page.tsx,146,Preferred semantic design-system token,CODE_CONFIRMED
TOK-00684,semantic-token,text-fg,apps/frontend/src/app/(dashboard)/jellyfin/photos/page.tsx,159,Preferred semantic design-system token,CODE_CONFIRMED
TOK-00685,static-color,text-blue-400,apps/frontend/src/app/(dashboard)/jellyfin/search/page.tsx,105,Review light/dark contrast and accent bypass,REVIEW_REQUIRED
TOK-00686,static-color,text-green-400,apps/frontend/src/app/(dashboard)/jellyfin/search/page.tsx,127,Review light/dark contrast and accent bypass,REVIEW_REQUIRED
TOK-00687,static-color,text-amber-400,apps/frontend/src/app/(dashboard)/jellyfin/search/page.tsx,138,Review light/dark contrast and accent bypass,REVIEW_REQUIRED
TOK-00688,semantic-token,text-fg,apps/frontend/src/app/(dashboard)/jellyfin/search/page.tsx,48,Preferred semantic design-system token,CODE_CONFIRMED
TOK-00689,semantic-token,border-border,apps/frontend/src/app/(dashboard)/jellyfin/search/page.tsx,60,Preferred semantic design-system token,CODE_CONFIRMED
TOK-00690,semantic-token,text-fg,apps/frontend/src/app/(dashboard)/jellyfin/search/page.tsx,60,Preferred semantic design-system token,CODE_CONFIRMED
TOK-00691,semantic-token,text-fg,apps/frontend/src/app/(dashboard)/jellyfin/search/page.tsx,60,Preferred semantic design-system token,CODE_CONFIRMED
TOK-00692,semantic-token,text-fg,apps/frontend/src/app/(dashboard)/jellyfin/search/page.tsx,70,Preferred semantic design-system token,CODE_CONFIRMED
TOK-00693,semantic-token,border-border,apps/frontend/src/app/(dashboard)/jellyfin/search/page.tsx,77,Preferred semantic design-system token,CODE_CONFIRMED
TOK-00694,semantic-token,bg-bg,apps/frontend/src/app/(dashboard)/jellyfin/search/page.tsx,77,Preferred semantic design-system token,CODE_CONFIRMED
TOK-00695,semantic-token,text-fg,apps/frontend/src/app/(dashboard)/jellyfin/search/page.tsx,77,Preferred semantic design-system token,CODE_CONFIRMED
TOK-00696,semantic-token,border-brand-500/50,apps/frontend/src/app/(dashboard)/jellyfin/search/page.tsx,77,Preferred semantic design-system token,CODE_CONFIRMED
TOK-00697,semantic-token,ring-brand-500/20,apps/frontend/src/app/(dashboard)/jellyfin/search/page.tsx,77,Preferred semantic design-system token,CODE_CONFIRMED
TOK-00698,semantic-token,text-fg,apps/frontend/src/app/(dashboard)/jellyfin/search/page.tsx,81,Preferred semantic design-system token,CODE_CONFIRMED
TOK-00699,semantic-token,text-fg,apps/frontend/src/app/(dashboard)/jellyfin/search/page.tsx,81,Preferred semantic design-system token,CODE_CONFIRMED
TOK-00700,semantic-token,text-fg,apps/frontend/src/app/(dashboard)/jellyfin/search/page.tsx,91,Preferred semantic design-system token,CODE_CONFIRMED
TOK-00701,semantic-token,border-border,apps/frontend/src/app/(dashboard)/jellyfin/search/page.tsx,94,Preferred semantic design-system token,CODE_CONFIRMED
TOK-00702,semantic-token,text-fg,apps/frontend/src/app/(dashboard)/jellyfin/search/page.tsx,95,Preferred semantic design-system token,CODE_CONFIRMED
TOK-00703,semantic-token,text-fg,apps/frontend/src/app/(dashboard)/jellyfin/search/page.tsx,97,Preferred semantic design-system token,CODE_CONFIRMED
TOK-00704,semantic-token,text-fg,apps/frontend/src/app/(dashboard)/jellyfin/search/page.tsx,152,Preferred semantic design-system token,CODE_CONFIRMED
TOK-00705,static-color,text-green-400,apps/frontend/src/app/(dashboard)/jellyfin/series/[id]/page.tsx,269,Review light/dark contrast and accent bypass,REVIEW_REQUIRED
TOK-00706,semantic-token,text-fg,apps/frontend/src/app/(dashboard)/jellyfin/series/[id]/page.tsx,212,Preferred semantic design-system token,CODE_CONFIRMED
TOK-00707,semantic-token,bg-bg,apps/frontend/src/app/(dashboard)/jellyfin/series/[id]/page.tsx,221,Preferred semantic design-system token,CODE_CONFIRMED
TOK-00708,semantic-token,bg-bg,apps/frontend/src/app/(dashboard)/jellyfin/series/[id]/page.tsx,223,Preferred semantic design-system token,CODE_CONFIRMED
TOK-00709,semantic-token,bg-bg,apps/frontend/src/app/(dashboard)/jellyfin/series/[id]/page.tsx,224,Preferred semantic design-system token,CODE_CONFIRMED
TOK-00710,semantic-token,bg-bg,apps/frontend/src/app/(dashboard)/jellyfin/series/[id]/page.tsx,225,Preferred semantic design-system token,CODE_CONFIRMED
TOK-00711,semantic-token,text-danger,apps/frontend/src/app/(dashboard)/jellyfin/series/[id]/page.tsx,235,Preferred semantic design-system token,CODE_CONFIRMED
TOK-00712,semantic-token,text-fg,apps/frontend/src/app/(dashboard)/jellyfin/series/[id]/page.tsx,236,Preferred semantic design-system token,CODE_CONFIRMED
TOK-00713,semantic-token,text-brand-400,apps/frontend/src/app/(dashboard)/jellyfin/series/[id]/page.tsx,238,Preferred semantic design-system token,CODE_CONFIRMED
TOK-00714,semantic-token,text-fg,apps/frontend/src/app/(dashboard)/jellyfin/series/[id]/page.tsx,266,Preferred semantic design-system token,CODE_CONFIRMED
TOK-00715,semantic-token,text-fg,apps/frontend/src/app/(dashboard)/jellyfin/series/[id]/page.tsx,266,Preferred semantic design-system token,CODE_CONFIRMED
TOK-00716,semantic-token,text-fg,apps/frontend/src/app/(dashboard)/jellyfin/series/[id]/page.tsx,278,Preferred semantic design-system token,CODE_CONFIRMED
TOK-00717,semantic-token,text-fg,apps/frontend/src/app/(dashboard)/jellyfin/series/[id]/page.tsx,289,Preferred semantic design-system token,CODE_CONFIRMED
TOK-00718,semantic-token,text-fg,apps/frontend/src/app/(dashboard)/jellyfin/series/[id]/page.tsx,295,Preferred semantic design-system token,CODE_CONFIRMED
TOK-00719,semantic-token,border-border,apps/frontend/src/app/(dashboard)/jellyfin/series/[id]/page.tsx,312,Preferred semantic design-system token,CODE_CONFIRMED
TOK-00720,semantic-token,text-fg,apps/frontend/src/app/(dashboard)/jellyfin/series/[id]/page.tsx,312,Preferred semantic design-system token,CODE_CONFIRMED
TOK-00721,semantic-token,border-border,apps/frontend/src/app/(dashboard)/jellyfin/series/[id]/page.tsx,330,Preferred semantic design-system token,CODE_CONFIRMED
TOK-00722,semantic-token,bg-bg,apps/frontend/src/app/(dashboard)/jellyfin/series/[id]/page.tsx,330,Preferred semantic design-system token,CODE_CONFIRMED
TOK-00723,semantic-token,bg-bg,apps/frontend/src/app/(dashboard)/jellyfin/series/[id]/page.tsx,337,Preferred semantic design-system token,CODE_CONFIRMED
TOK-00724,semantic-token,text-fg,apps/frontend/src/app/(dashboard)/jellyfin/series/[id]/page.tsx,340,Preferred semantic design-system token,CODE_CONFIRMED
TOK-00725,semantic-token,bg-bg,apps/frontend/src/app/(dashboard)/jellyfin/series/[id]/page.tsx,350,Preferred semantic design-system token,CODE_CONFIRMED
TOK-00726,semantic-token,text-fg,apps/frontend/src/app/(dashboard)/jellyfin/series/[id]/page.tsx,353,Preferred semantic design-system token,CODE_CONFIRMED
TOK-00727,semantic-token,text-fg,apps/frontend/src/app/(dashboard)/jellyfin/series/page.tsx,85,Preferred semantic design-system token,CODE_CONFIRMED
TOK-00728,semantic-token,border-border,apps/frontend/src/app/(dashboard)/jellyfin/series/page.tsx,97,Preferred semantic design-system token,CODE_CONFIRMED
TOK-00729,semantic-token,text-fg,apps/frontend/src/app/(dashboard)/jellyfin/series/page.tsx,97,Preferred semantic design-system token,CODE_CONFIRMED
TOK-00730,semantic-token,text-fg,apps/frontend/src/app/(dashboard)/jellyfin/series/page.tsx,97,Preferred semantic design-system token,CODE_CONFIRMED
TOK-00731,semantic-token,text-fg,apps/frontend/src/app/(dashboard)/jellyfin/series/page.tsx,106,Preferred semantic design-system token,CODE_CONFIRMED
TOK-00732,semantic-token,text-fg,apps/frontend/src/app/(dashboard)/jellyfin/series/page.tsx,108,Preferred semantic design-system token,CODE_CONFIRMED
TOK-00733,semantic-token,text-fg,apps/frontend/src/app/(dashboard)/jellyfin/series/page.tsx,112,Preferred semantic design-system token,CODE_CONFIRMED
TOK-00734,semantic-token,border-border,apps/frontend/src/app/(dashboard)/jellyfin/series/page.tsx,118,Preferred semantic design-system token,CODE_CONFIRMED
TOK-00735,semantic-token,bg-bg,apps/frontend/src/app/(dashboard)/jellyfin/series/page.tsx,118,Preferred semantic design-system token,CODE_CONFIRMED
TOK-00736,semantic-token,text-fg,apps/frontend/src/app/(dashboard)/jellyfin/series/page.tsx,118,Preferred semantic design-system token,CODE_CONFIRMED
TOK-00737,semantic-token,border-brand-500/50,apps/frontend/src/app/(dashboard)/jellyfin/series/page.tsx,118,Preferred semantic design-system token,CODE_CONFIRMED
TOK-00738,semantic-token,text-fg,apps/frontend/src/app/(dashboard)/jellyfin/series/page.tsx,122,Preferred semantic design-system token,CODE_CONFIRMED
TOK-00739,semantic-token,text-fg,apps/frontend/src/app/(dashboard)/jellyfin/series/page.tsx,131,Preferred semantic design-system token,CODE_CONFIRMED
TOK-00740,semantic-token,bg-brand-500/15,apps/frontend/src/app/(dashboard)/jellyfin/series/page.tsx,138,Preferred semantic design-system token,CODE_CONFIRMED
TOK-00741,semantic-token,text-brand-400,apps/frontend/src/app/(dashboard)/jellyfin/series/page.tsx,138,Preferred semantic design-system token,CODE_CONFIRMED
TOK-00742,semantic-token,border-brand-500/30,apps/frontend/src/app/(dashboard)/jellyfin/series/page.tsx,138,Preferred semantic design-system token,CODE_CONFIRMED
TOK-00743,semantic-token,bg-bg,apps/frontend/src/app/(dashboard)/jellyfin/series/page.tsx,139,Preferred semantic design-system token,CODE_CONFIRMED
TOK-00744,semantic-token,text-fg,apps/frontend/src/app/(dashboard)/jellyfin/series/page.tsx,139,Preferred semantic design-system token,CODE_CONFIRMED
TOK-00745,semantic-token,border-border,apps/frontend/src/app/(dashboard)/jellyfin/series/page.tsx,139,Preferred semantic design-system token,CODE_CONFIRMED
TOK-00746,semantic-token,border-brand-500/30,apps/frontend/src/app/(dashboard)/jellyfin/series/page.tsx,139,Preferred semantic design-system token,CODE_CONFIRMED
TOK-00747,semantic-token,bg-brand-500/15,apps/frontend/src/app/(dashboard)/jellyfin/series/page.tsx,151,Preferred semantic design-system token,CODE_CONFIRMED
TOK-00748,semantic-token,text-brand-400,apps/frontend/src/app/(dashboard)/jellyfin/series/page.tsx,151,Preferred semantic design-system token,CODE_CONFIRMED
TOK-00749,semantic-token,border-brand-500/30,apps/frontend/src/app/(dashboard)/jellyfin/series/page.tsx,151,Preferred semantic design-system token,CODE_CONFIRMED
TOK-00750,semantic-token,bg-bg,apps/frontend/src/app/(dashboard)/jellyfin/series/page.tsx,152,Preferred semantic design-system token,CODE_CONFIRMED
TOK-00751,semantic-token,text-fg,apps/frontend/src/app/(dashboard)/jellyfin/series/page.tsx,152,Preferred semantic design-system token,CODE_CONFIRMED
TOK-00752,semantic-token,border-border,apps/frontend/src/app/(dashboard)/jellyfin/series/page.tsx,152,Preferred semantic design-system token,CODE_CONFIRMED
TOK-00753,semantic-token,border-brand-500/30,apps/frontend/src/app/(dashboard)/jellyfin/series/page.tsx,152,Preferred semantic design-system token,CODE_CONFIRMED
TOK-00754,semantic-token,text-fg,apps/frontend/src/app/(dashboard)/jellyfin/series/page.tsx,159,Preferred semantic design-system token,CODE_CONFIRMED
TOK-00755,semantic-token,border-danger/20,apps/frontend/src/app/(dashboard)/jellyfin/series/page.tsx,166,Preferred semantic design-system token,CODE_CONFIRMED
TOK-00756,semantic-token,bg-danger/5,apps/frontend/src/app/(dashboard)/jellyfin/series/page.tsx,166,Preferred semantic design-system token,CODE_CONFIRMED
TOK-00757,semantic-token,text-danger,apps/frontend/src/app/(dashboard)/jellyfin/series/page.tsx,167,Preferred semantic design-system token,CODE_CONFIRMED
TOK-00758,semantic-token,text-fg,apps/frontend/src/app/(dashboard)/jellyfin/series/page.tsx,168,Preferred semantic design-system token,CODE_CONFIRMED
TOK-00759,semantic-token,border-border,apps/frontend/src/app/(dashboard)/jellyfin/series/page.tsx,173,Preferred semantic design-system token,CODE_CONFIRMED
TOK-00760,semantic-token,text-fg,apps/frontend/src/app/(dashboard)/jellyfin/series/page.tsx,174,Preferred semantic design-system token,CODE_CONFIRMED
TOK-00761,semantic-token,text-fg,apps/frontend/src/app/(dashboard)/jellyfin/series/page.tsx,176,Preferred semantic design-system token,CODE_CONFIRMED
TOK-00762,semantic-token,text-fg,apps/frontend/src/app/(dashboard)/jellyfin/series/page.tsx,185,Preferred semantic design-system token,CODE_CONFIRMED
TOK-00763,static-color,bg-black,apps/frontend/src/app/(dashboard)/jellyfin/watch/[id]/page.tsx,96,Review light/dark contrast and accent bypass,REVIEW_REQUIRED
TOK-00764,static-color,text-white/60,apps/frontend/src/app/(dashboard)/jellyfin/watch/[id]/page.tsx,96,Review light/dark contrast and accent bypass,REVIEW_REQUIRED
TOK-00765,static-color,bg-black,apps/frontend/src/app/(dashboard)/jellyfin/watch/[id]/page.tsx,104,Review light/dark contrast and accent bypass,REVIEW_REQUIRED
TOK-00766,static-color,text-white/60,apps/frontend/src/app/(dashboard)/jellyfin/watch/[id]/page.tsx,104,Review light/dark contrast and accent bypass,REVIEW_REQUIRED
TOK-00767,static-color,bg-black,apps/frontend/src/app/(dashboard)/jellyfin/watch/[id]/page.tsx,112,Review light/dark contrast and accent bypass,REVIEW_REQUIRED
TOK-00768,static-color,text-white/60,apps/frontend/src/app/(dashboard)/jellyfin/watch/[id]/page.tsx,112,Review light/dark contrast and accent bypass,REVIEW_REQUIRED
TOK-00769,static-color,bg-black,apps/frontend/src/app/(dashboard)/jellyfin/watch/[id]/page.tsx,129,Review light/dark contrast and accent bypass,REVIEW_REQUIRED
TOK-00770,static-color,text-white/60,apps/frontend/src/app/(dashboard)/jellyfin/watch/[id]/page.tsx,135,Review light/dark contrast and accent bypass,REVIEW_REQUIRED
TOK-00771,static-color,text-white,apps/frontend/src/app/(dashboard)/jellyfin/watch/[id]/page.tsx,135,Review light/dark contrast and accent bypass,REVIEW_REQUIRED
TOK-00772,static-color,bg-white/10,apps/frontend/src/app/(dashboard)/jellyfin/watch/[id]/page.tsx,135,Review light/dark contrast and accent bypass,REVIEW_REQUIRED
TOK-00773,static-color,text-white/80,apps/frontend/src/app/(dashboard)/jellyfin/watch/[id]/page.tsx,140,Review light/dark contrast and accent bypass,REVIEW_REQUIRED
TOK-00774,static-color,bg-white/10,apps/frontend/src/app/(dashboard)/jellyfin/watch/[id]/page.tsx,153,Review light/dark contrast and accent bypass,REVIEW_REQUIRED
TOK-00775,static-color,text-white/70,apps/frontend/src/app/(dashboard)/jellyfin/watch/[id]/page.tsx,153,Review light/dark contrast and accent bypass,REVIEW_REQUIRED
TOK-00776,static-color,bg-white/20,apps/frontend/src/app/(dashboard)/jellyfin/watch/[id]/page.tsx,153,Review light/dark contrast and accent bypass,REVIEW_REQUIRED
TOK-00777,static-color,text-white,apps/frontend/src/app/(dashboard)/jellyfin/watch/[id]/page.tsx,153,Review light/dark contrast and accent bypass,REVIEW_REQUIRED
TOK-00778,static-color,bg-white/10,apps/frontend/src/app/(dashboard)/jellyfin/watch/[id]/page.tsx,164,Review light/dark contrast and accent bypass,REVIEW_REQUIRED
TOK-00779,static-color,text-white/70,apps/frontend/src/app/(dashboard)/jellyfin/watch/[id]/page.tsx,164,Review light/dark contrast and accent bypass,REVIEW_REQUIRED
TOK-00780,static-color,bg-white/20,apps/frontend/src/app/(dashboard)/jellyfin/watch/[id]/page.tsx,164,Review light/dark contrast and accent bypass,REVIEW_REQUIRED
TOK-00781,static-color,text-white,apps/frontend/src/app/(dashboard)/jellyfin/watch/[id]/page.tsx,164,Review light/dark contrast and accent bypass,REVIEW_REQUIRED
TOK-00782,static-color,text-white/60,apps/frontend/src/app/(dashboard)/jellyfin/watch/[id]/page.tsx,177,Review light/dark contrast and accent bypass,REVIEW_REQUIRED
TOK-00783,static-color,bg-white/10,apps/frontend/src/app/(dashboard)/jellyfin/watch/[id]/page.tsx,182,Review light/dark contrast and accent bypass,REVIEW_REQUIRED
TOK-00784,static-color,bg-white/20,apps/frontend/src/app/(dashboard)/jellyfin/watch/[id]/page.tsx,182,Review light/dark contrast and accent bypass,REVIEW_REQUIRED
TOK-00785,static-color,bg-black/80,apps/frontend/src/app/(dashboard)/jellyfin/watch/[id]/page.tsx,204,Review light/dark contrast and accent bypass,REVIEW_REQUIRED
TOK-00786,static-color,text-white/50,apps/frontend/src/app/(dashboard)/jellyfin/watch/[id]/page.tsx,205,Review light/dark contrast and accent bypass,REVIEW_REQUIRED
TOK-00787,semantic-token,text-brand-400,apps/frontend/src/app/(dashboard)/jellyfin/watch/[id]/page.tsx,116,Preferred semantic design-system token,CODE_CONFIRMED
TOK-00788,static-color,bg-blue-500/10,apps/frontend/src/app/(dashboard)/jellyfin/watchlist/page.tsx,33,Review light/dark contrast and accent bypass,REVIEW_REQUIRED
TOK-00789,static-color,text-blue-400,apps/frontend/src/app/(dashboard)/jellyfin/watchlist/page.tsx,33,Review light/dark contrast and accent bypass,REVIEW_REQUIRED
TOK-00790,static-color,text-white,apps/frontend/src/app/(dashboard)/jellyfin/watchlist/page.tsx,159,Review light/dark contrast and accent bypass,REVIEW_REQUIRED
TOK-00791,static-color,text-red-400,apps/frontend/src/app/(dashboard)/jellyfin/watchlist/page.tsx,253,Review light/dark contrast and accent bypass,REVIEW_REQUIRED
TOK-00792,static-color,text-red-400,apps/frontend/src/app/(dashboard)/jellyfin/watchlist/page.tsx,318,Review light/dark contrast and accent bypass,REVIEW_REQUIRED
TOK-00793,semantic-token,bg-brand-500/10,apps/frontend/src/app/(dashboard)/jellyfin/watchlist/page.tsx,39,Preferred semantic design-system token,CODE_CONFIRMED
TOK-00794,semantic-token,text-brand-400,apps/frontend/src/app/(dashboard)/jellyfin/watchlist/page.tsx,39,Preferred semantic design-system token,CODE_CONFIRMED
TOK-00795,semantic-token,text-fg,apps/frontend/src/app/(dashboard)/jellyfin/watchlist/page.tsx,131,Preferred semantic design-system token,CODE_CONFIRMED
TOK-00796,semantic-token,border-border,apps/frontend/src/app/(dashboard)/jellyfin/watchlist/page.tsx,146,Preferred semantic design-system token,CODE_CONFIRMED
TOK-00797,semantic-token,text-fg,apps/frontend/src/app/(dashboard)/jellyfin/watchlist/page.tsx,146,Preferred semantic design-system token,CODE_CONFIRMED
TOK-00798,semantic-token,text-fg,apps/frontend/src/app/(dashboard)/jellyfin/watchlist/page.tsx,146,Preferred semantic design-system token,CODE_CONFIRMED
TOK-00799,semantic-token,text-brand-400,apps/frontend/src/app/(dashboard)/jellyfin/watchlist/page.tsx,152,Preferred semantic design-system token,CODE_CONFIRMED
TOK-00800,semantic-token,text-fg,apps/frontend/src/app/(dashboard)/jellyfin/watchlist/page.tsx,154,Preferred semantic design-system token,CODE_CONFIRMED
TOK-00801,semantic-token,bg-brand-500,apps/frontend/src/app/(dashboard)/jellyfin/watchlist/page.tsx,159,Preferred semantic design-system token,CODE_CONFIRMED
TOK-00802,semantic-token,bg-brand-600,apps/frontend/src/app/(dashboard)/jellyfin/watchlist/page.tsx,159,Preferred semantic design-system token,CODE_CONFIRMED
TOK-00803,semantic-token,border-brand-500/40,apps/frontend/src/app/(dashboard)/jellyfin/watchlist/page.tsx,181,Preferred semantic design-system token,CODE_CONFIRMED
TOK-00804,semantic-token,bg-bg,apps/frontend/src/app/(dashboard)/jellyfin/watchlist/page.tsx,181,Preferred semantic design-system token,CODE_CONFIRMED
TOK-00805,semantic-token,border-brand-500,apps/frontend/src/app/(dashboard)/jellyfin/watchlist/page.tsx,181,Preferred semantic design-system token,CODE_CONFIRMED
TOK-00806,semantic-token,border-brand-500,apps/frontend/src/app/(dashboard)/jellyfin/watchlist/page.tsx,203,Preferred semantic design-system token,CODE_CONFIRMED
TOK-00807,semantic-token,bg-brand-500/10,apps/frontend/src/app/(dashboard)/jellyfin/watchlist/page.tsx,203,Preferred semantic design-system token,CODE_CONFIRMED
TOK-00808,semantic-token,text-brand-400,apps/frontend/src/app/(dashboard)/jellyfin/watchlist/page.tsx,203,Preferred semantic design-system token,CODE_CONFIRMED
TOK-00809,semantic-token,border-border,apps/frontend/src/app/(dashboard)/jellyfin/watchlist/page.tsx,204,Preferred semantic design-system token,CODE_CONFIRMED
TOK-00810,semantic-token,text-fg,apps/frontend/src/app/(dashboard)/jellyfin/watchlist/page.tsx,204,Preferred semantic design-system token,CODE_CONFIRMED
TOK-00811,semantic-token,text-fg,apps/frontend/src/app/(dashboard)/jellyfin/watchlist/page.tsx,204,Preferred semantic design-system token,CODE_CONFIRMED
TOK-00812,semantic-token,text-fg,apps/frontend/src/app/(dashboard)/jellyfin/watchlist/page.tsx,222,Preferred semantic design-system token,CODE_CONFIRMED
TOK-00813,semantic-token,text-fg,apps/frontend/src/app/(dashboard)/jellyfin/watchlist/page.tsx,227,Preferred semantic design-system token,CODE_CONFIRMED
TOK-00814,semantic-token,text-fg,apps/frontend/src/app/(dashboard)/jellyfin/watchlist/page.tsx,238,Preferred semantic design-system token,CODE_CONFIRMED
TOK-00815,semantic-token,text-brand-400,apps/frontend/src/app/(dashboard)/jellyfin/watchlist/page.tsx,238,Preferred semantic design-system token,CODE_CONFIRMED
TOK-00816,semantic-token,text-fg,apps/frontend/src/app/(dashboard)/jellyfin/watchlist/page.tsx,253,Preferred semantic design-system token,CODE_CONFIRMED
TOK-00817,semantic-token,text-fg,apps/frontend/src/app/(dashboard)/jellyfin/watchlist/page.tsx,268,Preferred semantic design-system token,CODE_CONFIRMED
TOK-00818,semantic-token,border-border,apps/frontend/src/app/(dashboard)/jellyfin/watchlist/page.tsx,271,Preferred semantic design-system token,CODE_CONFIRMED
TOK-00819,semantic-token,text-fg,apps/frontend/src/app/(dashboard)/jellyfin/watchlist/page.tsx,272,Preferred semantic design-system token,CODE_CONFIRMED
TOK-00820,semantic-token,text-fg,apps/frontend/src/app/(dashboard)/jellyfin/watchlist/page.tsx,274,Preferred semantic design-system token,CODE_CONFIRMED
TOK-00821,semantic-token,text-fg,apps/frontend/src/app/(dashboard)/jellyfin/watchlist/page.tsx,285,Preferred semantic design-system token,CODE_CONFIRMED
TOK-00822,semantic-token,border-border,apps/frontend/src/app/(dashboard)/jellyfin/watchlist/page.tsx,288,Preferred semantic design-system token,CODE_CONFIRMED
TOK-00823,semantic-token,text-fg,apps/frontend/src/app/(dashboard)/jellyfin/watchlist/page.tsx,288,Preferred semantic design-system token,CODE_CONFIRMED
TOK-00824,semantic-token,border-border,apps/frontend/src/app/(dashboard)/jellyfin/watchlist/page.tsx,297,Preferred semantic design-system token,CODE_CONFIRMED
TOK-00825,semantic-token,bg-bg,apps/frontend/src/app/(dashboard)/jellyfin/watchlist/page.tsx,297,Preferred semantic design-system token,CODE_CONFIRMED
TOK-00826,semantic-token,bg-bg,apps/frontend/src/app/(dashboard)/jellyfin/watchlist/page.tsx,305,Preferred semantic design-system token,CODE_CONFIRMED
TOK-00827,semantic-token,text-fg,apps/frontend/src/app/(dashboard)/jellyfin/watchlist/page.tsx,318,Preferred semantic design-system token,CODE_CONFIRMED
TOK-00828,semantic-token,bg-bg,apps/frontend/src/app/(dashboard)/media/components/LazyMediaTile.tsx,33,Preferred semantic design-system token,CODE_CONFIRMED
TOK-00829,semantic-token,text-fg,apps/frontend/src/app/(dashboard)/media/components/LazyMediaTile.tsx,34,Preferred semantic design-system token,CODE_CONFIRMED
TOK-00830,static-color,text-white/60,apps/frontend/src/app/(dashboard)/media/components/lightbox/ImageSlide.tsx,131,Review light/dark contrast and accent bypass,REVIEW_REQUIRED
TOK-00831,static-color,text-white/60,apps/frontend/src/app/(dashboard)/media/components/lightbox/ImageSlide.tsx,137,Review light/dark contrast and accent bypass,REVIEW_REQUIRED
TOK-00832,static-color,bg-white/10,apps/frontend/src/app/(dashboard)/media/components/lightbox/ImageSlide.tsx,142,Review light/dark contrast and accent bypass,REVIEW_REQUIRED
TOK-00833,static-color,text-white,apps/frontend/src/app/(dashboard)/media/components/lightbox/ImageSlide.tsx,142,Review light/dark contrast and accent bypass,REVIEW_REQUIRED
TOK-00834,static-color,bg-white/20,apps/frontend/src/app/(dashboard)/media/components/lightbox/ImageSlide.tsx,142,Review light/dark contrast and accent bypass,REVIEW_REQUIRED
TOK-00835,static-color,bg-black/60,apps/frontend/src/app/(dashboard)/media/components/lightbox/ImageSlide.tsx,165,Review light/dark contrast and accent bypass,REVIEW_REQUIRED
TOK-00836,static-color,text-white/80,apps/frontend/src/app/(dashboard)/media/components/lightbox/ImageSlide.tsx,165,Review light/dark contrast and accent bypass,REVIEW_REQUIRED
TOK-00837,static-color,bg-black/85,apps/frontend/src/app/(dashboard)/media/components/lightbox/MediaLightbox.tsx,96,Review light/dark contrast and accent bypass,REVIEW_REQUIRED
TOK-00838,static-color,text-white/60,apps/frontend/src/app/(dashboard)/media/components/lightbox/MediaLightbox.tsx,97,Review light/dark contrast and accent bypass,REVIEW_REQUIRED
TOK-00839,static-color,bg-white/10,apps/frontend/src/app/(dashboard)/media/components/lightbox/MediaLightbox.tsx,100,Review light/dark contrast and accent bypass,REVIEW_REQUIRED
TOK-00840,static-color,text-white,apps/frontend/src/app/(dashboard)/media/components/lightbox/MediaLightbox.tsx,100,Review light/dark contrast and accent bypass,REVIEW_REQUIRED
TOK-00841,static-color,bg-white/20,apps/frontend/src/app/(dashboard)/media/components/lightbox/MediaLightbox.tsx,100,Review light/dark contrast and accent bypass,REVIEW_REQUIRED
TOK-00842,static-color,bg-black/85,apps/frontend/src/app/(dashboard)/media/components/lightbox/MediaLightbox.tsx,109,Review light/dark contrast and accent bypass,REVIEW_REQUIRED
TOK-00843,static-color,bg-black/50,apps/frontend/src/app/(dashboard)/media/components/lightbox/MediaLightbox.tsx,112,Review light/dark contrast and accent bypass,REVIEW_REQUIRED
TOK-00844,static-color,text-white,apps/frontend/src/app/(dashboard)/media/components/lightbox/MediaLightbox.tsx,112,Review light/dark contrast and accent bypass,REVIEW_REQUIRED
TOK-00845,static-color,bg-black/70,apps/frontend/src/app/(dashboard)/media/components/lightbox/MediaLightbox.tsx,112,Review light/dark contrast and accent bypass,REVIEW_REQUIRED
TOK-00846,static-color,bg-black/50,apps/frontend/src/app/(dashboard)/media/components/lightbox/MediaLightbox.tsx,118,Review light/dark contrast and accent bypass,REVIEW_REQUIRED
TOK-00847,static-color,text-white/80,apps/frontend/src/app/(dashboard)/media/components/lightbox/MediaLightbox.tsx,118,Review light/dark contrast and accent bypass,REVIEW_REQUIRED
TOK-00848,static-color,bg-black/50,apps/frontend/src/app/(dashboard)/media/components/lightbox/MediaLightbox.tsx,125,Review light/dark contrast and accent bypass,REVIEW_REQUIRED
TOK-00849,static-color,text-white,apps/frontend/src/app/(dashboard)/media/components/lightbox/MediaLightbox.tsx,125,Review light/dark contrast and accent bypass,REVIEW_REQUIRED
TOK-00850,static-color,bg-black/70,apps/frontend/src/app/(dashboard)/media/components/lightbox/MediaLightbox.tsx,125,Review light/dark contrast and accent bypass,REVIEW_REQUIRED
TOK-00851,static-color,bg-black/50,apps/frontend/src/app/(dashboard)/media/components/lightbox/MediaLightbox.tsx,135,Review light/dark contrast and accent bypass,REVIEW_REQUIRED
TOK-00852,static-color,text-white,apps/frontend/src/app/(dashboard)/media/components/lightbox/MediaLightbox.tsx,135,Review light/dark contrast and accent bypass,REVIEW_REQUIRED
TOK-00853,static-color,bg-black/70,apps/frontend/src/app/(dashboard)/media/components/lightbox/MediaLightbox.tsx,135,Review light/dark contrast and accent bypass,REVIEW_REQUIRED
TOK-00854,static-color,text-white/60,apps/frontend/src/app/(dashboard)/media/components/lightbox/MediaLightbox.tsx,156,Review light/dark contrast and accent bypass,REVIEW_REQUIRED
TOK-00855,static-color,text-white/60,apps/frontend/src/app/(dashboard)/media/components/lightbox/MediaLightbox.tsx,165,Review light/dark contrast and accent bypass,REVIEW_REQUIRED
TOK-00856,static-color,text-white/40,apps/frontend/src/app/(dashboard)/media/components/lightbox/MediaLightbox.tsx,168,Review light/dark contrast and accent bypass,REVIEW_REQUIRED
TOK-00857,static-color,bg-black/60,apps/frontend/src/app/(dashboard)/media/components/lightbox/MediaLightbox.tsx,175,Review light/dark contrast and accent bypass,REVIEW_REQUIRED
TOK-00858,static-color,text-white,apps/frontend/src/app/(dashboard)/media/components/lightbox/MediaLightbox.tsx,177,Review light/dark contrast and accent bypass,REVIEW_REQUIRED
TOK-00859,static-color,text-white/70,apps/frontend/src/app/(dashboard)/media/components/lightbox/MediaLightbox.tsx,178,Review light/dark contrast and accent bypass,REVIEW_REQUIRED
TOK-00860,static-color,bg-black/70,apps/frontend/src/app/(dashboard)/media/components/lightbox/SlideshowControls.tsx,37,Review light/dark contrast and accent bypass,REVIEW_REQUIRED
TOK-00861,static-color,bg-white/15,apps/frontend/src/app/(dashboard)/media/components/lightbox/SlideshowControls.tsx,44,Review light/dark contrast and accent bypass,REVIEW_REQUIRED
TOK-00862,static-color,text-white,apps/frontend/src/app/(dashboard)/media/components/lightbox/SlideshowControls.tsx,44,Review light/dark contrast and accent bypass,REVIEW_REQUIRED
TOK-00863,static-color,bg-white/25,apps/frontend/src/app/(dashboard)/media/components/lightbox/SlideshowControls.tsx,44,Review light/dark contrast and accent bypass,REVIEW_REQUIRED
TOK-00864,static-color,text-white/60,apps/frontend/src/app/(dashboard)/media/components/lightbox/SlideshowControls.tsx,50,Review light/dark contrast and accent bypass,REVIEW_REQUIRED
TOK-00865,static-color,bg-white/20,apps/frontend/src/app/(dashboard)/media/components/lightbox/SlideshowControls.tsx,57,Review light/dark contrast and accent bypass,REVIEW_REQUIRED
TOK-00866,static-color,text-white,apps/frontend/src/app/(dashboard)/media/components/lightbox/SlideshowControls.tsx,57,Review light/dark contrast and accent bypass,REVIEW_REQUIRED
TOK-00867,static-color,text-white/50,apps/frontend/src/app/(dashboard)/media/components/lightbox/SlideshowControls.tsx,58,Review light/dark contrast and accent bypass,REVIEW_REQUIRED
TOK-00868,static-color,text-white,apps/frontend/src/app/(dashboard)/media/components/lightbox/SlideshowControls.tsx,58,Review light/dark contrast and accent bypass,REVIEW_REQUIRED
TOK-00869,static-color,bg-white/10,apps/frontend/src/app/(dashboard)/media/components/lightbox/SlideshowControls.tsx,58,Review light/dark contrast and accent bypass,REVIEW_REQUIRED
TOK-00870,static-color,text-white/80,apps/frontend/src/app/(dashboard)/media/components/lightbox/SlideshowControls.tsx,69,Review light/dark contrast and accent bypass,REVIEW_REQUIRED
TOK-00871,static-color,text-white/70,apps/frontend/src/app/(dashboard)/media/components/lightbox/SlideshowControls.tsx,80,Review light/dark contrast and accent bypass,REVIEW_REQUIRED
TOK-00872,static-color,text-white,apps/frontend/src/app/(dashboard)/media/components/lightbox/SlideshowControls.tsx,80,Review light/dark contrast and accent bypass,REVIEW_REQUIRED
TOK-00873,static-color,bg-white/10,apps/frontend/src/app/(dashboard)/media/components/lightbox/SlideshowControls.tsx,80,Review light/dark contrast and accent bypass,REVIEW_REQUIRED
TOK-00874,static-color,bg-white/15,apps/frontend/src/app/(dashboard)/media/components/lightbox/SlideshowControls.tsx,88,Review light/dark contrast and accent bypass,REVIEW_REQUIRED
TOK-00875,static-color,text-white,apps/frontend/src/app/(dashboard)/media/components/lightbox/SlideshowControls.tsx,88,Review light/dark contrast and accent bypass,REVIEW_REQUIRED
TOK-00876,static-color,bg-white/25,apps/frontend/src/app/(dashboard)/media/components/lightbox/SlideshowControls.tsx,88,Review light/dark contrast and accent bypass,REVIEW_REQUIRED
TOK-00877,static-color,text-white/70,apps/frontend/src/app/(dashboard)/media/components/lightbox/SlideshowControls.tsx,97,Review light/dark contrast and accent bypass,REVIEW_REQUIRED
TOK-00878,static-color,text-white,apps/frontend/src/app/(dashboard)/media/components/lightbox/SlideshowControls.tsx,97,Review light/dark contrast and accent bypass,REVIEW_REQUIRED
TOK-00879,static-color,bg-white/10,apps/frontend/src/app/(dashboard)/media/components/lightbox/SlideshowControls.tsx,97,Review light/dark contrast and accent bypass,REVIEW_REQUIRED
TOK-00880,static-color,text-white/50,apps/frontend/src/app/(dashboard)/media/components/lightbox/SlideshowControls.tsx,103,Review light/dark contrast and accent bypass,REVIEW_REQUIRED
TOK-00881,static-color,text-white/70,apps/frontend/src/app/(dashboard)/media/components/lightbox/SlideshowControls.tsx,114,Review light/dark contrast and accent bypass,REVIEW_REQUIRED
TOK-00882,static-color,text-white,apps/frontend/src/app/(dashboard)/media/components/lightbox/SlideshowControls.tsx,114,Review light/dark contrast and accent bypass,REVIEW_REQUIRED
TOK-00883,static-color,bg-white/10,apps/frontend/src/app/(dashboard)/media/components/lightbox/SlideshowControls.tsx,114,Review light/dark contrast and accent bypass,REVIEW_REQUIRED
TOK-00884,static-color,bg-white/15,apps/frontend/src/app/(dashboard)/media/components/lightbox/SlideshowControls.tsx,122,Review light/dark contrast and accent bypass,REVIEW_REQUIRED
TOK-00885,static-color,text-white,apps/frontend/src/app/(dashboard)/media/components/lightbox/SlideshowControls.tsx,122,Review light/dark contrast and accent bypass,REVIEW_REQUIRED
TOK-00886,static-color,bg-white/25,apps/frontend/src/app/(dashboard)/media/components/lightbox/SlideshowControls.tsx,122,Review light/dark contrast and accent bypass,REVIEW_REQUIRED
TOK-00887,static-color,text-white/70,apps/frontend/src/app/(dashboard)/media/components/lightbox/SlideshowControls.tsx,131,Review light/dark contrast and accent bypass,REVIEW_REQUIRED
TOK-00888,static-color,text-white,apps/frontend/src/app/(dashboard)/media/components/lightbox/SlideshowControls.tsx,131,Review light/dark contrast and accent bypass,REVIEW_REQUIRED
TOK-00889,static-color,bg-white/10,apps/frontend/src/app/(dashboard)/media/components/lightbox/SlideshowControls.tsx,131,Review light/dark contrast and accent bypass,REVIEW_REQUIRED
TOK-00890,static-color,bg-white/20,apps/frontend/src/app/(dashboard)/media/components/lightbox/SlideshowControls.tsx,144,Review light/dark contrast and accent bypass,REVIEW_REQUIRED
TOK-00891,static-color,text-white,apps/frontend/src/app/(dashboard)/media/components/lightbox/SlideshowControls.tsx,144,Review light/dark contrast and accent bypass,REVIEW_REQUIRED
TOK-00892,static-color,text-white/50,apps/frontend/src/app/(dashboard)/media/components/lightbox/SlideshowControls.tsx,145,Review light/dark contrast and accent bypass,REVIEW_REQUIRED
TOK-00893,static-color,text-white,apps/frontend/src/app/(dashboard)/media/components/lightbox/SlideshowControls.tsx,145,Review light/dark contrast and accent bypass,REVIEW_REQUIRED
TOK-00894,static-color,bg-white/10,apps/frontend/src/app/(dashboard)/media/components/lightbox/SlideshowControls.tsx,145,Review light/dark contrast and accent bypass,REVIEW_REQUIRED
TOK-00895,static-color,text-white/60,apps/frontend/src/app/(dashboard)/media/components/lightbox/VideoSlide.tsx,14,Review light/dark contrast and accent bypass,REVIEW_REQUIRED
TOK-00896,static-color,text-white/60,apps/frontend/src/app/(dashboard)/media/components/lightbox/VideoSlide.tsx,37,Review light/dark contrast and accent bypass,REVIEW_REQUIRED
TOK-00897,static-color,text-white/60,apps/frontend/src/app/(dashboard)/media/components/lightbox/VideoSlide.tsx,47,Review light/dark contrast and accent bypass,REVIEW_REQUIRED
TOK-00898,static-color,text-white/60,apps/frontend/src/app/(dashboard)/media/components/lightbox/VideoSlide.tsx,54,Review light/dark contrast and accent bypass,REVIEW_REQUIRED
TOK-00899,static-color,text-white,apps/frontend/src/app/(dashboard)/media/components/music/AlbumView.tsx,62,Review light/dark contrast and accent bypass,REVIEW_REQUIRED
TOK-00900,semantic-token,bg-bg,apps/frontend/src/app/(dashboard)/media/components/music/AlbumView.tsx,45,Preferred semantic design-system token,CODE_CONFIRMED
TOK-00901,semantic-token,text-fg,apps/frontend/src/app/(dashboard)/media/components/music/AlbumView.tsx,49,Preferred semantic design-system token,CODE_CONFIRMED
TOK-00902,semantic-token,text-fg,apps/frontend/src/app/(dashboard)/media/components/music/AlbumView.tsx,53,Preferred semantic design-system token,CODE_CONFIRMED
TOK-00903,semantic-token,text-fg,apps/frontend/src/app/(dashboard)/media/components/music/AlbumView.tsx,54,Preferred semantic design-system token,CODE_CONFIRMED
TOK-00904,semantic-token,text-fg,apps/frontend/src/app/(dashboard)/media/components/music/AlbumView.tsx,55,Preferred semantic design-system token,CODE_CONFIRMED
TOK-00905,semantic-token,text-fg,apps/frontend/src/app/(dashboard)/media/components/music/AlbumView.tsx,59,Preferred semantic design-system token,CODE_CONFIRMED
TOK-00906,semantic-token,bg-brand-500,apps/frontend/src/app/(dashboard)/media/components/music/AlbumView.tsx,62,Preferred semantic design-system token,CODE_CONFIRMED
TOK-00907,semantic-token,bg-brand-400,apps/frontend/src/app/(dashboard)/media/components/music/AlbumView.tsx,62,Preferred semantic design-system token,CODE_CONFIRMED
TOK-00908,semantic-token,border-border,apps/frontend/src/app/(dashboard)/media/components/music/AlbumView.tsx,70,Preferred semantic design-system token,CODE_CONFIRMED
TOK-00909,semantic-token,border-border,apps/frontend/src/app/(dashboard)/media/components/music/AlbumView.tsx,71,Preferred semantic design-system token,CODE_CONFIRMED
TOK-00910,semantic-token,bg-bg,apps/frontend/src/app/(dashboard)/media/components/music/AlbumView.tsx,71,Preferred semantic design-system token,CODE_CONFIRMED
TOK-00911,semantic-token,text-fg,apps/frontend/src/app/(dashboard)/media/components/music/AlbumView.tsx,71,Preferred semantic design-system token,CODE_CONFIRMED
TOK-00912,semantic-token,bg-bg,apps/frontend/src/app/(dashboard)/media/components/music/AlbumView.tsx,84,Preferred semantic design-system token,CODE_CONFIRMED
TOK-00913,semantic-token,text-fg,apps/frontend/src/app/(dashboard)/media/components/music/AlbumView.tsx,86,Preferred semantic design-system token,CODE_CONFIRMED
TOK-00914,semantic-token,text-fg,apps/frontend/src/app/(dashboard)/media/components/music/AlbumView.tsx,87,Preferred semantic design-system token,CODE_CONFIRMED
TOK-00915,semantic-token,text-fg,apps/frontend/src/app/(dashboard)/media/components/music/AlbumView.tsx,88,Preferred semantic design-system token,CODE_CONFIRMED
TOK-00916,semantic-token,text-fg,apps/frontend/src/app/(dashboard)/media/components/music/MusicLibrary.tsx,28,Preferred semantic design-system token,CODE_CONFIRMED
TOK-00917,semantic-token,border-danger/20,apps/frontend/src/app/(dashboard)/media/components/music/MusicLibrary.tsx,37,Preferred semantic design-system token,CODE_CONFIRMED
TOK-00918,semantic-token,bg-danger/5,apps/frontend/src/app/(dashboard)/media/components/music/MusicLibrary.tsx,37,Preferred semantic design-system token,CODE_CONFIRMED
TOK-00919,semantic-token,text-danger,apps/frontend/src/app/(dashboard)/media/components/music/MusicLibrary.tsx,37,Preferred semantic design-system token,CODE_CONFIRMED
TOK-00920,semantic-token,text-danger/80,apps/frontend/src/app/(dashboard)/media/components/music/MusicLibrary.tsx,41,Preferred semantic design-system token,CODE_CONFIRMED
TOK-00921,semantic-token,border-border,apps/frontend/src/app/(dashboard)/media/components/music/MusicLibrary.tsx,54,Preferred semantic design-system token,CODE_CONFIRMED
TOK-00922,semantic-token,text-fg,apps/frontend/src/app/(dashboard)/media/components/music/MusicLibrary.tsx,54,Preferred semantic design-system token,CODE_CONFIRMED
TOK-00923,semantic-token,text-fg,apps/frontend/src/app/(dashboard)/media/components/music/MusicLibrary.tsx,104,Preferred semantic design-system token,CODE_CONFIRMED
TOK-00924,semantic-token,border-border,apps/frontend/src/app/(dashboard)/media/components/music/MusicLibrary.tsx,110,Preferred semantic design-system token,CODE_CONFIRMED
TOK-00925,semantic-token,bg-bg,apps/frontend/src/app/(dashboard)/media/components/music/MusicLibrary.tsx,110,Preferred semantic design-system token,CODE_CONFIRMED
TOK-00926,semantic-token,border-brand-500/30,apps/frontend/src/app/(dashboard)/media/components/music/MusicLibrary.tsx,110,Preferred semantic design-system token,CODE_CONFIRMED
TOK-00927,semantic-token,bg-bg,apps/frontend/src/app/(dashboard)/media/components/music/MusicLibrary.tsx,110,Preferred semantic design-system token,CODE_CONFIRMED
TOK-00928,semantic-token,bg-bg,apps/frontend/src/app/(dashboard)/media/components/music/MusicLibrary.tsx,112,Preferred semantic design-system token,CODE_CONFIRMED
TOK-00929,semantic-token,bg-bg,apps/frontend/src/app/(dashboard)/media/components/music/MusicLibrary.tsx,112,Preferred semantic design-system token,CODE_CONFIRMED
TOK-00930,semantic-token,text-fg,apps/frontend/src/app/(dashboard)/media/components/music/MusicLibrary.tsx,113,Preferred semantic design-system token,CODE_CONFIRMED
TOK-00931,semantic-token,text-fg,apps/frontend/src/app/(dashboard)/media/components/music/MusicLibrary.tsx,115,Preferred semantic design-system token,CODE_CONFIRMED
TOK-00932,semantic-token,text-fg,apps/frontend/src/app/(dashboard)/media/components/music/MusicLibrary.tsx,116,Preferred semantic design-system token,CODE_CONFIRMED
TOK-00933,semantic-token,text-fg,apps/frontend/src/app/(dashboard)/media/components/music/MusicLibrary.tsx,147,Preferred semantic design-system token,CODE_CONFIRMED
TOK-00934,semantic-token,border-border,apps/frontend/src/app/(dashboard)/media/components/music/MusicLibrary.tsx,153,Preferred semantic design-system token,CODE_CONFIRMED
TOK-00935,semantic-token,bg-bg,apps/frontend/src/app/(dashboard)/media/components/music/MusicLibrary.tsx,153,Preferred semantic design-system token,CODE_CONFIRMED
TOK-00936,semantic-token,border-brand-500/30,apps/frontend/src/app/(dashboard)/media/components/music/MusicLibrary.tsx,153,Preferred semantic design-system token,CODE_CONFIRMED
TOK-00937,semantic-token,bg-bg,apps/frontend/src/app/(dashboard)/media/components/music/MusicLibrary.tsx,153,Preferred semantic design-system token,CODE_CONFIRMED
TOK-00938,semantic-token,bg-bg,apps/frontend/src/app/(dashboard)/media/components/music/MusicLibrary.tsx,155,Preferred semantic design-system token,CODE_CONFIRMED
TOK-00939,semantic-token,bg-bg,apps/frontend/src/app/(dashboard)/media/components/music/MusicLibrary.tsx,155,Preferred semantic design-system token,CODE_CONFIRMED
TOK-00940,semantic-token,text-fg,apps/frontend/src/app/(dashboard)/media/components/music/MusicLibrary.tsx,163,Preferred semantic design-system token,CODE_CONFIRMED
TOK-00941,semantic-token,text-fg,apps/frontend/src/app/(dashboard)/media/components/music/MusicLibrary.tsx,166,Preferred semantic design-system token,CODE_CONFIRMED
TOK-00942,semantic-token,text-fg,apps/frontend/src/app/(dashboard)/media/components/music/MusicLibrary.tsx,167,Preferred semantic design-system token,CODE_CONFIRMED
TOK-00943,semantic-token,text-fg,apps/frontend/src/app/(dashboard)/media/components/music/MusicLibrary.tsx,214,Preferred semantic design-system token,CODE_CONFIRMED
TOK-00944,semantic-token,text-fg,apps/frontend/src/app/(dashboard)/media/components/music/MusicLibrary.tsx,214,Preferred semantic design-system token,CODE_CONFIRMED
TOK-00945,semantic-token,border-border,apps/frontend/src/app/(dashboard)/media/components/PaginationBar.tsx,41,Preferred semantic design-system token,CODE_CONFIRMED
TOK-00946,semantic-token,bg-bg,apps/frontend/src/app/(dashboard)/media/components/PaginationBar.tsx,41,Preferred semantic design-system token,CODE_CONFIRMED
TOK-00947,semantic-token,text-fg,apps/frontend/src/app/(dashboard)/media/components/PaginationBar.tsx,41,Preferred semantic design-system token,CODE_CONFIRMED
TOK-00948,semantic-token,bg-bg,apps/frontend/src/app/(dashboard)/media/components/PaginationBar.tsx,41,Preferred semantic design-system token,CODE_CONFIRMED
TOK-00949,semantic-token,text-fg,apps/frontend/src/app/(dashboard)/media/components/PaginationBar.tsx,48,Preferred semantic design-system token,CODE_CONFIRMED
TOK-00950,semantic-token,border-border,apps/frontend/src/app/(dashboard)/media/components/PaginationBar.tsx,57,Preferred semantic design-system token,CODE_CONFIRMED
TOK-00951,semantic-token,bg-bg,apps/frontend/src/app/(dashboard)/media/components/PaginationBar.tsx,57,Preferred semantic design-system token,CODE_CONFIRMED
TOK-00952,semantic-token,text-fg,apps/frontend/src/app/(dashboard)/media/components/PaginationBar.tsx,57,Preferred semantic design-system token,CODE_CONFIRMED
TOK-00953,semantic-token,bg-bg,apps/frontend/src/app/(dashboard)/media/components/PaginationBar.tsx,57,Preferred semantic design-system token,CODE_CONFIRMED
TOK-00954,semantic-token,border-border,apps/frontend/src/app/(dashboard)/media/components/PaginationBar.tsx,67,Preferred semantic design-system token,CODE_CONFIRMED
TOK-00955,semantic-token,bg-bg,apps/frontend/src/app/(dashboard)/media/components/PaginationBar.tsx,67,Preferred semantic design-system token,CODE_CONFIRMED
TOK-00956,semantic-token,text-fg,apps/frontend/src/app/(dashboard)/media/components/PaginationBar.tsx,67,Preferred semantic design-system token,CODE_CONFIRMED
TOK-00957,semantic-token,ring-brand-500/50,apps/frontend/src/app/(dashboard)/media/components/PaginationBar.tsx,67,Preferred semantic design-system token,CODE_CONFIRMED
TOK-00958,static-color,text-white,apps/frontend/src/app/(dashboard)/media/components/player/AudioPlayer.tsx,185,Review light/dark contrast and accent bypass,REVIEW_REQUIRED
TOK-00959,semantic-token,border-border,apps/frontend/src/app/(dashboard)/media/components/player/AudioPlayer.tsx,134,Preferred semantic design-system token,CODE_CONFIRMED
TOK-00960,semantic-token,bg-bg,apps/frontend/src/app/(dashboard)/media/components/player/AudioPlayer.tsx,134,Preferred semantic design-system token,CODE_CONFIRMED
TOK-00961,semantic-token,bg-bg,apps/frontend/src/app/(dashboard)/media/components/player/AudioPlayer.tsx,152,Preferred semantic design-system token,CODE_CONFIRMED
TOK-00962,semantic-token,text-fg,apps/frontend/src/app/(dashboard)/media/components/player/AudioPlayer.tsx,153,Preferred semantic design-system token,CODE_CONFIRMED
TOK-00963,semantic-token,text-fg,apps/frontend/src/app/(dashboard)/media/components/player/AudioPlayer.tsx,157,Preferred semantic design-system token,CODE_CONFIRMED
TOK-00964,semantic-token,text-fg,apps/frontend/src/app/(dashboard)/media/components/player/AudioPlayer.tsx,160,Preferred semantic design-system token,CODE_CONFIRMED
TOK-00965,semantic-token,text-brand-500,apps/frontend/src/app/(dashboard)/media/components/player/AudioPlayer.tsx,170,Preferred semantic design-system token,CODE_CONFIRMED
TOK-00966,semantic-token,text-fg,apps/frontend/src/app/(dashboard)/media/components/player/AudioPlayer.tsx,170,Preferred semantic design-system token,CODE_CONFIRMED
TOK-00967,semantic-token,text-fg,apps/frontend/src/app/(dashboard)/media/components/player/AudioPlayer.tsx,170,Preferred semantic design-system token,CODE_CONFIRMED
TOK-00968,semantic-token,text-fg,apps/frontend/src/app/(dashboard)/media/components/player/AudioPlayer.tsx,178,Preferred semantic design-system token,CODE_CONFIRMED
TOK-00969,semantic-token,text-fg,apps/frontend/src/app/(dashboard)/media/components/player/AudioPlayer.tsx,178,Preferred semantic design-system token,CODE_CONFIRMED
TOK-00970,semantic-token,bg-brand-500,apps/frontend/src/app/(dashboard)/media/components/player/AudioPlayer.tsx,185,Preferred semantic design-system token,CODE_CONFIRMED
TOK-00971,semantic-token,bg-brand-400,apps/frontend/src/app/(dashboard)/media/components/player/AudioPlayer.tsx,185,Preferred semantic design-system token,CODE_CONFIRMED
TOK-00972,semantic-token,text-fg,apps/frontend/src/app/(dashboard)/media/components/player/AudioPlayer.tsx,192,Preferred semantic design-system token,CODE_CONFIRMED
TOK-00973,semantic-token,text-fg,apps/frontend/src/app/(dashboard)/media/components/player/AudioPlayer.tsx,192,Preferred semantic design-system token,CODE_CONFIRMED
TOK-00974,semantic-token,text-brand-500,apps/frontend/src/app/(dashboard)/media/components/player/AudioPlayer.tsx,201,Preferred semantic design-system token,CODE_CONFIRMED
TOK-00975,semantic-token,text-fg,apps/frontend/src/app/(dashboard)/media/components/player/AudioPlayer.tsx,201,Preferred semantic design-system token,CODE_CONFIRMED
TOK-00976,semantic-token,text-fg,apps/frontend/src/app/(dashboard)/media/components/player/AudioPlayer.tsx,201,Preferred semantic design-system token,CODE_CONFIRMED
TOK-00977,semantic-token,text-fg,apps/frontend/src/app/(dashboard)/media/components/player/AudioPlayer.tsx,215,Preferred semantic design-system token,CODE_CONFIRMED
TOK-00978,semantic-token,bg-bg,apps/frontend/src/app/(dashboard)/media/components/player/AudioPlayer.tsx,223,Preferred semantic design-system token,CODE_CONFIRMED
TOK-00979,semantic-token,bg-brand-500,apps/frontend/src/app/(dashboard)/media/components/player/AudioPlayer.tsx,225,Preferred semantic design-system token,CODE_CONFIRMED
TOK-00980,semantic-token,text-fg,apps/frontend/src/app/(dashboard)/media/components/player/AudioPlayer.tsx,227,Preferred semantic design-system token,CODE_CONFIRMED
TOK-00981,semantic-token,text-fg,apps/frontend/src/app/(dashboard)/media/components/player/AudioPlayer.tsx,234,Preferred semantic design-system token,CODE_CONFIRMED
TOK-00982,semantic-token,text-fg,apps/frontend/src/app/(dashboard)/media/components/player/AudioPlayer.tsx,234,Preferred semantic design-system token,CODE_CONFIRMED
TOK-00983,semantic-token,bg-bg,apps/frontend/src/app/(dashboard)/media/components/player/AudioPlayer.tsx,246,Preferred semantic design-system token,CODE_CONFIRMED
TOK-00984,semantic-token,bg-brand-500,apps/frontend/src/app/(dashboard)/media/components/player/AudioPlayer.tsx,248,Preferred semantic design-system token,CODE_CONFIRMED
TOK-00985,semantic-token,text-fg,apps/frontend/src/app/(dashboard)/media/components/source-browser/Breadcrumb.tsx,32,Preferred semantic design-system token,CODE_CONFIRMED
TOK-00986,semantic-token,text-fg,apps/frontend/src/app/(dashboard)/media/components/source-browser/Breadcrumb.tsx,35,Preferred semantic design-system token,CODE_CONFIRMED
TOK-00987,semantic-token,text-fg,apps/frontend/src/app/(dashboard)/media/components/source-browser/Breadcrumb.tsx,39,Preferred semantic design-system token,CODE_CONFIRMED
TOK-00988,semantic-token,bg-bg,apps/frontend/src/app/(dashboard)/media/components/source-browser/Breadcrumb.tsx,39,Preferred semantic design-system token,CODE_CONFIRMED
TOK-00989,semantic-token,text-fg,apps/frontend/src/app/(dashboard)/media/components/source-browser/Breadcrumb.tsx,54,Preferred semantic design-system token,CODE_CONFIRMED
TOK-00990,semantic-token,text-fg,apps/frontend/src/app/(dashboard)/media/components/source-browser/Breadcrumb.tsx,62,Preferred semantic design-system token,CODE_CONFIRMED
TOK-00991,semantic-token,bg-bg,apps/frontend/src/app/(dashboard)/media/components/source-browser/Breadcrumb.tsx,62,Preferred semantic design-system token,CODE_CONFIRMED
TOK-00992,static-color,bg-black/50,apps/frontend/src/app/(dashboard)/media/components/source-browser/FolderGrid.tsx,148,Review light/dark contrast and accent bypass,REVIEW_REQUIRED
TOK-00993,static-color,text-white,apps/frontend/src/app/(dashboard)/media/components/source-browser/FolderGrid.tsx,149,Review light/dark contrast and accent bypass,REVIEW_REQUIRED
TOK-00994,static-color,text-white,apps/frontend/src/app/(dashboard)/media/components/source-browser/FolderGrid.tsx,164,Review light/dark contrast and accent bypass,REVIEW_REQUIRED
TOK-00995,semantic-token,text-fg,apps/frontend/src/app/(dashboard)/media/components/source-browser/FolderGrid.tsx,71,Preferred semantic design-system token,CODE_CONFIRMED
TOK-00996,semantic-token,border-danger/20,apps/frontend/src/app/(dashboard)/media/components/source-browser/FolderGrid.tsx,81,Preferred semantic design-system token,CODE_CONFIRMED
TOK-00997,semantic-token,bg-danger/5,apps/frontend/src/app/(dashboard)/media/components/source-browser/FolderGrid.tsx,81,Preferred semantic design-system token,CODE_CONFIRMED
TOK-00998,semantic-token,text-danger,apps/frontend/src/app/(dashboard)/media/components/source-browser/FolderGrid.tsx,81,Preferred semantic design-system token,CODE_CONFIRMED
TOK-00999,semantic-token,text-danger/80,apps/frontend/src/app/(dashboard)/media/components/source-browser/FolderGrid.tsx,85,Preferred semantic design-system token,CODE_CONFIRMED
TOK-01000,semantic-token,border-border,apps/frontend/src/app/(dashboard)/media/components/source-browser/FolderGrid.tsx,94,Preferred semantic design-system token,CODE_CONFIRMED
TOK-01001,semantic-token,text-fg,apps/frontend/src/app/(dashboard)/media/components/source-browser/FolderGrid.tsx,94,Preferred semantic design-system token,CODE_CONFIRMED
TOK-01002,semantic-token,border-border,apps/frontend/src/app/(dashboard)/media/components/source-browser/FolderGrid.tsx,112,Preferred semantic design-system token,CODE_CONFIRMED
TOK-01003,semantic-token,bg-bg,apps/frontend/src/app/(dashboard)/media/components/source-browser/FolderGrid.tsx,112,Preferred semantic design-system token,CODE_CONFIRMED
TOK-01004,semantic-token,border-brand-500/50,apps/frontend/src/app/(dashboard)/media/components/source-browser/FolderGrid.tsx,112,Preferred semantic design-system token,CODE_CONFIRMED
TOK-01005,semantic-token,bg-bg,apps/frontend/src/app/(dashboard)/media/components/source-browser/FolderGrid.tsx,112,Preferred semantic design-system token,CODE_CONFIRMED
TOK-01006,semantic-token,text-brand-500,apps/frontend/src/app/(dashboard)/media/components/source-browser/FolderGrid.tsx,114,Preferred semantic design-system token,CODE_CONFIRMED
TOK-01007,semantic-token,text-brand-400,apps/frontend/src/app/(dashboard)/media/components/source-browser/FolderGrid.tsx,114,Preferred semantic design-system token,CODE_CONFIRMED
TOK-01008,semantic-token,text-fg,apps/frontend/src/app/(dashboard)/media/components/source-browser/FolderGrid.tsx,117,Preferred semantic design-system token,CODE_CONFIRMED
TOK-01009,semantic-token,border-border,apps/frontend/src/app/(dashboard)/media/components/source-browser/FolderGrid.tsx,129,Preferred semantic design-system token,CODE_CONFIRMED
TOK-01010,semantic-token,bg-bg,apps/frontend/src/app/(dashboard)/media/components/source-browser/FolderGrid.tsx,129,Preferred semantic design-system token,CODE_CONFIRMED
TOK-01011,semantic-token,border-brand-500/50,apps/frontend/src/app/(dashboard)/media/components/source-browser/FolderGrid.tsx,129,Preferred semantic design-system token,CODE_CONFIRMED
TOK-01012,semantic-token,bg-bg,apps/frontend/src/app/(dashboard)/media/components/source-browser/FolderGrid.tsx,154,Preferred semantic design-system token,CODE_CONFIRMED
TOK-01013,semantic-token,border-border,apps/frontend/src/app/(dashboard)/media/components/source-browser/SourceBrowser.tsx,104,Preferred semantic design-system token,CODE_CONFIRMED
TOK-01014,semantic-token,bg-bg,apps/frontend/src/app/(dashboard)/media/components/source-browser/SourceBrowser.tsx,104,Preferred semantic design-system token,CODE_CONFIRMED
TOK-01015,semantic-token,text-fg,apps/frontend/src/app/(dashboard)/media/components/source-browser/SourceBrowser.tsx,104,Preferred semantic design-system token,CODE_CONFIRMED
TOK-01016,semantic-token,ring-brand-500/50,apps/frontend/src/app/(dashboard)/media/components/source-browser/SourceBrowser.tsx,104,Preferred semantic design-system token,CODE_CONFIRMED
TOK-01017,semantic-token,text-fg,apps/frontend/src/app/(dashboard)/media/components/source-browser/SourceBrowser.tsx,114,Preferred semantic design-system token,CODE_CONFIRMED
TOK-01018,semantic-token,border-danger/20,apps/frontend/src/app/(dashboard)/media/components/source-browser/SourceBrowser.tsx,120,Preferred semantic design-system token,CODE_CONFIRMED
TOK-01019,semantic-token,bg-danger/5,apps/frontend/src/app/(dashboard)/media/components/source-browser/SourceBrowser.tsx,120,Preferred semantic design-system token,CODE_CONFIRMED
TOK-01020,semantic-token,text-danger,apps/frontend/src/app/(dashboard)/media/components/source-browser/SourceBrowser.tsx,120,Preferred semantic design-system token,CODE_CONFIRMED
TOK-01021,semantic-token,text-danger/80,apps/frontend/src/app/(dashboard)/media/components/source-browser/SourceBrowser.tsx,124,Preferred semantic design-system token,CODE_CONFIRMED
TOK-01022,semantic-token,border-border,apps/frontend/src/app/(dashboard)/media/components/source-browser/SourceBrowser.tsx,151,Preferred semantic design-system token,CODE_CONFIRMED
TOK-01023,semantic-token,text-fg,apps/frontend/src/app/(dashboard)/media/components/source-browser/SourceBrowser.tsx,151,Preferred semantic design-system token,CODE_CONFIRMED
TOK-01024,static-color,bg-black/50,apps/frontend/src/app/(dashboard)/media/components/VideoPreviewTile.tsx,51,Review light/dark contrast and accent bypass,REVIEW_REQUIRED
TOK-01025,static-color,text-white,apps/frontend/src/app/(dashboard)/media/components/VideoPreviewTile.tsx,52,Review light/dark contrast and accent bypass,REVIEW_REQUIRED
TOK-01026,static-color,bg-gray-100,apps/frontend/src/app/(dashboard)/media/MapContent.tsx,133,Review light/dark contrast and accent bypass,REVIEW_REQUIRED
TOK-01027,static-color,text-gray-400,apps/frontend/src/app/(dashboard)/media/MapContent.tsx,133,Review light/dark contrast and accent bypass,REVIEW_REQUIRED
TOK-01028,static-color,text-gray-500,apps/frontend/src/app/(dashboard)/media/MapContent.tsx,143,Review light/dark contrast and accent bypass,REVIEW_REQUIRED
TOK-01029,static-color,border-gray-200,apps/frontend/src/app/(dashboard)/media/MapContent.tsx,166,Review light/dark contrast and accent bypass,REVIEW_REQUIRED
TOK-01030,static-color,bg-gray-50,apps/frontend/src/app/(dashboard)/media/MapContent.tsx,166,Review light/dark contrast and accent bypass,REVIEW_REQUIRED
TOK-01031,static-color,text-green-500,apps/frontend/src/app/(dashboard)/media/page.tsx,305,Review light/dark contrast and accent bypass,REVIEW_REQUIRED
TOK-01032,static-color,bg-black/60,apps/frontend/src/app/(dashboard)/media/page.tsx,350,Review light/dark contrast and accent bypass,REVIEW_REQUIRED
TOK-01033,static-color,bg-black/60,apps/frontend/src/app/(dashboard)/media/page.tsx,526,Review light/dark contrast and accent bypass,REVIEW_REQUIRED
TOK-01034,static-color,bg-black/60,apps/frontend/src/app/(dashboard)/media/page.tsx,575,Review light/dark contrast and accent bypass,REVIEW_REQUIRED
TOK-01035,static-color,text-red-400,apps/frontend/src/app/(dashboard)/media/page.tsx,733,Review light/dark contrast and accent bypass,REVIEW_REQUIRED
TOK-01036,static-color,bg-black/40,apps/frontend/src/app/(dashboard)/media/page.tsx,733,Review light/dark contrast and accent bypass,REVIEW_REQUIRED
TOK-01037,static-color,text-white,apps/frontend/src/app/(dashboard)/media/page.tsx,734,Review light/dark contrast and accent bypass,REVIEW_REQUIRED
TOK-01038,static-color,bg-black/40,apps/frontend/src/app/(dashboard)/media/page.tsx,734,Review light/dark contrast and accent bypass,REVIEW_REQUIRED
TOK-01039,static-color,text-red-300,apps/frontend/src/app/(dashboard)/media/page.tsx,734,Review light/dark contrast and accent bypass,REVIEW_REQUIRED
TOK-01040,static-color,text-white,apps/frontend/src/app/(dashboard)/media/page.tsx,747,Review light/dark contrast and accent bypass,REVIEW_REQUIRED
TOK-01041,static-color,text-white/70,apps/frontend/src/app/(dashboard)/media/page.tsx,749,Review light/dark contrast and accent bypass,REVIEW_REQUIRED
TOK-01042,static-color,bg-black/40,apps/frontend/src/app/(dashboard)/media/page.tsx,1073,Review light/dark contrast and accent bypass,REVIEW_REQUIRED
TOK-01043,static-color,text-white,apps/frontend/src/app/(dashboard)/media/page.tsx,1074,Review light/dark contrast and accent bypass,REVIEW_REQUIRED
TOK-01044,static-color,text-white/70,apps/frontend/src/app/(dashboard)/media/page.tsx,1074,Review light/dark contrast and accent bypass,REVIEW_REQUIRED
TOK-01045,static-color,bg-black/50,apps/frontend/src/app/(dashboard)/media/page.tsx,1102,Review light/dark contrast and accent bypass,REVIEW_REQUIRED
TOK-01046,static-color,text-white,apps/frontend/src/app/(dashboard)/media/page.tsx,1103,Review light/dark contrast and accent bypass,REVIEW_REQUIRED
TOK-01047,static-color,text-red-400,apps/frontend/src/app/(dashboard)/media/page.tsx,1116,Review light/dark contrast and accent bypass,REVIEW_REQUIRED
TOK-01048,static-color,bg-black/40,apps/frontend/src/app/(dashboard)/media/page.tsx,1116,Review light/dark contrast and accent bypass,REVIEW_REQUIRED
TOK-01049,static-color,text-white,apps/frontend/src/app/(dashboard)/media/page.tsx,1117,Review light/dark contrast and accent bypass,REVIEW_REQUIRED
TOK-01050,static-color,bg-black/40,apps/frontend/src/app/(dashboard)/media/page.tsx,1117,Review light/dark contrast and accent bypass,REVIEW_REQUIRED
TOK-01051,static-color,text-red-300,apps/frontend/src/app/(dashboard)/media/page.tsx,1117,Review light/dark contrast and accent bypass,REVIEW_REQUIRED
TOK-01052,static-color,text-white,apps/frontend/src/app/(dashboard)/media/page.tsx,1130,Review light/dark contrast and accent bypass,REVIEW_REQUIRED
TOK-01053,static-color,text-white/70,apps/frontend/src/app/(dashboard)/media/page.tsx,1132,Review light/dark contrast and accent bypass,REVIEW_REQUIRED
TOK-01054,static-color,bg-black/60,apps/frontend/src/app/(dashboard)/media/page.tsx,1203,Review light/dark contrast and accent bypass,REVIEW_REQUIRED
TOK-01055,static-color,bg-black/85,apps/frontend/src/app/(dashboard)/media/page.tsx,1257,Review light/dark contrast and accent bypass,REVIEW_REQUIRED
TOK-01056,static-color,bg-black/50,apps/frontend/src/app/(dashboard)/media/page.tsx,1263,Review light/dark contrast and accent bypass,REVIEW_REQUIRED
TOK-01057,static-color,text-white,apps/frontend/src/app/(dashboard)/media/page.tsx,1263,Review light/dark contrast and accent bypass,REVIEW_REQUIRED
TOK-01058,static-color,bg-black/70,apps/frontend/src/app/(dashboard)/media/page.tsx,1263,Review light/dark contrast and accent bypass,REVIEW_REQUIRED
TOK-01059,static-color,bg-black/50,apps/frontend/src/app/(dashboard)/media/page.tsx,1272,Review light/dark contrast and accent bypass,REVIEW_REQUIRED
TOK-01060,static-color,text-white,apps/frontend/src/app/(dashboard)/media/page.tsx,1272,Review light/dark contrast and accent bypass,REVIEW_REQUIRED
TOK-01061,static-color,bg-black/70,apps/frontend/src/app/(dashboard)/media/page.tsx,1272,Review light/dark contrast and accent bypass,REVIEW_REQUIRED
TOK-01062,static-color,bg-black/50,apps/frontend/src/app/(dashboard)/media/page.tsx,1282,Review light/dark contrast and accent bypass,REVIEW_REQUIRED
TOK-01063,static-color,text-white,apps/frontend/src/app/(dashboard)/media/page.tsx,1282,Review light/dark contrast and accent bypass,REVIEW_REQUIRED
TOK-01064,static-color,bg-black/70,apps/frontend/src/app/(dashboard)/media/page.tsx,1282,Review light/dark contrast and accent bypass,REVIEW_REQUIRED
TOK-01065,static-color,text-white,apps/frontend/src/app/(dashboard)/media/page.tsx,1318,Review light/dark contrast and accent bypass,REVIEW_REQUIRED
TOK-01066,static-color,text-white/70,apps/frontend/src/app/(dashboard)/media/page.tsx,1320,Review light/dark contrast and accent bypass,REVIEW_REQUIRED
TOK-01067,static-color,text-red-400,apps/frontend/src/app/(dashboard)/media/page.tsx,1340,Review light/dark contrast and accent bypass,REVIEW_REQUIRED
TOK-01068,static-color,text-white/70,apps/frontend/src/app/(dashboard)/media/page.tsx,1340,Review light/dark contrast and accent bypass,REVIEW_REQUIRED
TOK-01069,static-color,text-red-300,apps/frontend/src/app/(dashboard)/media/page.tsx,1340,Review light/dark contrast and accent bypass,REVIEW_REQUIRED
TOK-01070,static-color,bg-black/60,apps/frontend/src/app/(dashboard)/media/page.tsx,1471,Review light/dark contrast and accent bypass,REVIEW_REQUIRED
TOK-01071,static-color,bg-black/60,apps/frontend/src/app/(dashboard)/media/page.tsx,1628,Review light/dark contrast and accent bypass,REVIEW_REQUIRED
TOK-01072,semantic-token,text-fg,apps/frontend/src/app/(dashboard)/media/page.tsx,145,Preferred semantic design-system token,CODE_CONFIRMED
TOK-01073,semantic-token,text-fg,apps/frontend/src/app/(dashboard)/media/page.tsx,158,Preferred semantic design-system token,CODE_CONFIRMED
TOK-01074,semantic-token,border-border,apps/frontend/src/app/(dashboard)/media/page.tsx,165,Preferred semantic design-system token,CODE_CONFIRMED
TOK-01075,semantic-token,bg-bg,apps/frontend/src/app/(dashboard)/media/page.tsx,165,Preferred semantic design-system token,CODE_CONFIRMED
TOK-01076,semantic-token,bg-bg,apps/frontend/src/app/(dashboard)/media/page.tsx,173,Preferred semantic design-system token,CODE_CONFIRMED
TOK-01077,semantic-token,text-fg,apps/frontend/src/app/(dashboard)/media/page.tsx,173,Preferred semantic design-system token,CODE_CONFIRMED
TOK-01078,semantic-token,text-fg,apps/frontend/src/app/(dashboard)/media/page.tsx,174,Preferred semantic design-system token,CODE_CONFIRMED
TOK-01079,semantic-token,text-fg,apps/frontend/src/app/(dashboard)/media/page.tsx,174,Preferred semantic design-system token,CODE_CONFIRMED
TOK-01080,semantic-token,text-fg,apps/frontend/src/app/(dashboard)/media/page.tsx,213,Preferred semantic design-system token,CODE_CONFIRMED
TOK-01081,semantic-token,bg-brand-500,apps/frontend/src/app/(dashboard)/media/page.tsx,218,Preferred semantic design-system token,CODE_CONFIRMED
TOK-01082,semantic-token,text-bg,apps/frontend/src/app/(dashboard)/media/page.tsx,218,Preferred semantic design-system token,CODE_CONFIRMED
TOK-01083,semantic-token,bg-brand-400,apps/frontend/src/app/(dashboard)/media/page.tsx,218,Preferred semantic design-system token,CODE_CONFIRMED
TOK-01084,semantic-token,text-fg,apps/frontend/src/app/(dashboard)/media/page.tsx,226,Preferred semantic design-system token,CODE_CONFIRMED
TOK-01085,semantic-token,border-danger/20,apps/frontend/src/app/(dashboard)/media/page.tsx,233,Preferred semantic design-system token,CODE_CONFIRMED
TOK-01086,semantic-token,bg-danger/5,apps/frontend/src/app/(dashboard)/media/page.tsx,233,Preferred semantic design-system token,CODE_CONFIRMED
TOK-01087,semantic-token,text-danger,apps/frontend/src/app/(dashboard)/media/page.tsx,233,Preferred semantic design-system token,CODE_CONFIRMED
TOK-01088,semantic-token,text-danger/80,apps/frontend/src/app/(dashboard)/media/page.tsx,237,Preferred semantic design-system token,CODE_CONFIRMED
TOK-01089,semantic-token,border-border,apps/frontend/src/app/(dashboard)/media/page.tsx,251,Preferred semantic design-system token,CODE_CONFIRMED
TOK-01090,semantic-token,text-fg,apps/frontend/src/app/(dashboard)/media/page.tsx,251,Preferred semantic design-system token,CODE_CONFIRMED
TOK-01091,semantic-token,border-border,apps/frontend/src/app/(dashboard)/media/page.tsx,288,Preferred semantic design-system token,CODE_CONFIRMED
TOK-01092,semantic-token,bg-bg,apps/frontend/src/app/(dashboard)/media/page.tsx,288,Preferred semantic design-system token,CODE_CONFIRMED
TOK-01093,semantic-token,bg-brand-500/10,apps/frontend/src/app/(dashboard)/media/page.tsx,289,Preferred semantic design-system token,CODE_CONFIRMED
TOK-01094,semantic-token,text-brand-500,apps/frontend/src/app/(dashboard)/media/page.tsx,289,Preferred semantic design-system token,CODE_CONFIRMED
TOK-01095,semantic-token,text-fg,apps/frontend/src/app/(dashboard)/media/page.tsx,294,Preferred semantic design-system token,CODE_CONFIRMED
TOK-01096,semantic-token,bg-bg,apps/frontend/src/app/(dashboard)/media/page.tsx,296,Preferred semantic design-system token,CODE_CONFIRMED
TOK-01097,semantic-token,text-fg,apps/frontend/src/app/(dashboard)/media/page.tsx,296,Preferred semantic design-system token,CODE_CONFIRMED
TOK-01098,semantic-token,border-border,apps/frontend/src/app/(dashboard)/media/page.tsx,296,Preferred semantic design-system token,CODE_CONFIRMED
TOK-01099,semantic-token,text-danger,apps/frontend/src/app/(dashboard)/media/page.tsx,303,Preferred semantic design-system token,CODE_CONFIRMED
TOK-01100,semantic-token,text-fg,apps/frontend/src/app/(dashboard)/media/page.tsx,309,Preferred semantic design-system token,CODE_CONFIRMED
TOK-01101,semantic-token,text-fg,apps/frontend/src/app/(dashboard)/media/page.tsx,309,Preferred semantic design-system token,CODE_CONFIRMED
TOK-01102,semantic-token,bg-bg,apps/frontend/src/app/(dashboard)/media/page.tsx,309,Preferred semantic design-system token,CODE_CONFIRMED
TOK-01103,semantic-token,bg-brand-500,apps/frontend/src/app/(dashboard)/media/page.tsx,315,Preferred semantic design-system token,CODE_CONFIRMED
TOK-01104,semantic-token,text-bg,apps/frontend/src/app/(dashboard)/media/page.tsx,315,Preferred semantic design-system token,CODE_CONFIRMED
TOK-01105,semantic-token,bg-brand-400,apps/frontend/src/app/(dashboard)/media/page.tsx,315,Preferred semantic design-system token,CODE_CONFIRMED
TOK-01106,semantic-token,border-border,apps/frontend/src/app/(dashboard)/media/page.tsx,351,Preferred semantic design-system token,CODE_CONFIRMED
TOK-01107,semantic-token,bg-bg,apps/frontend/src/app/(dashboard)/media/page.tsx,351,Preferred semantic design-system token,CODE_CONFIRMED
TOK-01108,semantic-token,text-fg,apps/frontend/src/app/(dashboard)/media/page.tsx,354,Preferred semantic design-system token,CODE_CONFIRMED
TOK-01109,semantic-token,text-fg,apps/frontend/src/app/(dashboard)/media/page.tsx,354,Preferred semantic design-system token,CODE_CONFIRMED
TOK-01110,semantic-token,border-border,apps/frontend/src/app/(dashboard)/media/page.tsx,358,Preferred semantic design-system token,CODE_CONFIRMED
TOK-01111,semantic-token,bg-bg,apps/frontend/src/app/(dashboard)/media/page.tsx,358,Preferred semantic design-system token,CODE_CONFIRMED
TOK-01112,semantic-token,ring-brand-500/50,apps/frontend/src/app/(dashboard)/media/page.tsx,358,Preferred semantic design-system token,CODE_CONFIRMED
TOK-01113,semantic-token,border-border,apps/frontend/src/app/(dashboard)/media/page.tsx,362,Preferred semantic design-system token,CODE_CONFIRMED
TOK-01114,semantic-token,bg-bg,apps/frontend/src/app/(dashboard)/media/page.tsx,362,Preferred semantic design-system token,CODE_CONFIRMED
TOK-01115,semantic-token,ring-brand-500/50,apps/frontend/src/app/(dashboard)/media/page.tsx,362,Preferred semantic design-system token,CODE_CONFIRMED
TOK-01116,semantic-token,text-danger,apps/frontend/src/app/(dashboard)/media/page.tsx,364,Preferred semantic design-system token,CODE_CONFIRMED
TOK-01117,semantic-token,border-danger/30,apps/frontend/src/app/(dashboard)/media/page.tsx,366,Preferred semantic design-system token,CODE_CONFIRMED
TOK-01118,semantic-token,text-danger,apps/frontend/src/app/(dashboard)/media/page.tsx,366,Preferred semantic design-system token,CODE_CONFIRMED
TOK-01119,semantic-token,bg-danger/5,apps/frontend/src/app/(dashboard)/media/page.tsx,366,Preferred semantic design-system token,CODE_CONFIRMED
TOK-01120,semantic-token,border-border,apps/frontend/src/app/(dashboard)/media/page.tsx,367,Preferred semantic design-system token,CODE_CONFIRMED
TOK-01121,semantic-token,text-fg,apps/frontend/src/app/(dashboard)/media/page.tsx,367,Preferred semantic design-system token,CODE_CONFIRMED
TOK-01122,semantic-token,bg-bg,apps/frontend/src/app/(dashboard)/media/page.tsx,367,Preferred semantic design-system token,CODE_CONFIRMED
TOK-01123,semantic-token,bg-brand-500,apps/frontend/src/app/(dashboard)/media/page.tsx,368,Preferred semantic design-system token,CODE_CONFIRMED
TOK-01124,semantic-token,text-bg,apps/frontend/src/app/(dashboard)/media/page.tsx,368,Preferred semantic design-system token,CODE_CONFIRMED
TOK-01125,semantic-token,bg-brand-400,apps/frontend/src/app/(dashboard)/media/page.tsx,368,Preferred semantic design-system token,CODE_CONFIRMED
TOK-01126,semantic-token,text-fg,apps/frontend/src/app/(dashboard)/media/page.tsx,419,Preferred semantic design-system token,CODE_CONFIRMED
TOK-01127,semantic-token,bg-brand-500,apps/frontend/src/app/(dashboard)/media/page.tsx,424,Preferred semantic design-system token,CODE_CONFIRMED
TOK-01128,semantic-token,text-bg,apps/frontend/src/app/(dashboard)/media/page.tsx,424,Preferred semantic design-system token,CODE_CONFIRMED
TOK-01129,semantic-token,bg-brand-400,apps/frontend/src/app/(dashboard)/media/page.tsx,424,Preferred semantic design-system token,CODE_CONFIRMED
TOK-01130,semantic-token,text-fg,apps/frontend/src/app/(dashboard)/media/page.tsx,432,Preferred semantic design-system token,CODE_CONFIRMED
TOK-01131,semantic-token,border-danger/20,apps/frontend/src/app/(dashboard)/media/page.tsx,439,Preferred semantic design-system token,CODE_CONFIRMED
TOK-01132,semantic-token,bg-danger/5,apps/frontend/src/app/(dashboard)/media/page.tsx,439,Preferred semantic design-system token,CODE_CONFIRMED
TOK-01133,semantic-token,text-danger,apps/frontend/src/app/(dashboard)/media/page.tsx,439,Preferred semantic design-system token,CODE_CONFIRMED
TOK-01134,semantic-token,text-danger/80,apps/frontend/src/app/(dashboard)/media/page.tsx,443,Preferred semantic design-system token,CODE_CONFIRMED
TOK-01135,semantic-token,border-border,apps/frontend/src/app/(dashboard)/media/page.tsx,451,Preferred semantic design-system token,CODE_CONFIRMED
TOK-01136,semantic-token,bg-bg,apps/frontend/src/app/(dashboard)/media/page.tsx,451,Preferred semantic design-system token,CODE_CONFIRMED
TOK-01137,semantic-token,border-brand-500/50,apps/frontend/src/app/(dashboard)/media/page.tsx,454,Preferred semantic design-system token,CODE_CONFIRMED
TOK-01138,semantic-token,text-brand-500,apps/frontend/src/app/(dashboard)/media/page.tsx,457,Preferred semantic design-system token,CODE_CONFIRMED
TOK-01139,semantic-token,text-fg,apps/frontend/src/app/(dashboard)/media/page.tsx,461,Preferred semantic design-system token,CODE_CONFIRMED
TOK-01140,semantic-token,bg-bg,apps/frontend/src/app/(dashboard)/media/page.tsx,463,Preferred semantic design-system token,CODE_CONFIRMED
TOK-01141,semantic-token,text-fg,apps/frontend/src/app/(dashboard)/media/page.tsx,463,Preferred semantic design-system token,CODE_CONFIRMED
TOK-01142,semantic-token,border-border,apps/frontend/src/app/(dashboard)/media/page.tsx,463,Preferred semantic design-system token,CODE_CONFIRMED
TOK-01143,semantic-token,border-border,apps/frontend/src/app/(dashboard)/media/page.tsx,467,Preferred semantic design-system token,CODE_CONFIRMED
TOK-01144,semantic-token,text-fg,apps/frontend/src/app/(dashboard)/media/page.tsx,468,Preferred semantic design-system token,CODE_CONFIRMED
TOK-01145,semantic-token,text-fg,apps/frontend/src/app/(dashboard)/media/page.tsx,468,Preferred semantic design-system token,CODE_CONFIRMED
TOK-01146,semantic-token,bg-bg,apps/frontend/src/app/(dashboard)/media/page.tsx,468,Preferred semantic design-system token,CODE_CONFIRMED
TOK-01147,semantic-token,text-fg,apps/frontend/src/app/(dashboard)/media/page.tsx,469,Preferred semantic design-system token,CODE_CONFIRMED
TOK-01148,semantic-token,text-fg,apps/frontend/src/app/(dashboard)/media/page.tsx,469,Preferred semantic design-system token,CODE_CONFIRMED
TOK-01149,semantic-token,bg-bg,apps/frontend/src/app/(dashboard)/media/page.tsx,469,Preferred semantic design-system token,CODE_CONFIRMED
TOK-01150,semantic-token,text-fg,apps/frontend/src/app/(dashboard)/media/page.tsx,470,Preferred semantic design-system token,CODE_CONFIRMED
TOK-01151,semantic-token,text-danger,apps/frontend/src/app/(dashboard)/media/page.tsx,470,Preferred semantic design-system token,CODE_CONFIRMED
TOK-01152,semantic-token,bg-danger/10,apps/frontend/src/app/(dashboard)/media/page.tsx,470,Preferred semantic design-system token,CODE_CONFIRMED
TOK-01153,semantic-token,border-border,apps/frontend/src/app/(dashboard)/media/page.tsx,478,Preferred semantic design-system token,CODE_CONFIRMED
TOK-01154,semantic-token,text-fg,apps/frontend/src/app/(dashboard)/media/page.tsx,478,Preferred semantic design-system token,CODE_CONFIRMED
TOK-01155,semantic-token,border-border,apps/frontend/src/app/(dashboard)/media/page.tsx,527,Preferred semantic design-system token,CODE_CONFIRMED
TOK-01156,semantic-token,bg-bg,apps/frontend/src/app/(dashboard)/media/page.tsx,527,Preferred semantic design-system token,CODE_CONFIRMED
TOK-01157,semantic-token,text-fg,apps/frontend/src/app/(dashboard)/media/page.tsx,530,Preferred semantic design-system token,CODE_CONFIRMED
TOK-01158,semantic-token,text-fg,apps/frontend/src/app/(dashboard)/media/page.tsx,530,Preferred semantic design-system token,CODE_CONFIRMED
TOK-01159,semantic-token,border-border,apps/frontend/src/app/(dashboard)/media/page.tsx,534,Preferred semantic design-system token,CODE_CONFIRMED
TOK-01160,semantic-token,bg-bg,apps/frontend/src/app/(dashboard)/media/page.tsx,534,Preferred semantic design-system token,CODE_CONFIRMED
TOK-01161,semantic-token,ring-brand-500/50,apps/frontend/src/app/(dashboard)/media/page.tsx,534,Preferred semantic design-system token,CODE_CONFIRMED
TOK-01162,semantic-token,border-border,apps/frontend/src/app/(dashboard)/media/page.tsx,538,Preferred semantic design-system token,CODE_CONFIRMED
TOK-01163,semantic-token,bg-bg,apps/frontend/src/app/(dashboard)/media/page.tsx,538,Preferred semantic design-system token,CODE_CONFIRMED
TOK-01164,semantic-token,ring-brand-500/50,apps/frontend/src/app/(dashboard)/media/page.tsx,538,Preferred semantic design-system token,CODE_CONFIRMED
TOK-01165,semantic-token,text-danger,apps/frontend/src/app/(dashboard)/media/page.tsx,540,Preferred semantic design-system token,CODE_CONFIRMED
TOK-01166,semantic-token,border-border,apps/frontend/src/app/(dashboard)/media/page.tsx,542,Preferred semantic design-system token,CODE_CONFIRMED
TOK-01167,semantic-token,text-fg,apps/frontend/src/app/(dashboard)/media/page.tsx,542,Preferred semantic design-system token,CODE_CONFIRMED
TOK-01168,semantic-token,bg-bg,apps/frontend/src/app/(dashboard)/media/page.tsx,542,Preferred semantic design-system token,CODE_CONFIRMED
TOK-01169,semantic-token,bg-brand-500,apps/frontend/src/app/(dashboard)/media/page.tsx,543,Preferred semantic design-system token,CODE_CONFIRMED
TOK-01170,semantic-token,text-bg,apps/frontend/src/app/(dashboard)/media/page.tsx,543,Preferred semantic design-system token,CODE_CONFIRMED
TOK-01171,semantic-token,bg-brand-400,apps/frontend/src/app/(dashboard)/media/page.tsx,543,Preferred semantic design-system token,CODE_CONFIRMED
TOK-01172,semantic-token,border-border,apps/frontend/src/app/(dashboard)/media/page.tsx,576,Preferred semantic design-system token,CODE_CONFIRMED
TOK-01173,semantic-token,bg-bg,apps/frontend/src/app/(dashboard)/media/page.tsx,576,Preferred semantic design-system token,CODE_CONFIRMED
TOK-01174,semantic-token,text-fg,apps/frontend/src/app/(dashboard)/media/page.tsx,579,Preferred semantic design-system token,CODE_CONFIRMED
TOK-01175,semantic-token,text-fg,apps/frontend/src/app/(dashboard)/media/page.tsx,579,Preferred semantic design-system token,CODE_CONFIRMED
TOK-01176,semantic-token,border-border,apps/frontend/src/app/(dashboard)/media/page.tsx,581,Preferred semantic design-system token,CODE_CONFIRMED
TOK-01177,semantic-token,bg-bg,apps/frontend/src/app/(dashboard)/media/page.tsx,581,Preferred semantic design-system token,CODE_CONFIRMED
TOK-01178,semantic-token,ring-brand-500/50,apps/frontend/src/app/(dashboard)/media/page.tsx,581,Preferred semantic design-system token,CODE_CONFIRMED
TOK-01179,semantic-token,text-fg,apps/frontend/src/app/(dashboard)/media/page.tsx,582,Preferred semantic design-system token,CODE_CONFIRMED
TOK-01180,semantic-token,border-brand-500,apps/frontend/src/app/(dashboard)/media/page.tsx,586,Preferred semantic design-system token,CODE_CONFIRMED
TOK-01181,semantic-token,border-border,apps/frontend/src/app/(dashboard)/media/page.tsx,586,Preferred semantic design-system token,CODE_CONFIRMED
TOK-01182,semantic-token,border-brand-500/50,apps/frontend/src/app/(dashboard)/media/page.tsx,586,Preferred semantic design-system token,CODE_CONFIRMED
TOK-01183,semantic-token,bg-bg,apps/frontend/src/app/(dashboard)/media/page.tsx,588,Preferred semantic design-system token,CODE_CONFIRMED
TOK-01184,semantic-token,bg-brand-500,apps/frontend/src/app/(dashboard)/media/page.tsx,589,Preferred semantic design-system token,CODE_CONFIRMED
TOK-01185,semantic-token,text-bg,apps/frontend/src/app/(dashboard)/media/page.tsx,589,Preferred semantic design-system token,CODE_CONFIRMED
TOK-01186,semantic-token,text-fg,apps/frontend/src/app/(dashboard)/media/page.tsx,593,Preferred semantic design-system token,CODE_CONFIRMED
TOK-01187,semantic-token,border-border,apps/frontend/src/app/(dashboard)/media/page.tsx,595,Preferred semantic design-system token,CODE_CONFIRMED
TOK-01188,semantic-token,text-fg,apps/frontend/src/app/(dashboard)/media/page.tsx,595,Preferred semantic design-system token,CODE_CONFIRMED
TOK-01189,semantic-token,bg-bg,apps/frontend/src/app/(dashboard)/media/page.tsx,595,Preferred semantic design-system token,CODE_CONFIRMED
TOK-01190,semantic-token,bg-brand-500,apps/frontend/src/app/(dashboard)/media/page.tsx,597,Preferred semantic design-system token,CODE_CONFIRMED
TOK-01191,semantic-token,text-bg,apps/frontend/src/app/(dashboard)/media/page.tsx,597,Preferred semantic design-system token,CODE_CONFIRMED
TOK-01192,semantic-token,bg-brand-400,apps/frontend/src/app/(dashboard)/media/page.tsx,597,Preferred semantic design-system token,CODE_CONFIRMED
TOK-01193,semantic-token,border-border,apps/frontend/src/app/(dashboard)/media/page.tsx,648,Preferred semantic design-system token,CODE_CONFIRMED
TOK-01194,semantic-token,bg-bg,apps/frontend/src/app/(dashboard)/media/page.tsx,648,Preferred semantic design-system token,CODE_CONFIRMED
TOK-01195,semantic-token,text-fg,apps/frontend/src/app/(dashboard)/media/page.tsx,648,Preferred semantic design-system token,CODE_CONFIRMED
TOK-01196,semantic-token,bg-bg,apps/frontend/src/app/(dashboard)/media/page.tsx,648,Preferred semantic design-system token,CODE_CONFIRMED
TOK-01197,semantic-token,text-fg,apps/frontend/src/app/(dashboard)/media/page.tsx,655,Preferred semantic design-system token,CODE_CONFIRMED
TOK-01198,semantic-token,text-fg,apps/frontend/src/app/(dashboard)/media/page.tsx,661,Preferred semantic design-system token,CODE_CONFIRMED
TOK-01199,semantic-token,border-danger/20,apps/frontend/src/app/(dashboard)/media/page.tsx,669,Preferred semantic design-system token,CODE_CONFIRMED
TOK-01200,semantic-token,bg-danger/5,apps/frontend/src/app/(dashboard)/media/page.tsx,669,Preferred semantic design-system token,CODE_CONFIRMED
TOK-01201,semantic-token,text-danger,apps/frontend/src/app/(dashboard)/media/page.tsx,669,Preferred semantic design-system token,CODE_CONFIRMED
TOK-01202,semantic-token,text-danger/80,apps/frontend/src/app/(dashboard)/media/page.tsx,673,Preferred semantic design-system token,CODE_CONFIRMED
TOK-01203,semantic-token,border-border,apps/frontend/src/app/(dashboard)/media/page.tsx,680,Preferred semantic design-system token,CODE_CONFIRMED
TOK-01204,semantic-token,text-fg,apps/frontend/src/app/(dashboard)/media/page.tsx,680,Preferred semantic design-system token,CODE_CONFIRMED
TOK-01205,semantic-token,text-fg,apps/frontend/src/app/(dashboard)/media/page.tsx,692,Preferred semantic design-system token,CODE_CONFIRMED
TOK-01206,semantic-token,border-border,apps/frontend/src/app/(dashboard)/media/page.tsx,692,Preferred semantic design-system token,CODE_CONFIRMED
TOK-01207,semantic-token,text-fg,apps/frontend/src/app/(dashboard)/media/page.tsx,694,Preferred semantic design-system token,CODE_CONFIRMED
TOK-01208,semantic-token,border-border,apps/frontend/src/app/(dashboard)/media/page.tsx,700,Preferred semantic design-system token,CODE_CONFIRMED
TOK-01209,semantic-token,bg-bg,apps/frontend/src/app/(dashboard)/media/page.tsx,700,Preferred semantic design-system token,CODE_CONFIRMED
TOK-01210,semantic-token,border-brand-500/50,apps/frontend/src/app/(dashboard)/media/page.tsx,700,Preferred semantic design-system token,CODE_CONFIRMED
TOK-01211,semantic-token,bg-bg,apps/frontend/src/app/(dashboard)/media/page.tsx,719,Preferred semantic design-system token,CODE_CONFIRMED
TOK-01212,semantic-token,text-fg,apps/frontend/src/app/(dashboard)/media/page.tsx,922,Preferred semantic design-system token,CODE_CONFIRMED
TOK-01213,semantic-token,border-border,apps/frontend/src/app/(dashboard)/media/page.tsx,926,Preferred semantic design-system token,CODE_CONFIRMED
TOK-01214,semantic-token,bg-bg,apps/frontend/src/app/(dashboard)/media/page.tsx,926,Preferred semantic design-system token,CODE_CONFIRMED
TOK-01215,semantic-token,text-fg,apps/frontend/src/app/(dashboard)/media/page.tsx,926,Preferred semantic design-system token,CODE_CONFIRMED
TOK-01216,semantic-token,ring-brand-500/50,apps/frontend/src/app/(dashboard)/media/page.tsx,926,Preferred semantic design-system token,CODE_CONFIRMED
TOK-01217,semantic-token,border-border,apps/frontend/src/app/(dashboard)/media/page.tsx,938,Preferred semantic design-system token,CODE_CONFIRMED
TOK-01218,semantic-token,bg-bg,apps/frontend/src/app/(dashboard)/media/page.tsx,938,Preferred semantic design-system token,CODE_CONFIRMED
TOK-01219,semantic-token,text-fg,apps/frontend/src/app/(dashboard)/media/page.tsx,939,Preferred semantic design-system token,CODE_CONFIRMED
TOK-01220,semantic-token,text-fg,apps/frontend/src/app/(dashboard)/media/page.tsx,940,Preferred semantic design-system token,CODE_CONFIRMED
TOK-01221,semantic-token,text-fg,apps/frontend/src/app/(dashboard)/media/page.tsx,940,Preferred semantic design-system token,CODE_CONFIRMED
TOK-01222,semantic-token,text-fg,apps/frontend/src/app/(dashboard)/media/page.tsx,941,Preferred semantic design-system token,CODE_CONFIRMED
TOK-01223,semantic-token,text-fg,apps/frontend/src/app/(dashboard)/media/page.tsx,941,Preferred semantic design-system token,CODE_CONFIRMED
TOK-01224,semantic-token,border-brand-500/50,apps/frontend/src/app/(dashboard)/media/page.tsx,949,Preferred semantic design-system token,CODE_CONFIRMED
TOK-01225,semantic-token,bg-brand-500/10,apps/frontend/src/app/(dashboard)/media/page.tsx,949,Preferred semantic design-system token,CODE_CONFIRMED
TOK-01226,semantic-token,text-brand-500,apps/frontend/src/app/(dashboard)/media/page.tsx,949,Preferred semantic design-system token,CODE_CONFIRMED
TOK-01227,semantic-token,border-border,apps/frontend/src/app/(dashboard)/media/page.tsx,950,Preferred semantic design-system token,CODE_CONFIRMED
TOK-01228,semantic-token,text-fg,apps/frontend/src/app/(dashboard)/media/page.tsx,950,Preferred semantic design-system token,CODE_CONFIRMED
TOK-01229,semantic-token,text-fg,apps/frontend/src/app/(dashboard)/media/page.tsx,950,Preferred semantic design-system token,CODE_CONFIRMED
TOK-01230,semantic-token,border-brand-500/50,apps/frontend/src/app/(dashboard)/media/page.tsx,965,Preferred semantic design-system token,CODE_CONFIRMED
TOK-01231,semantic-token,bg-brand-500/10,apps/frontend/src/app/(dashboard)/media/page.tsx,965,Preferred semantic design-system token,CODE_CONFIRMED
TOK-01232,semantic-token,text-brand-500,apps/frontend/src/app/(dashboard)/media/page.tsx,965,Preferred semantic design-system token,CODE_CONFIRMED
TOK-01233,semantic-token,border-border,apps/frontend/src/app/(dashboard)/media/page.tsx,966,Preferred semantic design-system token,CODE_CONFIRMED
TOK-01234,semantic-token,text-fg,apps/frontend/src/app/(dashboard)/media/page.tsx,966,Preferred semantic design-system token,CODE_CONFIRMED
TOK-01235,semantic-token,text-fg,apps/frontend/src/app/(dashboard)/media/page.tsx,966,Preferred semantic design-system token,CODE_CONFIRMED
TOK-01236,semantic-token,text-fg,apps/frontend/src/app/(dashboard)/media/page.tsx,976,Preferred semantic design-system token,CODE_CONFIRMED
TOK-01237,semantic-token,bg-brand-500,apps/frontend/src/app/(dashboard)/media/page.tsx,977,Preferred semantic design-system token,CODE_CONFIRMED
TOK-01238,semantic-token,text-bg,apps/frontend/src/app/(dashboard)/media/page.tsx,977,Preferred semantic design-system token,CODE_CONFIRMED
TOK-01239,semantic-token,bg-brand-400,apps/frontend/src/app/(dashboard)/media/page.tsx,977,Preferred semantic design-system token,CODE_CONFIRMED
TOK-01240,semantic-token,text-fg,apps/frontend/src/app/(dashboard)/media/page.tsx,980,Preferred semantic design-system token,CODE_CONFIRMED
TOK-01241,semantic-token,text-fg,apps/frontend/src/app/(dashboard)/media/page.tsx,980,Preferred semantic design-system token,CODE_CONFIRMED
TOK-01242,semantic-token,text-fg,apps/frontend/src/app/(dashboard)/media/page.tsx,987,Preferred semantic design-system token,CODE_CONFIRMED
TOK-01243,semantic-token,text-fg,apps/frontend/src/app/(dashboard)/media/page.tsx,1011,Preferred semantic design-system token,CODE_CONFIRMED
TOK-01244,semantic-token,text-fg,apps/frontend/src/app/(dashboard)/media/page.tsx,1018,Preferred semantic design-system token,CODE_CONFIRMED
TOK-01245,semantic-token,border-danger/20,apps/frontend/src/app/(dashboard)/media/page.tsx,1026,Preferred semantic design-system token,CODE_CONFIRMED
TOK-01246,semantic-token,bg-danger/5,apps/frontend/src/app/(dashboard)/media/page.tsx,1026,Preferred semantic design-system token,CODE_CONFIRMED
TOK-01247,semantic-token,text-danger,apps/frontend/src/app/(dashboard)/media/page.tsx,1026,Preferred semantic design-system token,CODE_CONFIRMED
TOK-01248,semantic-token,text-danger/80,apps/frontend/src/app/(dashboard)/media/page.tsx,1030,Preferred semantic design-system token,CODE_CONFIRMED
TOK-01249,semantic-token,border-border,apps/frontend/src/app/(dashboard)/media/page.tsx,1037,Preferred semantic design-system token,CODE_CONFIRMED
TOK-01250,semantic-token,text-fg,apps/frontend/src/app/(dashboard)/media/page.tsx,1037,Preferred semantic design-system token,CODE_CONFIRMED
TOK-01251,semantic-token,text-fg,apps/frontend/src/app/(dashboard)/media/page.tsx,1053,Preferred semantic design-system token,CODE_CONFIRMED
TOK-01252,semantic-token,bg-bg,apps/frontend/src/app/(dashboard)/media/page.tsx,1053,Preferred semantic design-system token,CODE_CONFIRMED
TOK-01253,semantic-token,border-border,apps/frontend/src/app/(dashboard)/media/page.tsx,1053,Preferred semantic design-system token,CODE_CONFIRMED
TOK-01254,semantic-token,text-fg,apps/frontend/src/app/(dashboard)/media/page.tsx,1055,Preferred semantic design-system token,CODE_CONFIRMED
TOK-01255,semantic-token,border-brand-500,apps/frontend/src/app/(dashboard)/media/page.tsx,1063,Preferred semantic design-system token,CODE_CONFIRMED
TOK-01256,semantic-token,ring-brand-500/30,apps/frontend/src/app/(dashboard)/media/page.tsx,1063,Preferred semantic design-system token,CODE_CONFIRMED
TOK-01257,semantic-token,border-border,apps/frontend/src/app/(dashboard)/media/page.tsx,1065,Preferred semantic design-system token,CODE_CONFIRMED
TOK-01258,semantic-token,border-brand-500/50,apps/frontend/src/app/(dashboard)/media/page.tsx,1065,Preferred semantic design-system token,CODE_CONFIRMED
TOK-01259,semantic-token,border-border,apps/frontend/src/app/(dashboard)/media/page.tsx,1066,Preferred semantic design-system token,CODE_CONFIRMED
TOK-01260,semantic-token,border-brand-500/50,apps/frontend/src/app/(dashboard)/media/page.tsx,1066,Preferred semantic design-system token,CODE_CONFIRMED
TOK-01261,semantic-token,bg-brand-500,apps/frontend/src/app/(dashboard)/media/page.tsx,1073,Preferred semantic design-system token,CODE_CONFIRMED
TOK-01262,semantic-token,bg-bg,apps/frontend/src/app/(dashboard)/media/page.tsx,1083,Preferred semantic design-system token,CODE_CONFIRMED
TOK-01263,semantic-token,bg-bg,apps/frontend/src/app/(dashboard)/media/page.tsx,1092,Preferred semantic design-system token,CODE_CONFIRMED
TOK-01264,semantic-token,bg-bg,apps/frontend/src/app/(dashboard)/media/page.tsx,1095,Preferred semantic design-system token,CODE_CONFIRMED
TOK-01265,semantic-token,border-border,apps/frontend/src/app/(dashboard)/media/page.tsx,1204,Preferred semantic design-system token,CODE_CONFIRMED
TOK-01266,semantic-token,bg-bg,apps/frontend/src/app/(dashboard)/media/page.tsx,1204,Preferred semantic design-system token,CODE_CONFIRMED
TOK-01267,semantic-token,text-fg,apps/frontend/src/app/(dashboard)/media/page.tsx,1207,Preferred semantic design-system token,CODE_CONFIRMED
TOK-01268,semantic-token,text-fg,apps/frontend/src/app/(dashboard)/media/page.tsx,1207,Preferred semantic design-system token,CODE_CONFIRMED
TOK-01269,semantic-token,border-brand-500,apps/frontend/src/app/(dashboard)/media/page.tsx,1212,Preferred semantic design-system token,CODE_CONFIRMED
TOK-01270,semantic-token,bg-brand-500/10,apps/frontend/src/app/(dashboard)/media/page.tsx,1212,Preferred semantic design-system token,CODE_CONFIRMED
TOK-01271,semantic-token,border-border,apps/frontend/src/app/(dashboard)/media/page.tsx,1212,Preferred semantic design-system token,CODE_CONFIRMED
TOK-01272,semantic-token,bg-bg,apps/frontend/src/app/(dashboard)/media/page.tsx,1212,Preferred semantic design-system token,CODE_CONFIRMED
TOK-01273,semantic-token,text-fg,apps/frontend/src/app/(dashboard)/media/page.tsx,1214,Preferred semantic design-system token,CODE_CONFIRMED
TOK-01274,semantic-token,text-fg,apps/frontend/src/app/(dashboard)/media/page.tsx,1217,Preferred semantic design-system token,CODE_CONFIRMED
TOK-01275,semantic-token,text-fg,apps/frontend/src/app/(dashboard)/media/page.tsx,1219,Preferred semantic design-system token,CODE_CONFIRMED
TOK-01276,semantic-token,text-fg,apps/frontend/src/app/(dashboard)/media/page.tsx,1360,Preferred semantic design-system token,CODE_CONFIRMED
TOK-01277,semantic-token,text-fg,apps/frontend/src/app/(dashboard)/media/page.tsx,1390,Preferred semantic design-system token,CODE_CONFIRMED
TOK-01278,semantic-token,text-fg,apps/frontend/src/app/(dashboard)/media/page.tsx,1396,Preferred semantic design-system token,CODE_CONFIRMED
TOK-01279,semantic-token,border-danger/20,apps/frontend/src/app/(dashboard)/media/page.tsx,1403,Preferred semantic design-system token,CODE_CONFIRMED
TOK-01280,semantic-token,bg-danger/5,apps/frontend/src/app/(dashboard)/media/page.tsx,1403,Preferred semantic design-system token,CODE_CONFIRMED
TOK-01281,semantic-token,text-danger,apps/frontend/src/app/(dashboard)/media/page.tsx,1403,Preferred semantic design-system token,CODE_CONFIRMED
TOK-01282,semantic-token,text-danger/80,apps/frontend/src/app/(dashboard)/media/page.tsx,1407,Preferred semantic design-system token,CODE_CONFIRMED
TOK-01283,semantic-token,border-border,apps/frontend/src/app/(dashboard)/media/page.tsx,1413,Preferred semantic design-system token,CODE_CONFIRMED
TOK-01284,semantic-token,text-fg,apps/frontend/src/app/(dashboard)/media/page.tsx,1413,Preferred semantic design-system token,CODE_CONFIRMED
TOK-01285,semantic-token,border-border,apps/frontend/src/app/(dashboard)/media/page.tsx,1424,Preferred semantic design-system token,CODE_CONFIRMED
TOK-01286,semantic-token,border-border,apps/frontend/src/app/(dashboard)/media/page.tsx,1477,Preferred semantic design-system token,CODE_CONFIRMED
TOK-01287,semantic-token,bg-bg,apps/frontend/src/app/(dashboard)/media/page.tsx,1477,Preferred semantic design-system token,CODE_CONFIRMED
TOK-01288,semantic-token,text-fg,apps/frontend/src/app/(dashboard)/media/page.tsx,1481,Preferred semantic design-system token,CODE_CONFIRMED
TOK-01289,semantic-token,text-fg,apps/frontend/src/app/(dashboard)/media/page.tsx,1481,Preferred semantic design-system token,CODE_CONFIRMED
TOK-01290,semantic-token,border-border,apps/frontend/src/app/(dashboard)/media/page.tsx,1493,Preferred semantic design-system token,CODE_CONFIRMED
TOK-01291,semantic-token,bg-bg,apps/frontend/src/app/(dashboard)/media/page.tsx,1493,Preferred semantic design-system token,CODE_CONFIRMED
TOK-01292,semantic-token,text-fg,apps/frontend/src/app/(dashboard)/media/page.tsx,1493,Preferred semantic design-system token,CODE_CONFIRMED
TOK-01293,semantic-token,ring-brand-500/50,apps/frontend/src/app/(dashboard)/media/page.tsx,1493,Preferred semantic design-system token,CODE_CONFIRMED
TOK-01294,semantic-token,border-border,apps/frontend/src/app/(dashboard)/media/page.tsx,1503,Preferred semantic design-system token,CODE_CONFIRMED
TOK-01295,semantic-token,bg-bg,apps/frontend/src/app/(dashboard)/media/page.tsx,1503,Preferred semantic design-system token,CODE_CONFIRMED
TOK-01296,semantic-token,ring-brand-500/50,apps/frontend/src/app/(dashboard)/media/page.tsx,1503,Preferred semantic design-system token,CODE_CONFIRMED
TOK-01297,semantic-token,border-border,apps/frontend/src/app/(dashboard)/media/page.tsx,1519,Preferred semantic design-system token,CODE_CONFIRMED
TOK-01298,semantic-token,bg-bg,apps/frontend/src/app/(dashboard)/media/page.tsx,1519,Preferred semantic design-system token,CODE_CONFIRMED
TOK-01299,semantic-token,text-fg,apps/frontend/src/app/(dashboard)/media/page.tsx,1519,Preferred semantic design-system token,CODE_CONFIRMED
TOK-01300,semantic-token,ring-brand-500/50,apps/frontend/src/app/(dashboard)/media/page.tsx,1519,Preferred semantic design-system token,CODE_CONFIRMED
TOK-01301,semantic-token,border-border,apps/frontend/src/app/(dashboard)/media/page.tsx,1537,Preferred semantic design-system token,CODE_CONFIRMED
TOK-01302,semantic-token,bg-bg,apps/frontend/src/app/(dashboard)/media/page.tsx,1537,Preferred semantic design-system token,CODE_CONFIRMED
TOK-01303,semantic-token,text-fg,apps/frontend/src/app/(dashboard)/media/page.tsx,1537,Preferred semantic design-system token,CODE_CONFIRMED
TOK-01304,semantic-token,bg-bg,apps/frontend/src/app/(dashboard)/media/page.tsx,1537,Preferred semantic design-system token,CODE_CONFIRMED
TOK-01305,semantic-token,text-fg,apps/frontend/src/app/(dashboard)/media/page.tsx,1560,Preferred semantic design-system token,CODE_CONFIRMED
TOK-01306,semantic-token,text-danger,apps/frontend/src/app/(dashboard)/media/page.tsx,1568,Preferred semantic design-system token,CODE_CONFIRMED
TOK-01307,semantic-token,border-border,apps/frontend/src/app/(dashboard)/media/page.tsx,1575,Preferred semantic design-system token,CODE_CONFIRMED
TOK-01308,semantic-token,text-fg,apps/frontend/src/app/(dashboard)/media/page.tsx,1575,Preferred semantic design-system token,CODE_CONFIRMED
TOK-01309,semantic-token,bg-bg,apps/frontend/src/app/(dashboard)/media/page.tsx,1575,Preferred semantic design-system token,CODE_CONFIRMED
TOK-01310,semantic-token,bg-brand-500,apps/frontend/src/app/(dashboard)/media/page.tsx,1582,Preferred semantic design-system token,CODE_CONFIRMED
TOK-01311,semantic-token,text-bg,apps/frontend/src/app/(dashboard)/media/page.tsx,1582,Preferred semantic design-system token,CODE_CONFIRMED
TOK-01312,semantic-token,bg-brand-400,apps/frontend/src/app/(dashboard)/media/page.tsx,1582,Preferred semantic design-system token,CODE_CONFIRMED
TOK-01313,semantic-token,border-border,apps/frontend/src/app/(dashboard)/media/page.tsx,1634,Preferred semantic design-system token,CODE_CONFIRMED
TOK-01314,semantic-token,bg-bg,apps/frontend/src/app/(dashboard)/media/page.tsx,1634,Preferred semantic design-system token,CODE_CONFIRMED
TOK-01315,semantic-token,text-fg,apps/frontend/src/app/(dashboard)/media/page.tsx,1638,Preferred semantic design-system token,CODE_CONFIRMED
TOK-01316,semantic-token,text-fg,apps/frontend/src/app/(dashboard)/media/page.tsx,1638,Preferred semantic design-system token,CODE_CONFIRMED
TOK-01317,semantic-token,border-border,apps/frontend/src/app/(dashboard)/media/page.tsx,1650,Preferred semantic design-system token,CODE_CONFIRMED
TOK-01318,semantic-token,bg-bg,apps/frontend/src/app/(dashboard)/media/page.tsx,1650,Preferred semantic design-system token,CODE_CONFIRMED
TOK-01319,semantic-token,text-fg,apps/frontend/src/app/(dashboard)/media/page.tsx,1650,Preferred semantic design-system token,CODE_CONFIRMED
TOK-01320,semantic-token,ring-brand-500/50,apps/frontend/src/app/(dashboard)/media/page.tsx,1650,Preferred semantic design-system token,CODE_CONFIRMED
TOK-01321,semantic-token,border-border,apps/frontend/src/app/(dashboard)/media/page.tsx,1662,Preferred semantic design-system token,CODE_CONFIRMED
TOK-01322,semantic-token,bg-bg,apps/frontend/src/app/(dashboard)/media/page.tsx,1662,Preferred semantic design-system token,CODE_CONFIRMED
TOK-01323,semantic-token,text-fg,apps/frontend/src/app/(dashboard)/media/page.tsx,1662,Preferred semantic design-system token,CODE_CONFIRMED
TOK-01324,semantic-token,ring-brand-500/50,apps/frontend/src/app/(dashboard)/media/page.tsx,1662,Preferred semantic design-system token,CODE_CONFIRMED
TOK-01325,semantic-token,border-border,apps/frontend/src/app/(dashboard)/media/page.tsx,1671,Preferred semantic design-system token,CODE_CONFIRMED
TOK-01326,semantic-token,bg-bg,apps/frontend/src/app/(dashboard)/media/page.tsx,1671,Preferred semantic design-system token,CODE_CONFIRMED
TOK-01327,semantic-token,ring-brand-500/50,apps/frontend/src/app/(dashboard)/media/page.tsx,1671,Preferred semantic design-system token,CODE_CONFIRMED
TOK-01328,semantic-token,text-danger,apps/frontend/src/app/(dashboard)/media/page.tsx,1680,Preferred semantic design-system token,CODE_CONFIRMED
TOK-01329,semantic-token,border-border,apps/frontend/src/app/(dashboard)/media/page.tsx,1687,Preferred semantic design-system token,CODE_CONFIRMED
TOK-01330,semantic-token,text-fg,apps/frontend/src/app/(dashboard)/media/page.tsx,1687,Preferred semantic design-system token,CODE_CONFIRMED
TOK-01331,semantic-token,bg-bg,apps/frontend/src/app/(dashboard)/media/page.tsx,1687,Preferred semantic design-system token,CODE_CONFIRMED
TOK-01332,semantic-token,bg-brand-500,apps/frontend/src/app/(dashboard)/media/page.tsx,1694,Preferred semantic design-system token,CODE_CONFIRMED
TOK-01333,semantic-token,text-bg,apps/frontend/src/app/(dashboard)/media/page.tsx,1694,Preferred semantic design-system token,CODE_CONFIRMED
TOK-01334,semantic-token,bg-brand-400,apps/frontend/src/app/(dashboard)/media/page.tsx,1694,Preferred semantic design-system token,CODE_CONFIRMED
TOK-01335,static-color,text-zinc-300,apps/frontend/src/app/(dashboard)/pages/[slug]/page.tsx,59,Review light/dark contrast and accent bypass,REVIEW_REQUIRED
TOK-01336,static-color,text-zinc-600,apps/frontend/src/app/(dashboard)/pages/[slug]/page.tsx,59,Review light/dark contrast and accent bypass,REVIEW_REQUIRED
TOK-01337,static-color,text-zinc-700,apps/frontend/src/app/(dashboard)/pages/[slug]/page.tsx,60,Review light/dark contrast and accent bypass,REVIEW_REQUIRED
TOK-01338,static-color,text-zinc-300,apps/frontend/src/app/(dashboard)/pages/[slug]/page.tsx,60,Review light/dark contrast and accent bypass,REVIEW_REQUIRED
TOK-01339,static-color,text-zinc-500,apps/frontend/src/app/(dashboard)/pages/[slug]/page.tsx,63,Review light/dark contrast and accent bypass,REVIEW_REQUIRED
TOK-01340,static-color,text-zinc-400,apps/frontend/src/app/(dashboard)/pages/[slug]/page.tsx,63,Review light/dark contrast and accent bypass,REVIEW_REQUIRED
TOK-01341,static-color,bg-amber-600,apps/frontend/src/app/(dashboard)/pages/[slug]/page.tsx,68,Review light/dark contrast and accent bypass,REVIEW_REQUIRED
TOK-01342,static-color,bg-amber-700,apps/frontend/src/app/(dashboard)/pages/[slug]/page.tsx,68,Review light/dark contrast and accent bypass,REVIEW_REQUIRED
TOK-01343,static-color,text-white,apps/frontend/src/app/(dashboard)/pages/[slug]/page.tsx,68,Review light/dark contrast and accent bypass,REVIEW_REQUIRED
TOK-01344,static-color,text-amber-500,apps/frontend/src/app/(dashboard)/pages/[slug]/page.tsx,79,Review light/dark contrast and accent bypass,REVIEW_REQUIRED
TOK-01345,static-color,text-zinc-500,apps/frontend/src/app/(dashboard)/pages/[slug]/page.tsx,80,Review light/dark contrast and accent bypass,REVIEW_REQUIRED
TOK-01346,static-color,text-zinc-400,apps/frontend/src/app/(dashboard)/pages/[slug]/page.tsx,80,Review light/dark contrast and accent bypass,REVIEW_REQUIRED
TOK-01347,static-color,text-amber-500,apps/frontend/src/app/(dashboard)/pages/[slug]/page.tsx,91,Review light/dark contrast and accent bypass,REVIEW_REQUIRED
TOK-01348,static-color,bg-white,apps/frontend/src/app/(dashboard)/pages/components/BlockHandle.tsx,86,Review light/dark contrast and accent bypass,REVIEW_REQUIRED
TOK-01349,static-color,bg-zinc-900,apps/frontend/src/app/(dashboard)/pages/components/BlockHandle.tsx,86,Review light/dark contrast and accent bypass,REVIEW_REQUIRED
TOK-01350,static-color,text-red-500,apps/frontend/src/app/(dashboard)/pages/components/BlockHandle.tsx,167,Review light/dark contrast and accent bypass,REVIEW_REQUIRED
TOK-01351,static-color,bg-red-50,apps/frontend/src/app/(dashboard)/pages/components/BlockHandle.tsx,167,Review light/dark contrast and accent bypass,REVIEW_REQUIRED
TOK-01352,static-color,bg-red-950,apps/frontend/src/app/(dashboard)/pages/components/BlockHandle.tsx,167,Review light/dark contrast and accent bypass,REVIEW_REQUIRED
TOK-01353,semantic-token,text-fg,apps/frontend/src/app/(dashboard)/pages/components/BlockHandle.tsx,79,Preferred semantic design-system token,CODE_CONFIRMED
TOK-01354,semantic-token,text-fg,apps/frontend/src/app/(dashboard)/pages/components/BlockHandle.tsx,79,Preferred semantic design-system token,CODE_CONFIRMED
TOK-01355,semantic-token,bg-bg,apps/frontend/src/app/(dashboard)/pages/components/BlockHandle.tsx,79,Preferred semantic design-system token,CODE_CONFIRMED
TOK-01356,semantic-token,border-border,apps/frontend/src/app/(dashboard)/pages/components/BlockHandle.tsx,86,Preferred semantic design-system token,CODE_CONFIRMED
TOK-01357,semantic-token,border-border,apps/frontend/src/app/(dashboard)/pages/components/BlockHandle.tsx,88,Preferred semantic design-system token,CODE_CONFIRMED
TOK-01358,semantic-token,border-border,apps/frontend/src/app/(dashboard)/pages/components/BlockHandle.tsx,92,Preferred semantic design-system token,CODE_CONFIRMED
TOK-01359,semantic-token,bg-bg,apps/frontend/src/app/(dashboard)/pages/components/BlockHandle.tsx,92,Preferred semantic design-system token,CODE_CONFIRMED
TOK-01360,semantic-token,border-brand-500,apps/frontend/src/app/(dashboard)/pages/components/BlockHandle.tsx,92,Preferred semantic design-system token,CODE_CONFIRMED
TOK-01361,semantic-token,border-border,apps/frontend/src/app/(dashboard)/pages/components/BlockHandle.tsx,99,Preferred semantic design-system token,CODE_CONFIRMED
TOK-01362,semantic-token,bg-bg,apps/frontend/src/app/(dashboard)/pages/components/BlockHandle.tsx,104,Preferred semantic design-system token,CODE_CONFIRMED
TOK-01363,semantic-token,bg-bg,apps/frontend/src/app/(dashboard)/pages/components/BlockHandle.tsx,112,Preferred semantic design-system token,CODE_CONFIRMED
TOK-01364,semantic-token,text-fg,apps/frontend/src/app/(dashboard)/pages/components/BlockHandle.tsx,125,Preferred semantic design-system token,CODE_CONFIRMED
TOK-01365,semantic-token,bg-brand-500/10,apps/frontend/src/app/(dashboard)/pages/components/BlockHandle.tsx,137,Preferred semantic design-system token,CODE_CONFIRMED
TOK-01366,semantic-token,text-brand-500,apps/frontend/src/app/(dashboard)/pages/components/BlockHandle.tsx,137,Preferred semantic design-system token,CODE_CONFIRMED
TOK-01367,semantic-token,bg-bg,apps/frontend/src/app/(dashboard)/pages/components/BlockHandle.tsx,138,Preferred semantic design-system token,CODE_CONFIRMED
TOK-01368,semantic-token,text-fg,apps/frontend/src/app/(dashboard)/pages/components/BlockHandle.tsx,138,Preferred semantic design-system token,CODE_CONFIRMED
TOK-01369,semantic-token,border-border,apps/frontend/src/app/(dashboard)/pages/components/BlockHandle.tsx,150,Preferred semantic design-system token,CODE_CONFIRMED
TOK-01370,semantic-token,bg-bg,apps/frontend/src/app/(dashboard)/pages/components/BlockHandle.tsx,153,Preferred semantic design-system token,CODE_CONFIRMED
TOK-01371,semantic-token,bg-bg,apps/frontend/src/app/(dashboard)/pages/components/BlockHandle.tsx,160,Preferred semantic design-system token,CODE_CONFIRMED
TOK-01372,semantic-token,text-fg,apps/frontend/src/app/(dashboard)/pages/components/BlockHandle.tsx,179,Preferred semantic design-system token,CODE_CONFIRMED
TOK-01373,semantic-token,text-fg,apps/frontend/src/app/(dashboard)/pages/components/BlockHandle.tsx,179,Preferred semantic design-system token,CODE_CONFIRMED
TOK-01374,semantic-token,bg-bg,apps/frontend/src/app/(dashboard)/pages/components/BlockHandle.tsx,179,Preferred semantic design-system token,CODE_CONFIRMED
TOK-01375,static-color,text-white,apps/frontend/src/app/(dashboard)/pages/components/blocks/BookmarkBlock.tsx,75,Review light/dark contrast and accent bypass,REVIEW_REQUIRED
TOK-01376,static-color,bg-zinc-100,apps/frontend/src/app/(dashboard)/pages/components/blocks/BookmarkBlock.tsx,82,Review light/dark contrast and accent bypass,REVIEW_REQUIRED
TOK-01377,static-color,bg-zinc-800,apps/frontend/src/app/(dashboard)/pages/components/blocks/BookmarkBlock.tsx,82,Review light/dark contrast and accent bypass,REVIEW_REQUIRED
TOK-01378,static-color,bg-zinc-100,apps/frontend/src/app/(dashboard)/pages/components/blocks/BookmarkBlock.tsx,103,Review light/dark contrast and accent bypass,REVIEW_REQUIRED
TOK-01379,static-color,bg-zinc-800,apps/frontend/src/app/(dashboard)/pages/components/blocks/BookmarkBlock.tsx,103,Review light/dark contrast and accent bypass,REVIEW_REQUIRED
TOK-01380,static-color,bg-zinc-100,apps/frontend/src/app/(dashboard)/pages/components/blocks/BookmarkBlock.tsx,132,Review light/dark contrast and accent bypass,REVIEW_REQUIRED
TOK-01381,static-color,bg-zinc-800,apps/frontend/src/app/(dashboard)/pages/components/blocks/BookmarkBlock.tsx,132,Review light/dark contrast and accent bypass,REVIEW_REQUIRED
TOK-01382,static-color,bg-zinc-100,apps/frontend/src/app/(dashboard)/pages/components/blocks/BookmarkBlock.tsx,141,Review light/dark contrast and accent bypass,REVIEW_REQUIRED
TOK-01383,static-color,bg-zinc-800,apps/frontend/src/app/(dashboard)/pages/components/blocks/BookmarkBlock.tsx,141,Review light/dark contrast and accent bypass,REVIEW_REQUIRED
TOK-01384,semantic-token,bg-brand-500,apps/frontend/src/app/(dashboard)/pages/components/blocks/BookmarkBlock.tsx,75,Preferred semantic design-system token,CODE_CONFIRMED
TOK-01385,semantic-token,bg-brand-600,apps/frontend/src/app/(dashboard)/pages/components/blocks/BookmarkBlock.tsx,75,Preferred semantic design-system token,CODE_CONFIRMED
TOK-01386,semantic-token,text-fg,apps/frontend/src/app/(dashboard)/pages/components/blocks/BookmarkBlock.tsx,82,Preferred semantic design-system token,CODE_CONFIRMED
TOK-01387,semantic-token,text-fg,apps/frontend/src/app/(dashboard)/pages/components/blocks/BookmarkBlock.tsx,82,Preferred semantic design-system token,CODE_CONFIRMED
TOK-01388,semantic-token,text-fg,apps/frontend/src/app/(dashboard)/pages/components/blocks/BookmarkBlock.tsx,98,Preferred semantic design-system token,CODE_CONFIRMED
TOK-01389,semantic-token,text-fg,apps/frontend/src/app/(dashboard)/pages/components/blocks/BookmarkBlock.tsx,121,Preferred semantic design-system token,CODE_CONFIRMED
TOK-01390,semantic-token,text-fg,apps/frontend/src/app/(dashboard)/pages/components/blocks/BookmarkBlock.tsx,125,Preferred semantic design-system token,CODE_CONFIRMED
TOK-01391,semantic-token,text-fg,apps/frontend/src/app/(dashboard)/pages/components/blocks/BookmarkBlock.tsx,132,Preferred semantic design-system token,CODE_CONFIRMED
TOK-01392,semantic-token,text-brand-500,apps/frontend/src/app/(dashboard)/pages/components/blocks/BookmarkBlock.tsx,132,Preferred semantic design-system token,CODE_CONFIRMED
TOK-01393,semantic-token,text-fg,apps/frontend/src/app/(dashboard)/pages/components/blocks/BookmarkBlock.tsx,141,Preferred semantic design-system token,CODE_CONFIRMED
TOK-01394,semantic-token,text-brand-500,apps/frontend/src/app/(dashboard)/pages/components/blocks/BookmarkBlock.tsx,141,Preferred semantic design-system token,CODE_CONFIRMED
TOK-01395,static-color,border-zinc-200,apps/frontend/src/app/(dashboard)/pages/components/blocks/BrowserBlock.tsx,279,Review light/dark contrast and accent bypass,REVIEW_REQUIRED
TOK-01396,static-color,border-zinc-800,apps/frontend/src/app/(dashboard)/pages/components/blocks/BrowserBlock.tsx,279,Review light/dark contrast and accent bypass,REVIEW_REQUIRED
TOK-01397,static-color,border-zinc-200,apps/frontend/src/app/(dashboard)/pages/components/blocks/BrowserBlock.tsx,280,Review light/dark contrast and accent bypass,REVIEW_REQUIRED
TOK-01398,static-color,bg-zinc-100,apps/frontend/src/app/(dashboard)/pages/components/blocks/BrowserBlock.tsx,280,Review light/dark contrast and accent bypass,REVIEW_REQUIRED
TOK-01399,static-color,border-zinc-700,apps/frontend/src/app/(dashboard)/pages/components/blocks/BrowserBlock.tsx,280,Review light/dark contrast and accent bypass,REVIEW_REQUIRED
TOK-01400,static-color,bg-zinc-800,apps/frontend/src/app/(dashboard)/pages/components/blocks/BrowserBlock.tsx,280,Review light/dark contrast and accent bypass,REVIEW_REQUIRED
TOK-01401,static-color,border-zinc-200,apps/frontend/src/app/(dashboard)/pages/components/blocks/BrowserBlock.tsx,285,Review light/dark contrast and accent bypass,REVIEW_REQUIRED
TOK-01402,static-color,border-zinc-700,apps/frontend/src/app/(dashboard)/pages/components/blocks/BrowserBlock.tsx,285,Review light/dark contrast and accent bypass,REVIEW_REQUIRED
TOK-01403,static-color,bg-white,apps/frontend/src/app/(dashboard)/pages/components/blocks/BrowserBlock.tsx,286,Review light/dark contrast and accent bypass,REVIEW_REQUIRED
TOK-01404,static-color,bg-zinc-900,apps/frontend/src/app/(dashboard)/pages/components/blocks/BrowserBlock.tsx,286,Review light/dark contrast and accent bypass,REVIEW_REQUIRED
TOK-01405,static-color,bg-zinc-200,apps/frontend/src/app/(dashboard)/pages/components/blocks/BrowserBlock.tsx,286,Review light/dark contrast and accent bypass,REVIEW_REQUIRED
TOK-01406,static-color,bg-zinc-700,apps/frontend/src/app/(dashboard)/pages/components/blocks/BrowserBlock.tsx,286,Review light/dark contrast and accent bypass,REVIEW_REQUIRED
TOK-01407,static-color,bg-zinc-200,apps/frontend/src/app/(dashboard)/pages/components/blocks/BrowserBlock.tsx,296,Review light/dark contrast and accent bypass,REVIEW_REQUIRED
TOK-01408,static-color,bg-zinc-600,apps/frontend/src/app/(dashboard)/pages/components/blocks/BrowserBlock.tsx,296,Review light/dark contrast and accent bypass,REVIEW_REQUIRED
TOK-01409,static-color,bg-zinc-200,apps/frontend/src/app/(dashboard)/pages/components/blocks/BrowserBlock.tsx,305,Review light/dark contrast and accent bypass,REVIEW_REQUIRED
TOK-01410,static-color,bg-zinc-700,apps/frontend/src/app/(dashboard)/pages/components/blocks/BrowserBlock.tsx,305,Review light/dark contrast and accent bypass,REVIEW_REQUIRED
TOK-01411,static-color,border-zinc-200,apps/frontend/src/app/(dashboard)/pages/components/blocks/BrowserBlock.tsx,312,Review light/dark contrast and accent bypass,REVIEW_REQUIRED
TOK-01412,static-color,bg-zinc-50,apps/frontend/src/app/(dashboard)/pages/components/blocks/BrowserBlock.tsx,312,Review light/dark contrast and accent bypass,REVIEW_REQUIRED
TOK-01413,static-color,border-zinc-700,apps/frontend/src/app/(dashboard)/pages/components/blocks/BrowserBlock.tsx,312,Review light/dark contrast and accent bypass,REVIEW_REQUIRED
TOK-01414,static-color,bg-zinc-800/50,apps/frontend/src/app/(dashboard)/pages/components/blocks/BrowserBlock.tsx,312,Review light/dark contrast and accent bypass,REVIEW_REQUIRED
TOK-01415,static-color,bg-white,apps/frontend/src/app/(dashboard)/pages/components/blocks/BrowserBlock.tsx,327,Review light/dark contrast and accent bypass,REVIEW_REQUIRED
TOK-01416,static-color,bg-zinc-900,apps/frontend/src/app/(dashboard)/pages/components/blocks/BrowserBlock.tsx,327,Review light/dark contrast and accent bypass,REVIEW_REQUIRED
TOK-01417,static-color,text-red-500,apps/frontend/src/app/(dashboard)/pages/components/blocks/BrowserBlock.tsx,337,Review light/dark contrast and accent bypass,REVIEW_REQUIRED
TOK-01418,static-color,bg-white,apps/frontend/src/app/(dashboard)/pages/components/blocks/BrowserBlock.tsx,352,Review light/dark contrast and accent bypass,REVIEW_REQUIRED
TOK-01419,static-color,bg-zinc-900,apps/frontend/src/app/(dashboard)/pages/components/blocks/BrowserBlock.tsx,352,Review light/dark contrast and accent bypass,REVIEW_REQUIRED
TOK-01420,static-color,border-zinc-300,apps/frontend/src/app/(dashboard)/pages/components/blocks/BrowserBlock.tsx,377,Review light/dark contrast and accent bypass,REVIEW_REQUIRED
TOK-01421,static-color,bg-white,apps/frontend/src/app/(dashboard)/pages/components/blocks/BrowserBlock.tsx,377,Review light/dark contrast and accent bypass,REVIEW_REQUIRED
TOK-01422,static-color,border-amber-500,apps/frontend/src/app/(dashboard)/pages/components/blocks/BrowserBlock.tsx,377,Review light/dark contrast and accent bypass,REVIEW_REQUIRED
TOK-01423,static-color,ring-amber-500/30,apps/frontend/src/app/(dashboard)/pages/components/blocks/BrowserBlock.tsx,377,Review light/dark contrast and accent bypass,REVIEW_REQUIRED
TOK-01424,static-color,border-zinc-600,apps/frontend/src/app/(dashboard)/pages/components/blocks/BrowserBlock.tsx,377,Review light/dark contrast and accent bypass,REVIEW_REQUIRED
TOK-01425,static-color,bg-zinc-900,apps/frontend/src/app/(dashboard)/pages/components/blocks/BrowserBlock.tsx,377,Review light/dark contrast and accent bypass,REVIEW_REQUIRED
TOK-01426,static-color,bg-amber-600,apps/frontend/src/app/(dashboard)/pages/components/blocks/BrowserBlock.tsx,379,Review light/dark contrast and accent bypass,REVIEW_REQUIRED
TOK-01427,static-color,text-white,apps/frontend/src/app/(dashboard)/pages/components/blocks/BrowserBlock.tsx,379,Review light/dark contrast and accent bypass,REVIEW_REQUIRED
TOK-01428,static-color,bg-amber-700,apps/frontend/src/app/(dashboard)/pages/components/blocks/BrowserBlock.tsx,379,Review light/dark contrast and accent bypass,REVIEW_REQUIRED
TOK-01429,static-color,border-amber-500/50,apps/frontend/src/app/(dashboard)/pages/components/blocks/BrowserBlock.tsx,383,Review light/dark contrast and accent bypass,REVIEW_REQUIRED
TOK-01430,static-color,text-amber-700,apps/frontend/src/app/(dashboard)/pages/components/blocks/BrowserBlock.tsx,383,Review light/dark contrast and accent bypass,REVIEW_REQUIRED
TOK-01431,static-color,bg-amber-50,apps/frontend/src/app/(dashboard)/pages/components/blocks/BrowserBlock.tsx,383,Review light/dark contrast and accent bypass,REVIEW_REQUIRED
TOK-01432,static-color,text-amber-300,apps/frontend/src/app/(dashboard)/pages/components/blocks/BrowserBlock.tsx,383,Review light/dark contrast and accent bypass,REVIEW_REQUIRED
TOK-01433,static-color,bg-amber-950/30,apps/frontend/src/app/(dashboard)/pages/components/blocks/BrowserBlock.tsx,383,Review light/dark contrast and accent bypass,REVIEW_REQUIRED
TOK-01434,static-color,text-amber-500,apps/frontend/src/app/(dashboard)/pages/components/blocks/BrowserBlock.tsx,397,Review light/dark contrast and accent bypass,REVIEW_REQUIRED
TOK-01435,static-color,text-red-500,apps/frontend/src/app/(dashboard)/pages/components/blocks/BrowserBlock.tsx,404,Review light/dark contrast and accent bypass,REVIEW_REQUIRED
TOK-01436,static-color,border-zinc-200,apps/frontend/src/app/(dashboard)/pages/components/blocks/BrowserBlock.tsx,407,Review light/dark contrast and accent bypass,REVIEW_REQUIRED
TOK-01437,static-color,border-zinc-700,apps/frontend/src/app/(dashboard)/pages/components/blocks/BrowserBlock.tsx,407,Review light/dark contrast and accent bypass,REVIEW_REQUIRED
TOK-01438,static-color,bg-amber-500/15,apps/frontend/src/app/(dashboard)/pages/components/blocks/BrowserBlock.tsx,412,Review light/dark contrast and accent bypass,REVIEW_REQUIRED
TOK-01439,static-color,text-amber-600,apps/frontend/src/app/(dashboard)/pages/components/blocks/BrowserBlock.tsx,412,Review light/dark contrast and accent bypass,REVIEW_REQUIRED
TOK-01440,static-color,text-amber-400,apps/frontend/src/app/(dashboard)/pages/components/blocks/BrowserBlock.tsx,412,Review light/dark contrast and accent bypass,REVIEW_REQUIRED
TOK-01441,static-color,bg-zinc-200/60,apps/frontend/src/app/(dashboard)/pages/components/blocks/BrowserBlock.tsx,413,Review light/dark contrast and accent bypass,REVIEW_REQUIRED
TOK-01442,static-color,bg-zinc-700/60,apps/frontend/src/app/(dashboard)/pages/components/blocks/BrowserBlock.tsx,413,Review light/dark contrast and accent bypass,REVIEW_REQUIRED
TOK-01443,static-color,bg-amber-500/15,apps/frontend/src/app/(dashboard)/pages/components/blocks/BrowserBlock.tsx,424,Review light/dark contrast and accent bypass,REVIEW_REQUIRED
TOK-01444,static-color,text-amber-600,apps/frontend/src/app/(dashboard)/pages/components/blocks/BrowserBlock.tsx,424,Review light/dark contrast and accent bypass,REVIEW_REQUIRED
TOK-01445,static-color,text-amber-400,apps/frontend/src/app/(dashboard)/pages/components/blocks/BrowserBlock.tsx,424,Review light/dark contrast and accent bypass,REVIEW_REQUIRED
TOK-01446,static-color,bg-zinc-200/60,apps/frontend/src/app/(dashboard)/pages/components/blocks/BrowserBlock.tsx,425,Review light/dark contrast and accent bypass,REVIEW_REQUIRED
TOK-01447,static-color,bg-zinc-700/60,apps/frontend/src/app/(dashboard)/pages/components/blocks/BrowserBlock.tsx,425,Review light/dark contrast and accent bypass,REVIEW_REQUIRED
TOK-01448,static-color,bg-zinc-950,apps/frontend/src/app/(dashboard)/pages/components/blocks/BrowserBlock.tsx,436,Review light/dark contrast and accent bypass,REVIEW_REQUIRED
TOK-01449,static-color,text-zinc-500,apps/frontend/src/app/(dashboard)/pages/components/blocks/BrowserBlock.tsx,442,Review light/dark contrast and accent bypass,REVIEW_REQUIRED
TOK-01450,static-color,text-amber-500,apps/frontend/src/app/(dashboard)/pages/components/blocks/BrowserBlock.tsx,443,Review light/dark contrast and accent bypass,REVIEW_REQUIRED
TOK-01451,static-color,bg-zinc-950/60,apps/frontend/src/app/(dashboard)/pages/components/blocks/BrowserBlock.tsx,448,Review light/dark contrast and accent bypass,REVIEW_REQUIRED
TOK-01452,static-color,text-amber-500,apps/frontend/src/app/(dashboard)/pages/components/blocks/BrowserBlock.tsx,449,Review light/dark contrast and accent bypass,REVIEW_REQUIRED
TOK-01453,static-color,text-white,apps/frontend/src/app/(dashboard)/pages/components/blocks/BrowserBlock.tsx,460,Review light/dark contrast and accent bypass,REVIEW_REQUIRED
TOK-01454,static-color,bg-amber-600/90,apps/frontend/src/app/(dashboard)/pages/components/blocks/BrowserBlock.tsx,460,Review light/dark contrast and accent bypass,REVIEW_REQUIRED
TOK-01455,static-color,bg-zinc-700/80,apps/frontend/src/app/(dashboard)/pages/components/blocks/BrowserBlock.tsx,460,Review light/dark contrast and accent bypass,REVIEW_REQUIRED
TOK-01456,static-color,bg-zinc-600,apps/frontend/src/app/(dashboard)/pages/components/blocks/BrowserBlock.tsx,460,Review light/dark contrast and accent bypass,REVIEW_REQUIRED
TOK-01457,semantic-token,text-fg,apps/frontend/src/app/(dashboard)/pages/components/blocks/BrowserBlock.tsx,286,Preferred semantic design-system token,CODE_CONFIRMED
TOK-01458,semantic-token,text-fg,apps/frontend/src/app/(dashboard)/pages/components/blocks/BrowserBlock.tsx,286,Preferred semantic design-system token,CODE_CONFIRMED
TOK-01459,semantic-token,text-fg,apps/frontend/src/app/(dashboard)/pages/components/blocks/BrowserBlock.tsx,305,Preferred semantic design-system token,CODE_CONFIRMED
TOK-01460,semantic-token,text-fg,apps/frontend/src/app/(dashboard)/pages/components/blocks/BrowserBlock.tsx,305,Preferred semantic design-system token,CODE_CONFIRMED
TOK-01461,semantic-token,text-fg,apps/frontend/src/app/(dashboard)/pages/components/blocks/BrowserBlock.tsx,313,Preferred semantic design-system token,CODE_CONFIRMED
TOK-01462,semantic-token,text-fg,apps/frontend/src/app/(dashboard)/pages/components/blocks/BrowserBlock.tsx,313,Preferred semantic design-system token,CODE_CONFIRMED
TOK-01463,semantic-token,text-fg,apps/frontend/src/app/(dashboard)/pages/components/blocks/BrowserBlock.tsx,316,Preferred semantic design-system token,CODE_CONFIRMED
TOK-01464,semantic-token,text-fg,apps/frontend/src/app/(dashboard)/pages/components/blocks/BrowserBlock.tsx,316,Preferred semantic design-system token,CODE_CONFIRMED
TOK-01465,semantic-token,text-fg,apps/frontend/src/app/(dashboard)/pages/components/blocks/BrowserBlock.tsx,319,Preferred semantic design-system token,CODE_CONFIRMED
TOK-01466,semantic-token,text-fg,apps/frontend/src/app/(dashboard)/pages/components/blocks/BrowserBlock.tsx,319,Preferred semantic design-system token,CODE_CONFIRMED
TOK-01467,semantic-token,text-fg,apps/frontend/src/app/(dashboard)/pages/components/blocks/BrowserBlock.tsx,323,Preferred semantic design-system token,CODE_CONFIRMED
TOK-01468,semantic-token,text-fg,apps/frontend/src/app/(dashboard)/pages/components/blocks/BrowserBlock.tsx,323,Preferred semantic design-system token,CODE_CONFIRMED
TOK-01469,semantic-token,border-border,apps/frontend/src/app/(dashboard)/pages/components/blocks/BrowserBlock.tsx,327,Preferred semantic design-system token,CODE_CONFIRMED
TOK-01470,semantic-token,border-border,apps/frontend/src/app/(dashboard)/pages/components/blocks/BrowserBlock.tsx,328,Preferred semantic design-system token,CODE_CONFIRMED
TOK-01471,semantic-token,text-fg,apps/frontend/src/app/(dashboard)/pages/components/blocks/BrowserBlock.tsx,328,Preferred semantic design-system token,CODE_CONFIRMED
TOK-01472,semantic-token,text-fg,apps/frontend/src/app/(dashboard)/pages/components/blocks/BrowserBlock.tsx,330,Preferred semantic design-system token,CODE_CONFIRMED
TOK-01473,semantic-token,bg-bg,apps/frontend/src/app/(dashboard)/pages/components/blocks/BrowserBlock.tsx,333,Preferred semantic design-system token,CODE_CONFIRMED
TOK-01474,semantic-token,text-fg,apps/frontend/src/app/(dashboard)/pages/components/blocks/BrowserBlock.tsx,334,Preferred semantic design-system token,CODE_CONFIRMED
TOK-01475,semantic-token,text-fg,apps/frontend/src/app/(dashboard)/pages/components/blocks/BrowserBlock.tsx,337,Preferred semantic design-system token,CODE_CONFIRMED
TOK-01476,semantic-token,text-fg,apps/frontend/src/app/(dashboard)/pages/components/blocks/BrowserBlock.tsx,347,Preferred semantic design-system token,CODE_CONFIRMED
TOK-01477,semantic-token,text-fg,apps/frontend/src/app/(dashboard)/pages/components/blocks/BrowserBlock.tsx,347,Preferred semantic design-system token,CODE_CONFIRMED
TOK-01478,semantic-token,border-border,apps/frontend/src/app/(dashboard)/pages/components/blocks/BrowserBlock.tsx,352,Preferred semantic design-system token,CODE_CONFIRMED
TOK-01479,semantic-token,border-border,apps/frontend/src/app/(dashboard)/pages/components/blocks/BrowserBlock.tsx,353,Preferred semantic design-system token,CODE_CONFIRMED
TOK-01480,semantic-token,text-fg,apps/frontend/src/app/(dashboard)/pages/components/blocks/BrowserBlock.tsx,353,Preferred semantic design-system token,CODE_CONFIRMED
TOK-01481,semantic-token,text-fg,apps/frontend/src/app/(dashboard)/pages/components/blocks/BrowserBlock.tsx,355,Preferred semantic design-system token,CODE_CONFIRMED
TOK-01482,semantic-token,bg-bg,apps/frontend/src/app/(dashboard)/pages/components/blocks/BrowserBlock.tsx,361,Preferred semantic design-system token,CODE_CONFIRMED
TOK-01483,semantic-token,text-fg,apps/frontend/src/app/(dashboard)/pages/components/blocks/BrowserBlock.tsx,364,Preferred semantic design-system token,CODE_CONFIRMED
TOK-01484,semantic-token,text-fg,apps/frontend/src/app/(dashboard)/pages/components/blocks/BrowserBlock.tsx,397,Preferred semantic design-system token,CODE_CONFIRMED
TOK-01485,semantic-token,text-fg,apps/frontend/src/app/(dashboard)/pages/components/blocks/BrowserBlock.tsx,397,Preferred semantic design-system token,CODE_CONFIRMED
TOK-01486,semantic-token,text-fg,apps/frontend/src/app/(dashboard)/pages/components/blocks/BrowserBlock.tsx,403,Preferred semantic design-system token,CODE_CONFIRMED
TOK-01487,semantic-token,text-fg,apps/frontend/src/app/(dashboard)/pages/components/blocks/BrowserBlock.tsx,413,Preferred semantic design-system token,CODE_CONFIRMED
TOK-01488,semantic-token,text-fg,apps/frontend/src/app/(dashboard)/pages/components/blocks/BrowserBlock.tsx,413,Preferred semantic design-system token,CODE_CONFIRMED
TOK-01489,semantic-token,text-fg,apps/frontend/src/app/(dashboard)/pages/components/blocks/BrowserBlock.tsx,425,Preferred semantic design-system token,CODE_CONFIRMED
TOK-01490,semantic-token,text-fg,apps/frontend/src/app/(dashboard)/pages/components/blocks/BrowserBlock.tsx,425,Preferred semantic design-system token,CODE_CONFIRMED
TOK-01491,static-color,bg-blue-50/50,apps/frontend/src/app/(dashboard)/pages/components/blocks/CalloutBlock.tsx,15,Review light/dark contrast and accent bypass,REVIEW_REQUIRED
TOK-01492,static-color,bg-blue-950/30,apps/frontend/src/app/(dashboard)/pages/components/blocks/CalloutBlock.tsx,15,Review light/dark contrast and accent bypass,REVIEW_REQUIRED
TOK-01493,static-color,border-blue-300,apps/frontend/src/app/(dashboard)/pages/components/blocks/CalloutBlock.tsx,15,Review light/dark contrast and accent bypass,REVIEW_REQUIRED
TOK-01494,static-color,border-blue-700,apps/frontend/src/app/(dashboard)/pages/components/blocks/CalloutBlock.tsx,15,Review light/dark contrast and accent bypass,REVIEW_REQUIRED
TOK-01495,static-color,bg-yellow-50/50,apps/frontend/src/app/(dashboard)/pages/components/blocks/CalloutBlock.tsx,16,Review light/dark contrast and accent bypass,REVIEW_REQUIRED
TOK-01496,static-color,bg-yellow-950/30,apps/frontend/src/app/(dashboard)/pages/components/blocks/CalloutBlock.tsx,16,Review light/dark contrast and accent bypass,REVIEW_REQUIRED
TOK-01497,static-color,border-yellow-300,apps/frontend/src/app/(dashboard)/pages/components/blocks/CalloutBlock.tsx,16,Review light/dark contrast and accent bypass,REVIEW_REQUIRED
TOK-01498,static-color,border-yellow-700,apps/frontend/src/app/(dashboard)/pages/components/blocks/CalloutBlock.tsx,16,Review light/dark contrast and accent bypass,REVIEW_REQUIRED
TOK-01499,static-color,bg-red-50/50,apps/frontend/src/app/(dashboard)/pages/components/blocks/CalloutBlock.tsx,17,Review light/dark contrast and accent bypass,REVIEW_REQUIRED
TOK-01500,static-color,bg-red-950/30,apps/frontend/src/app/(dashboard)/pages/components/blocks/CalloutBlock.tsx,17,Review light/dark contrast and accent bypass,REVIEW_REQUIRED
TOK-01501,static-color,border-red-300,apps/frontend/src/app/(dashboard)/pages/components/blocks/CalloutBlock.tsx,17,Review light/dark contrast and accent bypass,REVIEW_REQUIRED
TOK-01502,static-color,border-red-700,apps/frontend/src/app/(dashboard)/pages/components/blocks/CalloutBlock.tsx,17,Review light/dark contrast and accent bypass,REVIEW_REQUIRED
TOK-01503,static-color,bg-green-50/50,apps/frontend/src/app/(dashboard)/pages/components/blocks/CalloutBlock.tsx,18,Review light/dark contrast and accent bypass,REVIEW_REQUIRED
TOK-01504,static-color,bg-green-950/30,apps/frontend/src/app/(dashboard)/pages/components/blocks/CalloutBlock.tsx,18,Review light/dark contrast and accent bypass,REVIEW_REQUIRED
TOK-01505,static-color,border-green-300,apps/frontend/src/app/(dashboard)/pages/components/blocks/CalloutBlock.tsx,18,Review light/dark contrast and accent bypass,REVIEW_REQUIRED
TOK-01506,static-color,border-green-700,apps/frontend/src/app/(dashboard)/pages/components/blocks/CalloutBlock.tsx,18,Review light/dark contrast and accent bypass,REVIEW_REQUIRED
TOK-01507,static-color,bg-white,apps/frontend/src/app/(dashboard)/pages/components/blocks/CalloutBlock.tsx,49,Review light/dark contrast and accent bypass,REVIEW_REQUIRED
TOK-01508,static-color,bg-zinc-900,apps/frontend/src/app/(dashboard)/pages/components/blocks/CalloutBlock.tsx,49,Review light/dark contrast and accent bypass,REVIEW_REQUIRED
TOK-01509,static-color,border-zinc-200,apps/frontend/src/app/(dashboard)/pages/components/blocks/CalloutBlock.tsx,49,Review light/dark contrast and accent bypass,REVIEW_REQUIRED
TOK-01510,static-color,border-zinc-800,apps/frontend/src/app/(dashboard)/pages/components/blocks/CalloutBlock.tsx,49,Review light/dark contrast and accent bypass,REVIEW_REQUIRED
TOK-01511,static-color,bg-zinc-100,apps/frontend/src/app/(dashboard)/pages/components/blocks/CalloutBlock.tsx,57,Review light/dark contrast and accent bypass,REVIEW_REQUIRED
TOK-01512,static-color,bg-zinc-800,apps/frontend/src/app/(dashboard)/pages/components/blocks/CalloutBlock.tsx,57,Review light/dark contrast and accent bypass,REVIEW_REQUIRED
TOK-01513,static-color,border-zinc-300,apps/frontend/src/app/(dashboard)/pages/components/blocks/CalloutBlock.tsx,74,Review light/dark contrast and accent bypass,REVIEW_REQUIRED
TOK-01514,static-color,border-zinc-700,apps/frontend/src/app/(dashboard)/pages/components/blocks/CalloutBlock.tsx,74,Review light/dark contrast and accent bypass,REVIEW_REQUIRED
TOK-01515,static-color,text-white,apps/frontend/src/app/(dashboard)/pages/components/blocks/ChecklistBlock.tsx,56,Review light/dark contrast and accent bypass,REVIEW_REQUIRED
TOK-01516,static-color,border-zinc-300,apps/frontend/src/app/(dashboard)/pages/components/blocks/ChecklistBlock.tsx,57,Review light/dark contrast and accent bypass,REVIEW_REQUIRED
TOK-01517,static-color,border-zinc-600,apps/frontend/src/app/(dashboard)/pages/components/blocks/ChecklistBlock.tsx,57,Review light/dark contrast and accent bypass,REVIEW_REQUIRED
TOK-01518,static-color,text-red-500,apps/frontend/src/app/(dashboard)/pages/components/blocks/ChecklistBlock.tsx,72,Review light/dark contrast and accent bypass,REVIEW_REQUIRED
TOK-01519,semantic-token,bg-brand-500,apps/frontend/src/app/(dashboard)/pages/components/blocks/ChecklistBlock.tsx,56,Preferred semantic design-system token,CODE_CONFIRMED
TOK-01520,semantic-token,border-brand-500,apps/frontend/src/app/(dashboard)/pages/components/blocks/ChecklistBlock.tsx,56,Preferred semantic design-system token,CODE_CONFIRMED
TOK-01521,semantic-token,border-brand-500,apps/frontend/src/app/(dashboard)/pages/components/blocks/ChecklistBlock.tsx,57,Preferred semantic design-system token,CODE_CONFIRMED
TOK-01522,semantic-token,text-fg,apps/frontend/src/app/(dashboard)/pages/components/blocks/ChecklistBlock.tsx,67,Preferred semantic design-system token,CODE_CONFIRMED
TOK-01523,semantic-token,text-fg,apps/frontend/src/app/(dashboard)/pages/components/blocks/ChecklistBlock.tsx,67,Preferred semantic design-system token,CODE_CONFIRMED
TOK-01524,semantic-token,text-fg,apps/frontend/src/app/(dashboard)/pages/components/blocks/ChecklistBlock.tsx,72,Preferred semantic design-system token,CODE_CONFIRMED
TOK-01525,semantic-token,text-fg,apps/frontend/src/app/(dashboard)/pages/components/blocks/ChecklistBlock.tsx,79,Preferred semantic design-system token,CODE_CONFIRMED
TOK-01526,semantic-token,text-fg,apps/frontend/src/app/(dashboard)/pages/components/blocks/ChecklistBlock.tsx,86,Preferred semantic design-system token,CODE_CONFIRMED
TOK-01527,static-color,bg-zinc-900,apps/frontend/src/app/(dashboard)/pages/components/blocks/CodeBlock.tsx,51,Review light/dark contrast and accent bypass,REVIEW_REQUIRED
TOK-01528,static-color,bg-zinc-950,apps/frontend/src/app/(dashboard)/pages/components/blocks/CodeBlock.tsx,51,Review light/dark contrast and accent bypass,REVIEW_REQUIRED
TOK-01529,static-color,border-zinc-800,apps/frontend/src/app/(dashboard)/pages/components/blocks/CodeBlock.tsx,52,Review light/dark contrast and accent bypass,REVIEW_REQUIRED
TOK-01530,static-color,text-zinc-400,apps/frontend/src/app/(dashboard)/pages/components/blocks/CodeBlock.tsx,56,Review light/dark contrast and accent bypass,REVIEW_REQUIRED
TOK-01531,static-color,text-zinc-400,apps/frontend/src/app/(dashboard)/pages/components/blocks/CodeBlock.tsx,67,Review light/dark contrast and accent bypass,REVIEW_REQUIRED
TOK-01532,static-color,text-white,apps/frontend/src/app/(dashboard)/pages/components/blocks/CodeBlock.tsx,67,Review light/dark contrast and accent bypass,REVIEW_REQUIRED
TOK-01533,static-color,bg-zinc-800,apps/frontend/src/app/(dashboard)/pages/components/blocks/CodeBlock.tsx,67,Review light/dark contrast and accent bypass,REVIEW_REQUIRED
TOK-01534,static-color,text-zinc-400,apps/frontend/src/app/(dashboard)/pages/components/blocks/CodeBlock.tsx,74,Review light/dark contrast and accent bypass,REVIEW_REQUIRED
TOK-01535,static-color,text-white,apps/frontend/src/app/(dashboard)/pages/components/blocks/CodeBlock.tsx,74,Review light/dark contrast and accent bypass,REVIEW_REQUIRED
TOK-01536,static-color,bg-zinc-800,apps/frontend/src/app/(dashboard)/pages/components/blocks/CodeBlock.tsx,74,Review light/dark contrast and accent bypass,REVIEW_REQUIRED
TOK-01537,static-color,text-zinc-100,apps/frontend/src/app/(dashboard)/pages/components/blocks/CodeBlock.tsx,87,Review light/dark contrast and accent bypass,REVIEW_REQUIRED
TOK-01538,static-color,bg-amber-600,apps/frontend/src/app/(dashboard)/pages/components/blocks/EmbedBlock.tsx,41,Review light/dark contrast and accent bypass,REVIEW_REQUIRED
TOK-01539,static-color,text-white,apps/frontend/src/app/(dashboard)/pages/components/blocks/EmbedBlock.tsx,41,Review light/dark contrast and accent bypass,REVIEW_REQUIRED
TOK-01540,static-color,text-amber-600,apps/frontend/src/app/(dashboard)/pages/components/blocks/EmbedBlock.tsx,70,Review light/dark contrast and accent bypass,REVIEW_REQUIRED
TOK-01541,static-color,bg-black/50,apps/frontend/src/app/(dashboard)/pages/components/blocks/EmbedBlock.tsx,80,Review light/dark contrast and accent bypass,REVIEW_REQUIRED
TOK-01542,static-color,text-white,apps/frontend/src/app/(dashboard)/pages/components/blocks/EmbedBlock.tsx,80,Review light/dark contrast and accent bypass,REVIEW_REQUIRED
TOK-01543,semantic-token,border-border,apps/frontend/src/app/(dashboard)/pages/components/blocks/EmbedBlock.tsx,30,Preferred semantic design-system token,CODE_CONFIRMED
TOK-01544,semantic-token,bg-bg,apps/frontend/src/app/(dashboard)/pages/components/blocks/EmbedBlock.tsx,30,Preferred semantic design-system token,CODE_CONFIRMED
TOK-01545,semantic-token,border-border,apps/frontend/src/app/(dashboard)/pages/components/blocks/EmbedBlock.tsx,36,Preferred semantic design-system token,CODE_CONFIRMED
TOK-01546,semantic-token,bg-bg,apps/frontend/src/app/(dashboard)/pages/components/blocks/EmbedBlock.tsx,36,Preferred semantic design-system token,CODE_CONFIRMED
TOK-01547,semantic-token,text-fg,apps/frontend/src/app/(dashboard)/pages/components/blocks/EmbedBlock.tsx,48,Preferred semantic design-system token,CODE_CONFIRMED
TOK-01548,semantic-token,text-fg,apps/frontend/src/app/(dashboard)/pages/components/blocks/EmbedBlock.tsx,48,Preferred semantic design-system token,CODE_CONFIRMED
TOK-01549,semantic-token,border-border,apps/frontend/src/app/(dashboard)/pages/components/blocks/EmbedBlock.tsx,62,Preferred semantic design-system token,CODE_CONFIRMED
TOK-01550,semantic-token,text-fg,apps/frontend/src/app/(dashboard)/pages/components/blocks/EmbedBlock.tsx,76,Preferred semantic design-system token,CODE_CONFIRMED
TOK-01551,static-color,border-zinc-300,apps/frontend/src/app/(dashboard)/pages/components/blocks/FileBlock.tsx,16,Review light/dark contrast and accent bypass,REVIEW_REQUIRED
TOK-01552,static-color,border-zinc-700,apps/frontend/src/app/(dashboard)/pages/components/blocks/FileBlock.tsx,16,Review light/dark contrast and accent bypass,REVIEW_REQUIRED
TOK-01553,static-color,border-zinc-400,apps/frontend/src/app/(dashboard)/pages/components/blocks/FileBlock.tsx,16,Review light/dark contrast and accent bypass,REVIEW_REQUIRED
TOK-01554,static-color,border-zinc-600,apps/frontend/src/app/(dashboard)/pages/components/blocks/FileBlock.tsx,16,Review light/dark contrast and accent bypass,REVIEW_REQUIRED
TOK-01555,static-color,text-amber-600,apps/frontend/src/app/(dashboard)/pages/components/blocks/FileBlock.tsx,33,Review light/dark contrast and accent bypass,REVIEW_REQUIRED
TOK-01556,semantic-token,text-fg,apps/frontend/src/app/(dashboard)/pages/components/blocks/FileBlock.tsx,16,Preferred semantic design-system token,CODE_CONFIRMED
TOK-01557,semantic-token,text-fg,apps/frontend/src/app/(dashboard)/pages/components/blocks/FileBlock.tsx,16,Preferred semantic design-system token,CODE_CONFIRMED
TOK-01558,semantic-token,border-border,apps/frontend/src/app/(dashboard)/pages/components/blocks/FileBlock.tsx,24,Preferred semantic design-system token,CODE_CONFIRMED
TOK-01559,semantic-token,bg-bg,apps/frontend/src/app/(dashboard)/pages/components/blocks/FileBlock.tsx,24,Preferred semantic design-system token,CODE_CONFIRMED
TOK-01560,semantic-token,text-fg,apps/frontend/src/app/(dashboard)/pages/components/blocks/FileBlock.tsx,25,Preferred semantic design-system token,CODE_CONFIRMED
TOK-01561,semantic-token,text-fg,apps/frontend/src/app/(dashboard)/pages/components/blocks/FileBlock.tsx,44,Preferred semantic design-system token,CODE_CONFIRMED
TOK-01562,semantic-token,text-fg,apps/frontend/src/app/(dashboard)/pages/components/blocks/FileBlock.tsx,44,Preferred semantic design-system token,CODE_CONFIRMED
TOK-01563,static-color,bg-amber-600,apps/frontend/src/app/(dashboard)/pages/components/blocks/LinkBlock.tsx,51,Review light/dark contrast and accent bypass,REVIEW_REQUIRED
TOK-01564,static-color,text-white,apps/frontend/src/app/(dashboard)/pages/components/blocks/LinkBlock.tsx,51,Review light/dark contrast and accent bypass,REVIEW_REQUIRED
TOK-01565,static-color,text-amber-600,apps/frontend/src/app/(dashboard)/pages/components/blocks/LinkBlock.tsx,76,Review light/dark contrast and accent bypass,REVIEW_REQUIRED
TOK-01566,semantic-token,border-border,apps/frontend/src/app/(dashboard)/pages/components/blocks/LinkBlock.tsx,32,Preferred semantic design-system token,CODE_CONFIRMED
TOK-01567,semantic-token,bg-bg,apps/frontend/src/app/(dashboard)/pages/components/blocks/LinkBlock.tsx,32,Preferred semantic design-system token,CODE_CONFIRMED
TOK-01568,semantic-token,border-border,apps/frontend/src/app/(dashboard)/pages/components/blocks/LinkBlock.tsx,39,Preferred semantic design-system token,CODE_CONFIRMED
TOK-01569,semantic-token,bg-bg,apps/frontend/src/app/(dashboard)/pages/components/blocks/LinkBlock.tsx,39,Preferred semantic design-system token,CODE_CONFIRMED
TOK-01570,semantic-token,border-border,apps/frontend/src/app/(dashboard)/pages/components/blocks/LinkBlock.tsx,45,Preferred semantic design-system token,CODE_CONFIRMED
TOK-01571,semantic-token,bg-bg,apps/frontend/src/app/(dashboard)/pages/components/blocks/LinkBlock.tsx,45,Preferred semantic design-system token,CODE_CONFIRMED
TOK-01572,semantic-token,text-fg,apps/frontend/src/app/(dashboard)/pages/components/blocks/LinkBlock.tsx,58,Preferred semantic design-system token,CODE_CONFIRMED
TOK-01573,semantic-token,text-fg,apps/frontend/src/app/(dashboard)/pages/components/blocks/LinkBlock.tsx,58,Preferred semantic design-system token,CODE_CONFIRMED
TOK-01574,semantic-token,border-border,apps/frontend/src/app/(dashboard)/pages/components/blocks/LinkBlock.tsx,69,Preferred semantic design-system token,CODE_CONFIRMED
TOK-01575,semantic-token,bg-bg,apps/frontend/src/app/(dashboard)/pages/components/blocks/LinkBlock.tsx,69,Preferred semantic design-system token,CODE_CONFIRMED
TOK-01576,semantic-token,text-fg,apps/frontend/src/app/(dashboard)/pages/components/blocks/LinkBlock.tsx,70,Preferred semantic design-system token,CODE_CONFIRMED
TOK-01577,semantic-token,text-fg,apps/frontend/src/app/(dashboard)/pages/components/blocks/LinkBlock.tsx,82,Preferred semantic design-system token,CODE_CONFIRMED
TOK-01578,semantic-token,text-fg,apps/frontend/src/app/(dashboard)/pages/components/blocks/LinkBlock.tsx,84,Preferred semantic design-system token,CODE_CONFIRMED
TOK-01579,semantic-token,text-fg,apps/frontend/src/app/(dashboard)/pages/components/blocks/LinkBlock.tsx,88,Preferred semantic design-system token,CODE_CONFIRMED
TOK-01580,semantic-token,text-fg,apps/frontend/src/app/(dashboard)/pages/components/blocks/LinkBlock.tsx,88,Preferred semantic design-system token,CODE_CONFIRMED
TOK-01581,static-color,bg-amber-600,apps/frontend/src/app/(dashboard)/pages/components/blocks/MapBlock.tsx,59,Review light/dark contrast and accent bypass,REVIEW_REQUIRED
TOK-01582,static-color,text-white,apps/frontend/src/app/(dashboard)/pages/components/blocks/MapBlock.tsx,59,Review light/dark contrast and accent bypass,REVIEW_REQUIRED
TOK-01583,static-color,bg-black/70,apps/frontend/src/app/(dashboard)/pages/components/blocks/MapBlock.tsx,86,Review light/dark contrast and accent bypass,REVIEW_REQUIRED
TOK-01584,static-color,text-white,apps/frontend/src/app/(dashboard)/pages/components/blocks/MapBlock.tsx,86,Review light/dark contrast and accent bypass,REVIEW_REQUIRED
TOK-01585,static-color,bg-black/50,apps/frontend/src/app/(dashboard)/pages/components/blocks/MapBlock.tsx,93,Review light/dark contrast and accent bypass,REVIEW_REQUIRED
TOK-01586,static-color,text-white,apps/frontend/src/app/(dashboard)/pages/components/blocks/MapBlock.tsx,93,Review light/dark contrast and accent bypass,REVIEW_REQUIRED
TOK-01587,semantic-token,border-border,apps/frontend/src/app/(dashboard)/pages/components/blocks/MapBlock.tsx,38,Preferred semantic design-system token,CODE_CONFIRMED
TOK-01588,semantic-token,bg-bg,apps/frontend/src/app/(dashboard)/pages/components/blocks/MapBlock.tsx,38,Preferred semantic design-system token,CODE_CONFIRMED
TOK-01589,semantic-token,border-border,apps/frontend/src/app/(dashboard)/pages/components/blocks/MapBlock.tsx,46,Preferred semantic design-system token,CODE_CONFIRMED
TOK-01590,semantic-token,bg-bg,apps/frontend/src/app/(dashboard)/pages/components/blocks/MapBlock.tsx,46,Preferred semantic design-system token,CODE_CONFIRMED
TOK-01591,semantic-token,border-border,apps/frontend/src/app/(dashboard)/pages/components/blocks/MapBlock.tsx,54,Preferred semantic design-system token,CODE_CONFIRMED
TOK-01592,semantic-token,bg-bg,apps/frontend/src/app/(dashboard)/pages/components/blocks/MapBlock.tsx,54,Preferred semantic design-system token,CODE_CONFIRMED
TOK-01593,semantic-token,text-fg,apps/frontend/src/app/(dashboard)/pages/components/blocks/MapBlock.tsx,66,Preferred semantic design-system token,CODE_CONFIRMED
TOK-01594,semantic-token,text-fg,apps/frontend/src/app/(dashboard)/pages/components/blocks/MapBlock.tsx,66,Preferred semantic design-system token,CODE_CONFIRMED
TOK-01595,semantic-token,border-border,apps/frontend/src/app/(dashboard)/pages/components/blocks/MapBlock.tsx,79,Preferred semantic design-system token,CODE_CONFIRMED
TOK-01596,static-color,border-zinc-300,apps/frontend/src/app/(dashboard)/pages/components/blocks/PageReferenceBlock.tsx,27,Review light/dark contrast and accent bypass,REVIEW_REQUIRED
TOK-01597,static-color,border-zinc-700,apps/frontend/src/app/(dashboard)/pages/components/blocks/PageReferenceBlock.tsx,27,Review light/dark contrast and accent bypass,REVIEW_REQUIRED
TOK-01598,static-color,bg-zinc-100,apps/frontend/src/app/(dashboard)/pages/components/blocks/PageReferenceBlock.tsx,43,Review light/dark contrast and accent bypass,REVIEW_REQUIRED
TOK-01599,static-color,bg-zinc-800,apps/frontend/src/app/(dashboard)/pages/components/blocks/PageReferenceBlock.tsx,43,Review light/dark contrast and accent bypass,REVIEW_REQUIRED
TOK-01600,static-color,border-zinc-200,apps/frontend/src/app/(dashboard)/pages/components/blocks/PageReferenceBlock.tsx,59,Review light/dark contrast and accent bypass,REVIEW_REQUIRED
TOK-01601,static-color,border-zinc-800,apps/frontend/src/app/(dashboard)/pages/components/blocks/PageReferenceBlock.tsx,59,Review light/dark contrast and accent bypass,REVIEW_REQUIRED
TOK-01602,static-color,bg-zinc-100,apps/frontend/src/app/(dashboard)/pages/components/blocks/PageReferenceBlock.tsx,71,Review light/dark contrast and accent bypass,REVIEW_REQUIRED
TOK-01603,static-color,bg-zinc-800,apps/frontend/src/app/(dashboard)/pages/components/blocks/PageReferenceBlock.tsx,71,Review light/dark contrast and accent bypass,REVIEW_REQUIRED
TOK-01604,static-color,bg-zinc-100,apps/frontend/src/app/(dashboard)/pages/components/blocks/PageReferenceBlock.tsx,78,Review light/dark contrast and accent bypass,REVIEW_REQUIRED
TOK-01605,static-color,bg-zinc-800,apps/frontend/src/app/(dashboard)/pages/components/blocks/PageReferenceBlock.tsx,78,Review light/dark contrast and accent bypass,REVIEW_REQUIRED
TOK-01606,semantic-token,bg-bg,apps/frontend/src/app/(dashboard)/pages/components/blocks/PageReferenceBlock.tsx,27,Preferred semantic design-system token,CODE_CONFIRMED
TOK-01607,semantic-token,text-fg,apps/frontend/src/app/(dashboard)/pages/components/blocks/PageReferenceBlock.tsx,29,Preferred semantic design-system token,CODE_CONFIRMED
TOK-01608,semantic-token,text-fg,apps/frontend/src/app/(dashboard)/pages/components/blocks/PageReferenceBlock.tsx,30,Preferred semantic design-system token,CODE_CONFIRMED
TOK-01609,semantic-token,text-fg,apps/frontend/src/app/(dashboard)/pages/components/blocks/PageReferenceBlock.tsx,34,Preferred semantic design-system token,CODE_CONFIRMED
TOK-01610,semantic-token,bg-brand-50,apps/frontend/src/app/(dashboard)/pages/components/blocks/PageReferenceBlock.tsx,44,Preferred semantic design-system token,CODE_CONFIRMED
TOK-01611,semantic-token,bg-brand-950,apps/frontend/src/app/(dashboard)/pages/components/blocks/PageReferenceBlock.tsx,44,Preferred semantic design-system token,CODE_CONFIRMED
TOK-01612,semantic-token,text-fg,apps/frontend/src/app/(dashboard)/pages/components/blocks/PageReferenceBlock.tsx,49,Preferred semantic design-system token,CODE_CONFIRMED
TOK-01613,semantic-token,bg-bg,apps/frontend/src/app/(dashboard)/pages/components/blocks/PageReferenceBlock.tsx,59,Preferred semantic design-system token,CODE_CONFIRMED
TOK-01614,semantic-token,text-fg,apps/frontend/src/app/(dashboard)/pages/components/blocks/PageReferenceBlock.tsx,65,Preferred semantic design-system token,CODE_CONFIRMED
TOK-01615,semantic-token,text-fg,apps/frontend/src/app/(dashboard)/pages/components/blocks/PageReferenceBlock.tsx,71,Preferred semantic design-system token,CODE_CONFIRMED
TOK-01616,semantic-token,text-brand-500,apps/frontend/src/app/(dashboard)/pages/components/blocks/PageReferenceBlock.tsx,71,Preferred semantic design-system token,CODE_CONFIRMED
TOK-01617,semantic-token,text-fg,apps/frontend/src/app/(dashboard)/pages/components/blocks/PageReferenceBlock.tsx,78,Preferred semantic design-system token,CODE_CONFIRMED
TOK-01618,semantic-token,text-brand-500,apps/frontend/src/app/(dashboard)/pages/components/blocks/PageReferenceBlock.tsx,78,Preferred semantic design-system token,CODE_CONFIRMED
TOK-01619,static-color,border-zinc-300,apps/frontend/src/app/(dashboard)/pages/components/blocks/QuoteBlock.tsx,10,Review light/dark contrast and accent bypass,REVIEW_REQUIRED
TOK-01620,static-color,border-zinc-600,apps/frontend/src/app/(dashboard)/pages/components/blocks/QuoteBlock.tsx,10,Review light/dark contrast and accent bypass,REVIEW_REQUIRED
TOK-01621,semantic-token,text-fg,apps/frontend/src/app/(dashboard)/pages/components/blocks/QuoteBlock.tsx,15,Preferred semantic design-system token,CODE_CONFIRMED
TOK-01622,static-color,bg-zinc-950,apps/frontend/src/app/(dashboard)/pages/components/blocks/RemoteBrowserViewport.tsx,277,Review light/dark contrast and accent bypass,REVIEW_REQUIRED
TOK-01623,static-color,bg-zinc-950/85,apps/frontend/src/app/(dashboard)/pages/components/blocks/RemoteBrowserViewport.tsx,340,Review light/dark contrast and accent bypass,REVIEW_REQUIRED
TOK-01624,static-color,text-amber-500,apps/frontend/src/app/(dashboard)/pages/components/blocks/RemoteBrowserViewport.tsx,341,Review light/dark contrast and accent bypass,REVIEW_REQUIRED
TOK-01625,static-color,text-zinc-300,apps/frontend/src/app/(dashboard)/pages/components/blocks/RemoteBrowserViewport.tsx,342,Review light/dark contrast and accent bypass,REVIEW_REQUIRED
TOK-01626,static-color,bg-amber-600,apps/frontend/src/app/(dashboard)/pages/components/blocks/RemoteBrowserViewport.tsx,345,Review light/dark contrast and accent bypass,REVIEW_REQUIRED
TOK-01627,static-color,text-white,apps/frontend/src/app/(dashboard)/pages/components/blocks/RemoteBrowserViewport.tsx,345,Review light/dark contrast and accent bypass,REVIEW_REQUIRED
TOK-01628,static-color,bg-amber-700,apps/frontend/src/app/(dashboard)/pages/components/blocks/RemoteBrowserViewport.tsx,345,Review light/dark contrast and accent bypass,REVIEW_REQUIRED
TOK-01629,static-color,border-zinc-300,apps/frontend/src/app/(dashboard)/pages/components/blocks/ResearchWorkspaceBlock.tsx,141,Review light/dark contrast and accent bypass,REVIEW_REQUIRED
TOK-01630,static-color,border-zinc-700,apps/frontend/src/app/(dashboard)/pages/components/blocks/ResearchWorkspaceBlock.tsx,141,Review light/dark contrast and accent bypass,REVIEW_REQUIRED
TOK-01631,static-color,bg-amber-600,apps/frontend/src/app/(dashboard)/pages/components/blocks/ResearchWorkspaceBlock.tsx,157,Review light/dark contrast and accent bypass,REVIEW_REQUIRED
TOK-01632,static-color,text-white,apps/frontend/src/app/(dashboard)/pages/components/blocks/ResearchWorkspaceBlock.tsx,157,Review light/dark contrast and accent bypass,REVIEW_REQUIRED
TOK-01633,static-color,bg-amber-600,apps/frontend/src/app/(dashboard)/pages/components/blocks/ResearchWorkspaceBlock.tsx,165,Review light/dark contrast and accent bypass,REVIEW_REQUIRED
TOK-01634,static-color,bg-amber-700,apps/frontend/src/app/(dashboard)/pages/components/blocks/ResearchWorkspaceBlock.tsx,165,Review light/dark contrast and accent bypass,REVIEW_REQUIRED
TOK-01635,static-color,text-white,apps/frontend/src/app/(dashboard)/pages/components/blocks/ResearchWorkspaceBlock.tsx,165,Review light/dark contrast and accent bypass,REVIEW_REQUIRED
TOK-01636,static-color,border-zinc-200,apps/frontend/src/app/(dashboard)/pages/components/blocks/ResearchWorkspaceBlock.tsx,178,Review light/dark contrast and accent bypass,REVIEW_REQUIRED
TOK-01637,static-color,border-zinc-800,apps/frontend/src/app/(dashboard)/pages/components/blocks/ResearchWorkspaceBlock.tsx,178,Review light/dark contrast and accent bypass,REVIEW_REQUIRED
TOK-01638,static-color,bg-zinc-50,apps/frontend/src/app/(dashboard)/pages/components/blocks/ResearchWorkspaceBlock.tsx,180,Review light/dark contrast and accent bypass,REVIEW_REQUIRED
TOK-01639,static-color,bg-zinc-900,apps/frontend/src/app/(dashboard)/pages/components/blocks/ResearchWorkspaceBlock.tsx,180,Review light/dark contrast and accent bypass,REVIEW_REQUIRED
TOK-01640,static-color,border-zinc-200,apps/frontend/src/app/(dashboard)/pages/components/blocks/ResearchWorkspaceBlock.tsx,180,Review light/dark contrast and accent bypass,REVIEW_REQUIRED
TOK-01641,static-color,border-zinc-800,apps/frontend/src/app/(dashboard)/pages/components/blocks/ResearchWorkspaceBlock.tsx,180,Review light/dark contrast and accent bypass,REVIEW_REQUIRED
TOK-01642,static-color,border-zinc-200,apps/frontend/src/app/(dashboard)/pages/components/blocks/ResearchWorkspaceBlock.tsx,201,Review light/dark contrast and accent bypass,REVIEW_REQUIRED
TOK-01643,static-color,border-zinc-800,apps/frontend/src/app/(dashboard)/pages/components/blocks/ResearchWorkspaceBlock.tsx,201,Review light/dark contrast and accent bypass,REVIEW_REQUIRED
TOK-01644,static-color,bg-amber-600,apps/frontend/src/app/(dashboard)/pages/components/blocks/ResearchWorkspaceBlock.tsx,213,Review light/dark contrast and accent bypass,REVIEW_REQUIRED
TOK-01645,static-color,text-white,apps/frontend/src/app/(dashboard)/pages/components/blocks/ResearchWorkspaceBlock.tsx,213,Review light/dark contrast and accent bypass,REVIEW_REQUIRED
TOK-01646,static-color,border-zinc-200,apps/frontend/src/app/(dashboard)/pages/components/blocks/ResearchWorkspaceBlock.tsx,222,Review light/dark contrast and accent bypass,REVIEW_REQUIRED
TOK-01647,static-color,border-zinc-800,apps/frontend/src/app/(dashboard)/pages/components/blocks/ResearchWorkspaceBlock.tsx,222,Review light/dark contrast and accent bypass,REVIEW_REQUIRED
TOK-01648,static-color,text-amber-600,apps/frontend/src/app/(dashboard)/pages/components/blocks/ResearchWorkspaceBlock.tsx,229,Review light/dark contrast and accent bypass,REVIEW_REQUIRED
TOK-01649,static-color,border-amber-600,apps/frontend/src/app/(dashboard)/pages/components/blocks/ResearchWorkspaceBlock.tsx,229,Review light/dark contrast and accent bypass,REVIEW_REQUIRED
TOK-01650,static-color,bg-amber-600/90,apps/frontend/src/app/(dashboard)/pages/components/blocks/ResearchWorkspaceBlock.tsx,255,Review light/dark contrast and accent bypass,REVIEW_REQUIRED
TOK-01651,static-color,bg-amber-700,apps/frontend/src/app/(dashboard)/pages/components/blocks/ResearchWorkspaceBlock.tsx,255,Review light/dark contrast and accent bypass,REVIEW_REQUIRED
TOK-01652,static-color,text-white,apps/frontend/src/app/(dashboard)/pages/components/blocks/ResearchWorkspaceBlock.tsx,255,Review light/dark contrast and accent bypass,REVIEW_REQUIRED
TOK-01653,static-color,bg-amber-600,apps/frontend/src/app/(dashboard)/pages/components/blocks/ResearchWorkspaceBlock.tsx,288,Review light/dark contrast and accent bypass,REVIEW_REQUIRED
TOK-01654,static-color,text-white,apps/frontend/src/app/(dashboard)/pages/components/blocks/ResearchWorkspaceBlock.tsx,288,Review light/dark contrast and accent bypass,REVIEW_REQUIRED
TOK-01655,static-color,text-amber-500,apps/frontend/src/app/(dashboard)/pages/components/blocks/ResearchWorkspaceBlock.tsx,301,Review light/dark contrast and accent bypass,REVIEW_REQUIRED
TOK-01656,static-color,text-amber-500,apps/frontend/src/app/(dashboard)/pages/components/blocks/ResearchWorkspaceBlock.tsx,301,Review light/dark contrast and accent bypass,REVIEW_REQUIRED
TOK-01657,static-color,text-amber-600,apps/frontend/src/app/(dashboard)/pages/components/blocks/ResearchWorkspaceBlock.tsx,310,Review light/dark contrast and accent bypass,REVIEW_REQUIRED
TOK-01658,static-color,bg-zinc-100,apps/frontend/src/app/(dashboard)/pages/components/blocks/ResearchWorkspaceBlock.tsx,319,Review light/dark contrast and accent bypass,REVIEW_REQUIRED
TOK-01659,static-color,bg-zinc-800,apps/frontend/src/app/(dashboard)/pages/components/blocks/ResearchWorkspaceBlock.tsx,319,Review light/dark contrast and accent bypass,REVIEW_REQUIRED
TOK-01660,static-color,text-red-500,apps/frontend/src/app/(dashboard)/pages/components/blocks/ResearchWorkspaceBlock.tsx,324,Review light/dark contrast and accent bypass,REVIEW_REQUIRED
TOK-01661,static-color,text-red-700,apps/frontend/src/app/(dashboard)/pages/components/blocks/ResearchWorkspaceBlock.tsx,324,Review light/dark contrast and accent bypass,REVIEW_REQUIRED
TOK-01662,static-color,border-zinc-300,apps/frontend/src/app/(dashboard)/pages/components/blocks/ResearchWorkspaceBlock.tsx,344,Review light/dark contrast and accent bypass,REVIEW_REQUIRED
TOK-01663,static-color,border-zinc-700,apps/frontend/src/app/(dashboard)/pages/components/blocks/ResearchWorkspaceBlock.tsx,344,Review light/dark contrast and accent bypass,REVIEW_REQUIRED
TOK-01664,static-color,border-zinc-400,apps/frontend/src/app/(dashboard)/pages/components/blocks/ResearchWorkspaceBlock.tsx,344,Review light/dark contrast and accent bypass,REVIEW_REQUIRED
TOK-01665,static-color,border-zinc-600,apps/frontend/src/app/(dashboard)/pages/components/blocks/ResearchWorkspaceBlock.tsx,344,Review light/dark contrast and accent bypass,REVIEW_REQUIRED
TOK-01666,static-color,border-zinc-200,apps/frontend/src/app/(dashboard)/pages/components/blocks/ResearchWorkspaceBlock.tsx,381,Review light/dark contrast and accent bypass,REVIEW_REQUIRED
TOK-01667,static-color,border-zinc-800,apps/frontend/src/app/(dashboard)/pages/components/blocks/ResearchWorkspaceBlock.tsx,381,Review light/dark contrast and accent bypass,REVIEW_REQUIRED
TOK-01668,static-color,bg-amber-100,apps/frontend/src/app/(dashboard)/pages/components/blocks/ResearchWorkspaceBlock.tsx,383,Review light/dark contrast and accent bypass,REVIEW_REQUIRED
TOK-01669,static-color,bg-amber-900/30,apps/frontend/src/app/(dashboard)/pages/components/blocks/ResearchWorkspaceBlock.tsx,383,Review light/dark contrast and accent bypass,REVIEW_REQUIRED
TOK-01670,static-color,text-amber-700,apps/frontend/src/app/(dashboard)/pages/components/blocks/ResearchWorkspaceBlock.tsx,383,Review light/dark contrast and accent bypass,REVIEW_REQUIRED
TOK-01671,static-color,text-amber-300,apps/frontend/src/app/(dashboard)/pages/components/blocks/ResearchWorkspaceBlock.tsx,383,Review light/dark contrast and accent bypass,REVIEW_REQUIRED
TOK-01672,semantic-token,text-fg,apps/frontend/src/app/(dashboard)/pages/components/blocks/ResearchWorkspaceBlock.tsx,135,Preferred semantic design-system token,CODE_CONFIRMED
TOK-01673,semantic-token,text-fg,apps/frontend/src/app/(dashboard)/pages/components/blocks/ResearchWorkspaceBlock.tsx,142,Preferred semantic design-system token,CODE_CONFIRMED
TOK-01674,semantic-token,text-fg,apps/frontend/src/app/(dashboard)/pages/components/blocks/ResearchWorkspaceBlock.tsx,143,Preferred semantic design-system token,CODE_CONFIRMED
TOK-01675,semantic-token,border-border,apps/frontend/src/app/(dashboard)/pages/components/blocks/ResearchWorkspaceBlock.tsx,151,Preferred semantic design-system token,CODE_CONFIRMED
TOK-01676,semantic-token,bg-bg,apps/frontend/src/app/(dashboard)/pages/components/blocks/ResearchWorkspaceBlock.tsx,151,Preferred semantic design-system token,CODE_CONFIRMED
TOK-01677,semantic-token,text-fg,apps/frontend/src/app/(dashboard)/pages/components/blocks/ResearchWorkspaceBlock.tsx,192,Preferred semantic design-system token,CODE_CONFIRMED
TOK-01678,semantic-token,text-fg,apps/frontend/src/app/(dashboard)/pages/components/blocks/ResearchWorkspaceBlock.tsx,192,Preferred semantic design-system token,CODE_CONFIRMED
TOK-01679,semantic-token,border-border,apps/frontend/src/app/(dashboard)/pages/components/blocks/ResearchWorkspaceBlock.tsx,207,Preferred semantic design-system token,CODE_CONFIRMED
TOK-01680,semantic-token,bg-bg,apps/frontend/src/app/(dashboard)/pages/components/blocks/ResearchWorkspaceBlock.tsx,207,Preferred semantic design-system token,CODE_CONFIRMED
TOK-01681,semantic-token,text-fg,apps/frontend/src/app/(dashboard)/pages/components/blocks/ResearchWorkspaceBlock.tsx,217,Preferred semantic design-system token,CODE_CONFIRMED
TOK-01682,semantic-token,text-fg,apps/frontend/src/app/(dashboard)/pages/components/blocks/ResearchWorkspaceBlock.tsx,230,Preferred semantic design-system token,CODE_CONFIRMED
TOK-01683,semantic-token,text-fg,apps/frontend/src/app/(dashboard)/pages/components/blocks/ResearchWorkspaceBlock.tsx,230,Preferred semantic design-system token,CODE_CONFIRMED
TOK-01684,semantic-token,border-border,apps/frontend/src/app/(dashboard)/pages/components/blocks/ResearchWorkspaceBlock.tsx,276,Preferred semantic design-system token,CODE_CONFIRMED
TOK-01685,semantic-token,bg-bg,apps/frontend/src/app/(dashboard)/pages/components/blocks/ResearchWorkspaceBlock.tsx,276,Preferred semantic design-system token,CODE_CONFIRMED
TOK-01686,semantic-token,border-border,apps/frontend/src/app/(dashboard)/pages/components/blocks/ResearchWorkspaceBlock.tsx,283,Preferred semantic design-system token,CODE_CONFIRMED
TOK-01687,semantic-token,bg-bg,apps/frontend/src/app/(dashboard)/pages/components/blocks/ResearchWorkspaceBlock.tsx,283,Preferred semantic design-system token,CODE_CONFIRMED
TOK-01688,semantic-token,bg-bg,apps/frontend/src/app/(dashboard)/pages/components/blocks/ResearchWorkspaceBlock.tsx,298,Preferred semantic design-system token,CODE_CONFIRMED
TOK-01689,semantic-token,text-fg,apps/frontend/src/app/(dashboard)/pages/components/blocks/ResearchWorkspaceBlock.tsx,301,Preferred semantic design-system token,CODE_CONFIRMED
TOK-01690,semantic-token,text-fg,apps/frontend/src/app/(dashboard)/pages/components/blocks/ResearchWorkspaceBlock.tsx,316,Preferred semantic design-system token,CODE_CONFIRMED
TOK-01691,semantic-token,text-fg,apps/frontend/src/app/(dashboard)/pages/components/blocks/ResearchWorkspaceBlock.tsx,319,Preferred semantic design-system token,CODE_CONFIRMED
TOK-01692,semantic-token,text-fg,apps/frontend/src/app/(dashboard)/pages/components/blocks/ResearchWorkspaceBlock.tsx,332,Preferred semantic design-system token,CODE_CONFIRMED
TOK-01693,semantic-token,text-fg,apps/frontend/src/app/(dashboard)/pages/components/blocks/ResearchWorkspaceBlock.tsx,344,Preferred semantic design-system token,CODE_CONFIRMED
TOK-01694,semantic-token,text-fg,apps/frontend/src/app/(dashboard)/pages/components/blocks/ResearchWorkspaceBlock.tsx,344,Preferred semantic design-system token,CODE_CONFIRMED
TOK-01695,semantic-token,bg-bg,apps/frontend/src/app/(dashboard)/pages/components/blocks/ResearchWorkspaceBlock.tsx,351,Preferred semantic design-system token,CODE_CONFIRMED
TOK-01696,semantic-token,text-fg,apps/frontend/src/app/(dashboard)/pages/components/blocks/ResearchWorkspaceBlock.tsx,352,Preferred semantic design-system token,CODE_CONFIRMED
TOK-01697,semantic-token,text-fg,apps/frontend/src/app/(dashboard)/pages/components/blocks/ResearchWorkspaceBlock.tsx,355,Preferred semantic design-system token,CODE_CONFIRMED
TOK-01698,semantic-token,text-fg,apps/frontend/src/app/(dashboard)/pages/components/blocks/ResearchWorkspaceBlock.tsx,356,Preferred semantic design-system token,CODE_CONFIRMED
TOK-01699,static-color,text-zinc-400,apps/frontend/src/app/(dashboard)/pages/components/blocks/SearchBlock.tsx,118,Review light/dark contrast and accent bypass,REVIEW_REQUIRED
TOK-01700,static-color,border-zinc-300,apps/frontend/src/app/(dashboard)/pages/components/blocks/SearchBlock.tsx,125,Review light/dark contrast and accent bypass,REVIEW_REQUIRED
TOK-01701,static-color,border-zinc-600,apps/frontend/src/app/(dashboard)/pages/components/blocks/SearchBlock.tsx,125,Review light/dark contrast and accent bypass,REVIEW_REQUIRED
TOK-01702,static-color,border-amber-500,apps/frontend/src/app/(dashboard)/pages/components/blocks/SearchBlock.tsx,125,Review light/dark contrast and accent bypass,REVIEW_REQUIRED
TOK-01703,static-color,ring-amber-500/30,apps/frontend/src/app/(dashboard)/pages/components/blocks/SearchBlock.tsx,125,Review light/dark contrast and accent bypass,REVIEW_REQUIRED
TOK-01704,static-color,text-zinc-400,apps/frontend/src/app/(dashboard)/pages/components/blocks/SearchBlock.tsx,128,Review light/dark contrast and accent bypass,REVIEW_REQUIRED
TOK-01705,static-color,bg-amber-100,apps/frontend/src/app/(dashboard)/pages/components/blocks/SearchBlock.tsx,143,Review light/dark contrast and accent bypass,REVIEW_REQUIRED
TOK-01706,static-color,bg-amber-950/40,apps/frontend/src/app/(dashboard)/pages/components/blocks/SearchBlock.tsx,143,Review light/dark contrast and accent bypass,REVIEW_REQUIRED
TOK-01707,static-color,text-amber-700,apps/frontend/src/app/(dashboard)/pages/components/blocks/SearchBlock.tsx,143,Review light/dark contrast and accent bypass,REVIEW_REQUIRED
TOK-01708,static-color,text-amber-300,apps/frontend/src/app/(dashboard)/pages/components/blocks/SearchBlock.tsx,143,Review light/dark contrast and accent bypass,REVIEW_REQUIRED
TOK-01709,static-color,border-amber-300,apps/frontend/src/app/(dashboard)/pages/components/blocks/SearchBlock.tsx,143,Review light/dark contrast and accent bypass,REVIEW_REQUIRED
TOK-01710,static-color,border-amber-700,apps/frontend/src/app/(dashboard)/pages/components/blocks/SearchBlock.tsx,143,Review light/dark contrast and accent bypass,REVIEW_REQUIRED
TOK-01711,static-color,bg-zinc-100,apps/frontend/src/app/(dashboard)/pages/components/blocks/SearchBlock.tsx,144,Review light/dark contrast and accent bypass,REVIEW_REQUIRED
TOK-01712,static-color,bg-zinc-800,apps/frontend/src/app/(dashboard)/pages/components/blocks/SearchBlock.tsx,144,Review light/dark contrast and accent bypass,REVIEW_REQUIRED
TOK-01713,static-color,text-zinc-600,apps/frontend/src/app/(dashboard)/pages/components/blocks/SearchBlock.tsx,144,Review light/dark contrast and accent bypass,REVIEW_REQUIRED
TOK-01714,static-color,text-zinc-400,apps/frontend/src/app/(dashboard)/pages/components/blocks/SearchBlock.tsx,144,Review light/dark contrast and accent bypass,REVIEW_REQUIRED
TOK-01715,static-color,bg-zinc-200,apps/frontend/src/app/(dashboard)/pages/components/blocks/SearchBlock.tsx,144,Review light/dark contrast and accent bypass,REVIEW_REQUIRED
TOK-01716,static-color,bg-zinc-700,apps/frontend/src/app/(dashboard)/pages/components/blocks/SearchBlock.tsx,144,Review light/dark contrast and accent bypass,REVIEW_REQUIRED
TOK-01717,static-color,text-zinc-400,apps/frontend/src/app/(dashboard)/pages/components/blocks/SearchBlock.tsx,158,Review light/dark contrast and accent bypass,REVIEW_REQUIRED
TOK-01718,static-color,text-zinc-300,apps/frontend/src/app/(dashboard)/pages/components/blocks/SearchBlock.tsx,162,Review light/dark contrast and accent bypass,REVIEW_REQUIRED
TOK-01719,static-color,text-zinc-600,apps/frontend/src/app/(dashboard)/pages/components/blocks/SearchBlock.tsx,162,Review light/dark contrast and accent bypass,REVIEW_REQUIRED
TOK-01720,static-color,text-zinc-400,apps/frontend/src/app/(dashboard)/pages/components/blocks/SearchBlock.tsx,163,Review light/dark contrast and accent bypass,REVIEW_REQUIRED
TOK-01721,static-color,text-zinc-400,apps/frontend/src/app/(dashboard)/pages/components/blocks/SearchBlock.tsx,167,Review light/dark contrast and accent bypass,REVIEW_REQUIRED
TOK-01722,static-color,bg-zinc-50,apps/frontend/src/app/(dashboard)/pages/components/blocks/SearchBlock.tsx,179,Review light/dark contrast and accent bypass,REVIEW_REQUIRED
TOK-01723,static-color,bg-zinc-800/50,apps/frontend/src/app/(dashboard)/pages/components/blocks/SearchBlock.tsx,179,Review light/dark contrast and accent bypass,REVIEW_REQUIRED
TOK-01724,static-color,text-amber-500,apps/frontend/src/app/(dashboard)/pages/components/blocks/SearchBlock.tsx,183,Review light/dark contrast and accent bypass,REVIEW_REQUIRED
TOK-01725,static-color,text-blue-500,apps/frontend/src/app/(dashboard)/pages/components/blocks/SearchBlock.tsx,185,Review light/dark contrast and accent bypass,REVIEW_REQUIRED
TOK-01726,static-color,text-zinc-400,apps/frontend/src/app/(dashboard)/pages/components/blocks/SearchBlock.tsx,187,Review light/dark contrast and accent bypass,REVIEW_REQUIRED
TOK-01727,static-color,text-zinc-800,apps/frontend/src/app/(dashboard)/pages/components/blocks/SearchBlock.tsx,191,Review light/dark contrast and accent bypass,REVIEW_REQUIRED
TOK-01728,static-color,text-zinc-200,apps/frontend/src/app/(dashboard)/pages/components/blocks/SearchBlock.tsx,191,Review light/dark contrast and accent bypass,REVIEW_REQUIRED
TOK-01729,static-color,text-amber-600,apps/frontend/src/app/(dashboard)/pages/components/blocks/SearchBlock.tsx,191,Review light/dark contrast and accent bypass,REVIEW_REQUIRED
TOK-01730,static-color,text-amber-400,apps/frontend/src/app/(dashboard)/pages/components/blocks/SearchBlock.tsx,191,Review light/dark contrast and accent bypass,REVIEW_REQUIRED
TOK-01731,static-color,text-zinc-500,apps/frontend/src/app/(dashboard)/pages/components/blocks/SearchBlock.tsx,195,Review light/dark contrast and accent bypass,REVIEW_REQUIRED
TOK-01732,static-color,text-zinc-400,apps/frontend/src/app/(dashboard)/pages/components/blocks/SearchBlock.tsx,195,Review light/dark contrast and accent bypass,REVIEW_REQUIRED
TOK-01733,static-color,text-zinc-400,apps/frontend/src/app/(dashboard)/pages/components/blocks/SearchBlock.tsx,200,Review light/dark contrast and accent bypass,REVIEW_REQUIRED
TOK-01734,static-color,text-zinc-200,apps/frontend/src/app/(dashboard)/pages/components/blocks/SearchBlock.tsx,209,Review light/dark contrast and accent bypass,REVIEW_REQUIRED
TOK-01735,static-color,text-zinc-700,apps/frontend/src/app/(dashboard)/pages/components/blocks/SearchBlock.tsx,209,Review light/dark contrast and accent bypass,REVIEW_REQUIRED
TOK-01736,static-color,text-zinc-400,apps/frontend/src/app/(dashboard)/pages/components/blocks/SearchBlock.tsx,210,Review light/dark contrast and accent bypass,REVIEW_REQUIRED
TOK-01737,static-color,border-zinc-200,apps/frontend/src/app/(dashboard)/pages/components/blocks/TableBlock.tsx,107,Review light/dark contrast and accent bypass,REVIEW_REQUIRED
TOK-01738,static-color,border-zinc-800,apps/frontend/src/app/(dashboard)/pages/components/blocks/TableBlock.tsx,107,Review light/dark contrast and accent bypass,REVIEW_REQUIRED
TOK-01739,static-color,bg-zinc-50,apps/frontend/src/app/(dashboard)/pages/components/blocks/TableBlock.tsx,111,Review light/dark contrast and accent bypass,REVIEW_REQUIRED
TOK-01740,static-color,bg-zinc-900,apps/frontend/src/app/(dashboard)/pages/components/blocks/TableBlock.tsx,111,Review light/dark contrast and accent bypass,REVIEW_REQUIRED
TOK-01741,static-color,border-zinc-200,apps/frontend/src/app/(dashboard)/pages/components/blocks/TableBlock.tsx,113,Review light/dark contrast and accent bypass,REVIEW_REQUIRED
TOK-01742,static-color,border-zinc-800,apps/frontend/src/app/(dashboard)/pages/components/blocks/TableBlock.tsx,113,Review light/dark contrast and accent bypass,REVIEW_REQUIRED
TOK-01743,static-color,bg-white,apps/frontend/src/app/(dashboard)/pages/components/blocks/TableBlock.tsx,128,Review light/dark contrast and accent bypass,REVIEW_REQUIRED
TOK-01744,static-color,bg-zinc-900,apps/frontend/src/app/(dashboard)/pages/components/blocks/TableBlock.tsx,128,Review light/dark contrast and accent bypass,REVIEW_REQUIRED
TOK-01745,static-color,border-zinc-200,apps/frontend/src/app/(dashboard)/pages/components/blocks/TableBlock.tsx,128,Review light/dark contrast and accent bypass,REVIEW_REQUIRED
TOK-01746,static-color,border-zinc-800,apps/frontend/src/app/(dashboard)/pages/components/blocks/TableBlock.tsx,128,Review light/dark contrast and accent bypass,REVIEW_REQUIRED
TOK-01747,static-color,text-white,apps/frontend/src/app/(dashboard)/pages/components/blocks/TableBlock.tsx,140,Review light/dark contrast and accent bypass,REVIEW_REQUIRED
TOK-01748,static-color,bg-zinc-100,apps/frontend/src/app/(dashboard)/pages/components/blocks/TableBlock.tsx,140,Review light/dark contrast and accent bypass,REVIEW_REQUIRED
TOK-01749,static-color,bg-zinc-800,apps/frontend/src/app/(dashboard)/pages/components/blocks/TableBlock.tsx,140,Review light/dark contrast and accent bypass,REVIEW_REQUIRED
TOK-01750,static-color,text-white,apps/frontend/src/app/(dashboard)/pages/components/blocks/TableBlock.tsx,154,Review light/dark contrast and accent bypass,REVIEW_REQUIRED
TOK-01751,static-color,bg-zinc-100,apps/frontend/src/app/(dashboard)/pages/components/blocks/TableBlock.tsx,154,Review light/dark contrast and accent bypass,REVIEW_REQUIRED
TOK-01752,static-color,bg-zinc-800,apps/frontend/src/app/(dashboard)/pages/components/blocks/TableBlock.tsx,154,Review light/dark contrast and accent bypass,REVIEW_REQUIRED
TOK-01753,static-color,text-red-500,apps/frontend/src/app/(dashboard)/pages/components/blocks/TableBlock.tsx,163,Review light/dark contrast and accent bypass,REVIEW_REQUIRED
TOK-01754,static-color,bg-red-50,apps/frontend/src/app/(dashboard)/pages/components/blocks/TableBlock.tsx,163,Review light/dark contrast and accent bypass,REVIEW_REQUIRED
TOK-01755,static-color,bg-red-950,apps/frontend/src/app/(dashboard)/pages/components/blocks/TableBlock.tsx,163,Review light/dark contrast and accent bypass,REVIEW_REQUIRED
TOK-01756,static-color,border-zinc-200,apps/frontend/src/app/(dashboard)/pages/components/blocks/TableBlock.tsx,169,Review light/dark contrast and accent bypass,REVIEW_REQUIRED
TOK-01757,static-color,border-zinc-800,apps/frontend/src/app/(dashboard)/pages/components/blocks/TableBlock.tsx,169,Review light/dark contrast and accent bypass,REVIEW_REQUIRED
TOK-01758,static-color,text-red-500,apps/frontend/src/app/(dashboard)/pages/components/blocks/TableBlock.tsx,172,Review light/dark contrast and accent bypass,REVIEW_REQUIRED
TOK-01759,static-color,bg-red-50,apps/frontend/src/app/(dashboard)/pages/components/blocks/TableBlock.tsx,172,Review light/dark contrast and accent bypass,REVIEW_REQUIRED
TOK-01760,static-color,bg-red-950,apps/frontend/src/app/(dashboard)/pages/components/blocks/TableBlock.tsx,172,Review light/dark contrast and accent bypass,REVIEW_REQUIRED
TOK-01761,static-color,border-zinc-200,apps/frontend/src/app/(dashboard)/pages/components/blocks/TableBlock.tsx,181,Review light/dark contrast and accent bypass,REVIEW_REQUIRED
TOK-01762,static-color,border-zinc-800,apps/frontend/src/app/(dashboard)/pages/components/blocks/TableBlock.tsx,181,Review light/dark contrast and accent bypass,REVIEW_REQUIRED
TOK-01763,static-color,border-zinc-200,apps/frontend/src/app/(dashboard)/pages/components/blocks/TableBlock.tsx,198,Review light/dark contrast and accent bypass,REVIEW_REQUIRED
TOK-01764,static-color,border-zinc-800,apps/frontend/src/app/(dashboard)/pages/components/blocks/TableBlock.tsx,198,Review light/dark contrast and accent bypass,REVIEW_REQUIRED
TOK-01765,static-color,border-zinc-200,apps/frontend/src/app/(dashboard)/pages/components/blocks/TableBlock.tsx,218,Review light/dark contrast and accent bypass,REVIEW_REQUIRED
TOK-01766,static-color,border-zinc-800,apps/frontend/src/app/(dashboard)/pages/components/blocks/TableBlock.tsx,218,Review light/dark contrast and accent bypass,REVIEW_REQUIRED
TOK-01767,static-color,text-red-500,apps/frontend/src/app/(dashboard)/pages/components/blocks/TableBlock.tsx,221,Review light/dark contrast and accent bypass,REVIEW_REQUIRED
TOK-01768,static-color,bg-zinc-50,apps/frontend/src/app/(dashboard)/pages/components/blocks/TableBlock.tsx,232,Review light/dark contrast and accent bypass,REVIEW_REQUIRED
TOK-01769,static-color,bg-zinc-900,apps/frontend/src/app/(dashboard)/pages/components/blocks/TableBlock.tsx,232,Review light/dark contrast and accent bypass,REVIEW_REQUIRED
TOK-01770,static-color,border-zinc-200,apps/frontend/src/app/(dashboard)/pages/components/blocks/TableBlock.tsx,235,Review light/dark contrast and accent bypass,REVIEW_REQUIRED
TOK-01771,static-color,border-zinc-800,apps/frontend/src/app/(dashboard)/pages/components/blocks/TableBlock.tsx,235,Review light/dark contrast and accent bypass,REVIEW_REQUIRED
TOK-01772,static-color,border-zinc-200,apps/frontend/src/app/(dashboard)/pages/components/blocks/TableBlock.tsx,238,Review light/dark contrast and accent bypass,REVIEW_REQUIRED
TOK-01773,static-color,border-zinc-800,apps/frontend/src/app/(dashboard)/pages/components/blocks/TableBlock.tsx,238,Review light/dark contrast and accent bypass,REVIEW_REQUIRED
TOK-01774,static-color,border-zinc-200,apps/frontend/src/app/(dashboard)/pages/components/blocks/TableBlock.tsx,244,Review light/dark contrast and accent bypass,REVIEW_REQUIRED
TOK-01775,static-color,border-zinc-800,apps/frontend/src/app/(dashboard)/pages/components/blocks/TableBlock.tsx,244,Review light/dark contrast and accent bypass,REVIEW_REQUIRED
TOK-01776,static-color,border-zinc-200,apps/frontend/src/app/(dashboard)/pages/components/blocks/TableBlock.tsx,250,Review light/dark contrast and accent bypass,REVIEW_REQUIRED
TOK-01777,static-color,border-zinc-800,apps/frontend/src/app/(dashboard)/pages/components/blocks/TableBlock.tsx,250,Review light/dark contrast and accent bypass,REVIEW_REQUIRED
TOK-01778,semantic-token,bg-bg,apps/frontend/src/app/(dashboard)/pages/components/blocks/TableBlock.tsx,107,Preferred semantic design-system token,CODE_CONFIRMED
TOK-01779,semantic-token,text-fg,apps/frontend/src/app/(dashboard)/pages/components/blocks/TableBlock.tsx,122,Preferred semantic design-system token,CODE_CONFIRMED
TOK-01780,semantic-token,text-fg,apps/frontend/src/app/(dashboard)/pages/components/blocks/TableBlock.tsx,122,Preferred semantic design-system token,CODE_CONFIRMED
TOK-01781,semantic-token,text-fg,apps/frontend/src/app/(dashboard)/pages/components/blocks/TableBlock.tsx,129,Preferred semantic design-system token,CODE_CONFIRMED
TOK-01782,semantic-token,bg-brand-500,apps/frontend/src/app/(dashboard)/pages/components/blocks/TableBlock.tsx,140,Preferred semantic design-system token,CODE_CONFIRMED
TOK-01783,semantic-token,text-fg,apps/frontend/src/app/(dashboard)/pages/components/blocks/TableBlock.tsx,147,Preferred semantic design-system token,CODE_CONFIRMED
TOK-01784,semantic-token,bg-brand-500,apps/frontend/src/app/(dashboard)/pages/components/blocks/TableBlock.tsx,154,Preferred semantic design-system token,CODE_CONFIRMED
TOK-01785,semantic-token,text-fg,apps/frontend/src/app/(dashboard)/pages/components/blocks/TableBlock.tsx,184,Preferred semantic design-system token,CODE_CONFIRMED
TOK-01786,semantic-token,text-brand-500,apps/frontend/src/app/(dashboard)/pages/components/blocks/TableBlock.tsx,184,Preferred semantic design-system token,CODE_CONFIRMED
TOK-01787,semantic-token,bg-brand-50,apps/frontend/src/app/(dashboard)/pages/components/blocks/TableBlock.tsx,211,Preferred semantic design-system token,CODE_CONFIRMED
TOK-01788,semantic-token,bg-brand-950,apps/frontend/src/app/(dashboard)/pages/components/blocks/TableBlock.tsx,211,Preferred semantic design-system token,CODE_CONFIRMED
TOK-01789,semantic-token,border-brand-300,apps/frontend/src/app/(dashboard)/pages/components/blocks/TableBlock.tsx,211,Preferred semantic design-system token,CODE_CONFIRMED
TOK-01790,semantic-token,border-brand-700,apps/frontend/src/app/(dashboard)/pages/components/blocks/TableBlock.tsx,211,Preferred semantic design-system token,CODE_CONFIRMED
TOK-01791,semantic-token,text-fg,apps/frontend/src/app/(dashboard)/pages/components/blocks/TableBlock.tsx,221,Preferred semantic design-system token,CODE_CONFIRMED
TOK-01792,semantic-token,text-fg,apps/frontend/src/app/(dashboard)/pages/components/blocks/TableBlock.tsx,239,Preferred semantic design-system token,CODE_CONFIRMED
TOK-01793,semantic-token,text-fg,apps/frontend/src/app/(dashboard)/pages/components/blocks/TableBlock.tsx,253,Preferred semantic design-system token,CODE_CONFIRMED
TOK-01794,semantic-token,text-brand-500,apps/frontend/src/app/(dashboard)/pages/components/blocks/TableBlock.tsx,253,Preferred semantic design-system token,CODE_CONFIRMED
TOK-01795,static-color,bg-zinc-200,apps/frontend/src/app/(dashboard)/pages/components/blocks/TimelineBlock.tsx,51,Review light/dark contrast and accent bypass,REVIEW_REQUIRED
TOK-01796,static-color,bg-zinc-700,apps/frontend/src/app/(dashboard)/pages/components/blocks/TimelineBlock.tsx,51,Review light/dark contrast and accent bypass,REVIEW_REQUIRED
TOK-01797,static-color,text-red-500,apps/frontend/src/app/(dashboard)/pages/components/blocks/TimelineBlock.tsx,64,Review light/dark contrast and accent bypass,REVIEW_REQUIRED
TOK-01798,semantic-token,bg-brand-500,apps/frontend/src/app/(dashboard)/pages/components/blocks/TimelineBlock.tsx,49,Preferred semantic design-system token,CODE_CONFIRMED
TOK-01799,semantic-token,text-fg,apps/frontend/src/app/(dashboard)/pages/components/blocks/TimelineBlock.tsx,60,Preferred semantic design-system token,CODE_CONFIRMED
TOK-01800,semantic-token,text-fg,apps/frontend/src/app/(dashboard)/pages/components/blocks/TimelineBlock.tsx,64,Preferred semantic design-system token,CODE_CONFIRMED
TOK-01801,semantic-token,text-fg,apps/frontend/src/app/(dashboard)/pages/components/blocks/TimelineBlock.tsx,80,Preferred semantic design-system token,CODE_CONFIRMED
TOK-01802,semantic-token,text-fg,apps/frontend/src/app/(dashboard)/pages/components/blocks/TimelineBlock.tsx,87,Preferred semantic design-system token,CODE_CONFIRMED
TOK-01803,semantic-token,text-fg,apps/frontend/src/app/(dashboard)/pages/components/blocks/TimelineBlock.tsx,87,Preferred semantic design-system token,CODE_CONFIRMED
TOK-01804,static-color,text-white,apps/frontend/src/app/(dashboard)/pages/components/blocks/TodoBlock.tsx,21,Review light/dark contrast and accent bypass,REVIEW_REQUIRED
TOK-01805,static-color,border-zinc-300,apps/frontend/src/app/(dashboard)/pages/components/blocks/TodoBlock.tsx,22,Review light/dark contrast and accent bypass,REVIEW_REQUIRED
TOK-01806,static-color,border-zinc-600,apps/frontend/src/app/(dashboard)/pages/components/blocks/TodoBlock.tsx,22,Review light/dark contrast and accent bypass,REVIEW_REQUIRED
TOK-01807,semantic-token,bg-brand-500,apps/frontend/src/app/(dashboard)/pages/components/blocks/TodoBlock.tsx,21,Preferred semantic design-system token,CODE_CONFIRMED
TOK-01808,semantic-token,border-brand-500,apps/frontend/src/app/(dashboard)/pages/components/blocks/TodoBlock.tsx,21,Preferred semantic design-system token,CODE_CONFIRMED
TOK-01809,semantic-token,border-brand-500,apps/frontend/src/app/(dashboard)/pages/components/blocks/TodoBlock.tsx,22,Preferred semantic design-system token,CODE_CONFIRMED
TOK-01810,semantic-token,text-fg,apps/frontend/src/app/(dashboard)/pages/components/blocks/TodoBlock.tsx,35,Preferred semantic design-system token,CODE_CONFIRMED
TOK-01811,semantic-token,text-fg,apps/frontend/src/app/(dashboard)/pages/components/blocks/TodoBlock.tsx,35,Preferred semantic design-system token,CODE_CONFIRMED
TOK-01812,semantic-token,bg-bg,apps/frontend/src/app/(dashboard)/pages/components/blocks/ToggleBlock.tsx,18,Preferred semantic design-system token,CODE_CONFIRMED
TOK-01813,semantic-token,text-fg,apps/frontend/src/app/(dashboard)/pages/components/blocks/ToggleBlock.tsx,21,Preferred semantic design-system token,CODE_CONFIRMED
TOK-01814,semantic-token,text-fg,apps/frontend/src/app/(dashboard)/pages/components/blocks/ToggleBlock.tsx,26,Preferred semantic design-system token,CODE_CONFIRMED
TOK-01815,static-color,border-zinc-300,apps/frontend/src/app/(dashboard)/pages/components/blocks/VideoBlock.tsx,25,Review light/dark contrast and accent bypass,REVIEW_REQUIRED
TOK-01816,static-color,border-zinc-700,apps/frontend/src/app/(dashboard)/pages/components/blocks/VideoBlock.tsx,25,Review light/dark contrast and accent bypass,REVIEW_REQUIRED
TOK-01817,static-color,border-zinc-400,apps/frontend/src/app/(dashboard)/pages/components/blocks/VideoBlock.tsx,25,Review light/dark contrast and accent bypass,REVIEW_REQUIRED
TOK-01818,static-color,border-zinc-600,apps/frontend/src/app/(dashboard)/pages/components/blocks/VideoBlock.tsx,25,Review light/dark contrast and accent bypass,REVIEW_REQUIRED
TOK-01819,static-color,bg-amber-600,apps/frontend/src/app/(dashboard)/pages/components/blocks/VideoBlock.tsx,40,Review light/dark contrast and accent bypass,REVIEW_REQUIRED
TOK-01820,static-color,text-white,apps/frontend/src/app/(dashboard)/pages/components/blocks/VideoBlock.tsx,40,Review light/dark contrast and accent bypass,REVIEW_REQUIRED
TOK-01821,semantic-token,text-fg,apps/frontend/src/app/(dashboard)/pages/components/blocks/VideoBlock.tsx,25,Preferred semantic design-system token,CODE_CONFIRMED
TOK-01822,semantic-token,text-fg,apps/frontend/src/app/(dashboard)/pages/components/blocks/VideoBlock.tsx,25,Preferred semantic design-system token,CODE_CONFIRMED
TOK-01823,semantic-token,border-border,apps/frontend/src/app/(dashboard)/pages/components/blocks/VideoBlock.tsx,36,Preferred semantic design-system token,CODE_CONFIRMED
TOK-01824,semantic-token,bg-bg,apps/frontend/src/app/(dashboard)/pages/components/blocks/VideoBlock.tsx,36,Preferred semantic design-system token,CODE_CONFIRMED
TOK-01825,semantic-token,border-border,apps/frontend/src/app/(dashboard)/pages/components/blocks/VideoBlock.tsx,51,Preferred semantic design-system token,CODE_CONFIRMED
TOK-01826,static-color,bg-green-100,apps/frontend/src/app/(dashboard)/pages/components/BlockVersionHistory.tsx,66,Review light/dark contrast and accent bypass,REVIEW_REQUIRED
TOK-01827,static-color,text-green-700,apps/frontend/src/app/(dashboard)/pages/components/BlockVersionHistory.tsx,66,Review light/dark contrast and accent bypass,REVIEW_REQUIRED
TOK-01828,static-color,bg-green-900/30,apps/frontend/src/app/(dashboard)/pages/components/BlockVersionHistory.tsx,66,Review light/dark contrast and accent bypass,REVIEW_REQUIRED
TOK-01829,static-color,text-green-300,apps/frontend/src/app/(dashboard)/pages/components/BlockVersionHistory.tsx,66,Review light/dark contrast and accent bypass,REVIEW_REQUIRED
TOK-01830,static-color,bg-blue-100,apps/frontend/src/app/(dashboard)/pages/components/BlockVersionHistory.tsx,67,Review light/dark contrast and accent bypass,REVIEW_REQUIRED
TOK-01831,static-color,text-blue-700,apps/frontend/src/app/(dashboard)/pages/components/BlockVersionHistory.tsx,67,Review light/dark contrast and accent bypass,REVIEW_REQUIRED
TOK-01832,static-color,bg-blue-900/30,apps/frontend/src/app/(dashboard)/pages/components/BlockVersionHistory.tsx,67,Review light/dark contrast and accent bypass,REVIEW_REQUIRED
TOK-01833,static-color,text-blue-300,apps/frontend/src/app/(dashboard)/pages/components/BlockVersionHistory.tsx,67,Review light/dark contrast and accent bypass,REVIEW_REQUIRED
TOK-01834,static-color,bg-yellow-100,apps/frontend/src/app/(dashboard)/pages/components/BlockVersionHistory.tsx,68,Review light/dark contrast and accent bypass,REVIEW_REQUIRED
TOK-01835,static-color,text-yellow-700,apps/frontend/src/app/(dashboard)/pages/components/BlockVersionHistory.tsx,68,Review light/dark contrast and accent bypass,REVIEW_REQUIRED
TOK-01836,static-color,bg-yellow-900/30,apps/frontend/src/app/(dashboard)/pages/components/BlockVersionHistory.tsx,68,Review light/dark contrast and accent bypass,REVIEW_REQUIRED
TOK-01837,static-color,text-yellow-300,apps/frontend/src/app/(dashboard)/pages/components/BlockVersionHistory.tsx,68,Review light/dark contrast and accent bypass,REVIEW_REQUIRED
TOK-01838,static-color,bg-zinc-100,apps/frontend/src/app/(dashboard)/pages/components/BlockVersionHistory.tsx,69,Review light/dark contrast and accent bypass,REVIEW_REQUIRED
TOK-01839,static-color,text-zinc-700,apps/frontend/src/app/(dashboard)/pages/components/BlockVersionHistory.tsx,69,Review light/dark contrast and accent bypass,REVIEW_REQUIRED
TOK-01840,static-color,bg-zinc-800,apps/frontend/src/app/(dashboard)/pages/components/BlockVersionHistory.tsx,69,Review light/dark contrast and accent bypass,REVIEW_REQUIRED
TOK-01841,static-color,text-zinc-300,apps/frontend/src/app/(dashboard)/pages/components/BlockVersionHistory.tsx,69,Review light/dark contrast and accent bypass,REVIEW_REQUIRED
TOK-01842,static-color,bg-zinc-100,apps/frontend/src/app/(dashboard)/pages/components/BlockVersionHistory.tsx,71,Review light/dark contrast and accent bypass,REVIEW_REQUIRED
TOK-01843,static-color,text-zinc-700,apps/frontend/src/app/(dashboard)/pages/components/BlockVersionHistory.tsx,71,Review light/dark contrast and accent bypass,REVIEW_REQUIRED
TOK-01844,static-color,bg-zinc-800,apps/frontend/src/app/(dashboard)/pages/components/BlockVersionHistory.tsx,71,Review light/dark contrast and accent bypass,REVIEW_REQUIRED
TOK-01845,static-color,text-zinc-300,apps/frontend/src/app/(dashboard)/pages/components/BlockVersionHistory.tsx,71,Review light/dark contrast and accent bypass,REVIEW_REQUIRED
TOK-01846,static-color,bg-black/50,apps/frontend/src/app/(dashboard)/pages/components/BlockVersionHistory.tsx,76,Review light/dark contrast and accent bypass,REVIEW_REQUIRED
TOK-01847,static-color,bg-white,apps/frontend/src/app/(dashboard)/pages/components/BlockVersionHistory.tsx,78,Review light/dark contrast and accent bypass,REVIEW_REQUIRED
TOK-01848,static-color,bg-zinc-900,apps/frontend/src/app/(dashboard)/pages/components/BlockVersionHistory.tsx,78,Review light/dark contrast and accent bypass,REVIEW_REQUIRED
TOK-01849,static-color,text-amber-600,apps/frontend/src/app/(dashboard)/pages/components/BlockVersionHistory.tsx,115,Review light/dark contrast and accent bypass,REVIEW_REQUIRED
TOK-01850,static-color,bg-amber-50,apps/frontend/src/app/(dashboard)/pages/components/BlockVersionHistory.tsx,115,Review light/dark contrast and accent bypass,REVIEW_REQUIRED
TOK-01851,static-color,bg-amber-950/30,apps/frontend/src/app/(dashboard)/pages/components/BlockVersionHistory.tsx,115,Review light/dark contrast and accent bypass,REVIEW_REQUIRED
TOK-01852,semantic-token,border-border,apps/frontend/src/app/(dashboard)/pages/components/BlockVersionHistory.tsx,81,Preferred semantic design-system token,CODE_CONFIRMED
TOK-01853,semantic-token,text-fg,apps/frontend/src/app/(dashboard)/pages/components/BlockVersionHistory.tsx,82,Preferred semantic design-system token,CODE_CONFIRMED
TOK-01854,semantic-token,text-fg,apps/frontend/src/app/(dashboard)/pages/components/BlockVersionHistory.tsx,85,Preferred semantic design-system token,CODE_CONFIRMED
TOK-01855,semantic-token,text-fg,apps/frontend/src/app/(dashboard)/pages/components/BlockVersionHistory.tsx,85,Preferred semantic design-system token,CODE_CONFIRMED
TOK-01856,semantic-token,text-fg,apps/frontend/src/app/(dashboard)/pages/components/BlockVersionHistory.tsx,93,Preferred semantic design-system token,CODE_CONFIRMED
TOK-01857,semantic-token,border-border,apps/frontend/src/app/(dashboard)/pages/components/BlockVersionHistory.tsx,100,Preferred semantic design-system token,CODE_CONFIRMED
TOK-01858,semantic-token,bg-bg,apps/frontend/src/app/(dashboard)/pages/components/BlockVersionHistory.tsx,100,Preferred semantic design-system token,CODE_CONFIRMED
TOK-01859,semantic-token,text-fg,apps/frontend/src/app/(dashboard)/pages/components/BlockVersionHistory.tsx,109,Preferred semantic design-system token,CODE_CONFIRMED
TOK-01860,semantic-token,text-fg,apps/frontend/src/app/(dashboard)/pages/components/BlockVersionHistory.tsx,125,Preferred semantic design-system token,CODE_CONFIRMED
TOK-01861,static-color,text-zinc-500,apps/frontend/src/app/(dashboard)/pages/components/Breadcrumbs.tsx,77,Review light/dark contrast and accent bypass,REVIEW_REQUIRED
TOK-01862,static-color,text-zinc-400,apps/frontend/src/app/(dashboard)/pages/components/Breadcrumbs.tsx,77,Review light/dark contrast and accent bypass,REVIEW_REQUIRED
TOK-01863,static-color,text-zinc-800,apps/frontend/src/app/(dashboard)/pages/components/Breadcrumbs.tsx,81,Review light/dark contrast and accent bypass,REVIEW_REQUIRED
TOK-01864,static-color,text-zinc-200,apps/frontend/src/app/(dashboard)/pages/components/Breadcrumbs.tsx,81,Review light/dark contrast and accent bypass,REVIEW_REQUIRED
TOK-01865,static-color,text-zinc-300,apps/frontend/src/app/(dashboard)/pages/components/Breadcrumbs.tsx,89,Review light/dark contrast and accent bypass,REVIEW_REQUIRED
TOK-01866,static-color,text-zinc-600,apps/frontend/src/app/(dashboard)/pages/components/Breadcrumbs.tsx,89,Review light/dark contrast and accent bypass,REVIEW_REQUIRED
TOK-01867,static-color,text-zinc-800,apps/frontend/src/app/(dashboard)/pages/components/Breadcrumbs.tsx,93,Review light/dark contrast and accent bypass,REVIEW_REQUIRED
TOK-01868,static-color,text-zinc-200,apps/frontend/src/app/(dashboard)/pages/components/Breadcrumbs.tsx,93,Review light/dark contrast and accent bypass,REVIEW_REQUIRED
TOK-01869,static-color,text-zinc-800,apps/frontend/src/app/(dashboard)/pages/components/Breadcrumbs.tsx,95,Review light/dark contrast and accent bypass,REVIEW_REQUIRED
TOK-01870,static-color,text-zinc-200,apps/frontend/src/app/(dashboard)/pages/components/Breadcrumbs.tsx,95,Review light/dark contrast and accent bypass,REVIEW_REQUIRED
TOK-01871,static-color,text-zinc-500,apps/frontend/src/app/(dashboard)/pages/components/Breadcrumbs.tsx,96,Review light/dark contrast and accent bypass,REVIEW_REQUIRED
TOK-01872,static-color,text-zinc-400,apps/frontend/src/app/(dashboard)/pages/components/Breadcrumbs.tsx,96,Review light/dark contrast and accent bypass,REVIEW_REQUIRED
TOK-01873,semantic-token,bg-bg,apps/frontend/src/app/(dashboard)/pages/components/DragDropContainer.tsx,101,Preferred semantic design-system token,CODE_CONFIRMED
TOK-01874,semantic-token,border-brand-500/40,apps/frontend/src/app/(dashboard)/pages/components/DragDropContainer.tsx,101,Preferred semantic design-system token,CODE_CONFIRMED
TOK-01875,semantic-token,text-fg,apps/frontend/src/app/(dashboard)/pages/components/DragDropContainer.tsx,102,Preferred semantic design-system token,CODE_CONFIRMED
TOK-01876,static-color,bg-black/50,apps/frontend/src/app/(dashboard)/pages/components/PageHeader.tsx,128,Review light/dark contrast and accent bypass,REVIEW_REQUIRED
TOK-01877,static-color,text-white,apps/frontend/src/app/(dashboard)/pages/components/PageHeader.tsx,128,Review light/dark contrast and accent bypass,REVIEW_REQUIRED
TOK-01878,static-color,bg-black/70,apps/frontend/src/app/(dashboard)/pages/components/PageHeader.tsx,128,Review light/dark contrast and accent bypass,REVIEW_REQUIRED
TOK-01879,static-color,bg-black/50,apps/frontend/src/app/(dashboard)/pages/components/PageHeader.tsx,269,Review light/dark contrast and accent bypass,REVIEW_REQUIRED
TOK-01880,static-color,bg-white,apps/frontend/src/app/(dashboard)/pages/components/PageHeader.tsx,271,Review light/dark contrast and accent bypass,REVIEW_REQUIRED
TOK-01881,static-color,bg-zinc-900,apps/frontend/src/app/(dashboard)/pages/components/PageHeader.tsx,271,Review light/dark contrast and accent bypass,REVIEW_REQUIRED
TOK-01882,static-color,bg-zinc-100,apps/frontend/src/app/(dashboard)/pages/components/PageHeader.tsx,277,Review light/dark contrast and accent bypass,REVIEW_REQUIRED
TOK-01883,static-color,bg-zinc-800,apps/frontend/src/app/(dashboard)/pages/components/PageHeader.tsx,277,Review light/dark contrast and accent bypass,REVIEW_REQUIRED
TOK-01884,static-color,bg-white,apps/frontend/src/app/(dashboard)/pages/components/PageHeader.tsx,282,Review light/dark contrast and accent bypass,REVIEW_REQUIRED
TOK-01885,static-color,bg-zinc-700,apps/frontend/src/app/(dashboard)/pages/components/PageHeader.tsx,282,Review light/dark contrast and accent bypass,REVIEW_REQUIRED
TOK-01886,static-color,bg-white,apps/frontend/src/app/(dashboard)/pages/components/PageHeader.tsx,292,Review light/dark contrast and accent bypass,REVIEW_REQUIRED
TOK-01887,static-color,bg-zinc-700,apps/frontend/src/app/(dashboard)/pages/components/PageHeader.tsx,292,Review light/dark contrast and accent bypass,REVIEW_REQUIRED
TOK-01888,static-color,text-white,apps/frontend/src/app/(dashboard)/pages/components/PageHeader.tsx,314,Review light/dark contrast and accent bypass,REVIEW_REQUIRED
TOK-01889,static-color,bg-black/40,apps/frontend/src/app/(dashboard)/pages/components/PageHeader.tsx,314,Review light/dark contrast and accent bypass,REVIEW_REQUIRED
TOK-01890,semantic-token,text-fg,apps/frontend/src/app/(dashboard)/pages/components/PageHeader.tsx,100,Preferred semantic design-system token,CODE_CONFIRMED
TOK-01891,semantic-token,text-fg,apps/frontend/src/app/(dashboard)/pages/components/PageHeader.tsx,103,Preferred semantic design-system token,CODE_CONFIRMED
TOK-01892,semantic-token,text-fg,apps/frontend/src/app/(dashboard)/pages/components/PageHeader.tsx,110,Preferred semantic design-system token,CODE_CONFIRMED
TOK-01893,semantic-token,text-fg,apps/frontend/src/app/(dashboard)/pages/components/PageHeader.tsx,113,Preferred semantic design-system token,CODE_CONFIRMED
TOK-01894,semantic-token,border-border,apps/frontend/src/app/(dashboard)/pages/components/PageHeader.tsx,136,Preferred semantic design-system token,CODE_CONFIRMED
TOK-01895,semantic-token,border-fg,apps/frontend/src/app/(dashboard)/pages/components/PageHeader.tsx,136,Preferred semantic design-system token,CODE_CONFIRMED
TOK-01896,semantic-token,text-fg,apps/frontend/src/app/(dashboard)/pages/components/PageHeader.tsx,136,Preferred semantic design-system token,CODE_CONFIRMED
TOK-01897,semantic-token,text-fg,apps/frontend/src/app/(dashboard)/pages/components/PageHeader.tsx,136,Preferred semantic design-system token,CODE_CONFIRMED
TOK-01898,semantic-token,bg-bg,apps/frontend/src/app/(dashboard)/pages/components/PageHeader.tsx,148,Preferred semantic design-system token,CODE_CONFIRMED
TOK-01899,semantic-token,text-fg,apps/frontend/src/app/(dashboard)/pages/components/PageHeader.tsx,176,Preferred semantic design-system token,CODE_CONFIRMED
TOK-01900,semantic-token,text-fg,apps/frontend/src/app/(dashboard)/pages/components/PageHeader.tsx,176,Preferred semantic design-system token,CODE_CONFIRMED
TOK-01901,semantic-token,text-fg,apps/frontend/src/app/(dashboard)/pages/components/PageHeader.tsx,192,Preferred semantic design-system token,CODE_CONFIRMED
TOK-01902,semantic-token,text-fg,apps/frontend/src/app/(dashboard)/pages/components/PageHeader.tsx,192,Preferred semantic design-system token,CODE_CONFIRMED
TOK-01903,semantic-token,bg-bg,apps/frontend/src/app/(dashboard)/pages/components/PageHeader.tsx,246,Preferred semantic design-system token,CODE_CONFIRMED
TOK-01904,semantic-token,text-fg,apps/frontend/src/app/(dashboard)/pages/components/PageHeader.tsx,247,Preferred semantic design-system token,CODE_CONFIRMED
TOK-01905,semantic-token,text-fg,apps/frontend/src/app/(dashboard)/pages/components/PageHeader.tsx,282,Preferred semantic design-system token,CODE_CONFIRMED
TOK-01906,semantic-token,text-fg,apps/frontend/src/app/(dashboard)/pages/components/PageHeader.tsx,283,Preferred semantic design-system token,CODE_CONFIRMED
TOK-01907,semantic-token,text-fg,apps/frontend/src/app/(dashboard)/pages/components/PageHeader.tsx,283,Preferred semantic design-system token,CODE_CONFIRMED
TOK-01908,semantic-token,text-fg,apps/frontend/src/app/(dashboard)/pages/components/PageHeader.tsx,292,Preferred semantic design-system token,CODE_CONFIRMED
TOK-01909,semantic-token,text-fg,apps/frontend/src/app/(dashboard)/pages/components/PageHeader.tsx,293,Preferred semantic design-system token,CODE_CONFIRMED
TOK-01910,semantic-token,text-fg,apps/frontend/src/app/(dashboard)/pages/components/PageHeader.tsx,293,Preferred semantic design-system token,CODE_CONFIRMED
TOK-01911,semantic-token,border-border,apps/frontend/src/app/(dashboard)/pages/components/PageHeader.tsx,307,Preferred semantic design-system token,CODE_CONFIRMED
TOK-01912,semantic-token,border-brand-500,apps/frontend/src/app/(dashboard)/pages/components/PageHeader.tsx,307,Preferred semantic design-system token,CODE_CONFIRMED
TOK-01913,semantic-token,text-fg,apps/frontend/src/app/(dashboard)/pages/components/PageHeader.tsx,322,Preferred semantic design-system token,CODE_CONFIRMED
TOK-01914,semantic-token,text-fg,apps/frontend/src/app/(dashboard)/pages/components/PageHeader.tsx,325,Preferred semantic design-system token,CODE_CONFIRMED
TOK-01915,semantic-token,border-border,apps/frontend/src/app/(dashboard)/pages/components/PageHeader.tsx,334,Preferred semantic design-system token,CODE_CONFIRMED
TOK-01916,semantic-token,border-brand-500,apps/frontend/src/app/(dashboard)/pages/components/PageHeader.tsx,334,Preferred semantic design-system token,CODE_CONFIRMED
TOK-01917,semantic-token,bg-bg,apps/frontend/src/app/(dashboard)/pages/components/PageHeader.tsx,339,Preferred semantic design-system token,CODE_CONFIRMED
TOK-01918,semantic-token,text-fg,apps/frontend/src/app/(dashboard)/pages/components/PageHeader.tsx,339,Preferred semantic design-system token,CODE_CONFIRMED
TOK-01919,semantic-token,border-border,apps/frontend/src/app/(dashboard)/pages/components/PageHeader.tsx,350,Preferred semantic design-system token,CODE_CONFIRMED
TOK-01920,semantic-token,bg-bg,apps/frontend/src/app/(dashboard)/pages/components/PageHeader.tsx,350,Preferred semantic design-system token,CODE_CONFIRMED
TOK-01921,static-color,bg-green-100,apps/frontend/src/app/(dashboard)/pages/components/PageVersionHistory.tsx,65,Review light/dark contrast and accent bypass,REVIEW_REQUIRED
TOK-01922,static-color,text-green-700,apps/frontend/src/app/(dashboard)/pages/components/PageVersionHistory.tsx,65,Review light/dark contrast and accent bypass,REVIEW_REQUIRED
TOK-01923,static-color,bg-green-900/30,apps/frontend/src/app/(dashboard)/pages/components/PageVersionHistory.tsx,65,Review light/dark contrast and accent bypass,REVIEW_REQUIRED
TOK-01924,static-color,text-green-300,apps/frontend/src/app/(dashboard)/pages/components/PageVersionHistory.tsx,65,Review light/dark contrast and accent bypass,REVIEW_REQUIRED
TOK-01925,static-color,bg-blue-100,apps/frontend/src/app/(dashboard)/pages/components/PageVersionHistory.tsx,66,Review light/dark contrast and accent bypass,REVIEW_REQUIRED
TOK-01926,static-color,text-blue-700,apps/frontend/src/app/(dashboard)/pages/components/PageVersionHistory.tsx,66,Review light/dark contrast and accent bypass,REVIEW_REQUIRED
TOK-01927,static-color,bg-blue-900/30,apps/frontend/src/app/(dashboard)/pages/components/PageVersionHistory.tsx,66,Review light/dark contrast and accent bypass,REVIEW_REQUIRED
TOK-01928,static-color,text-blue-300,apps/frontend/src/app/(dashboard)/pages/components/PageVersionHistory.tsx,66,Review light/dark contrast and accent bypass,REVIEW_REQUIRED
TOK-01929,static-color,bg-zinc-100,apps/frontend/src/app/(dashboard)/pages/components/PageVersionHistory.tsx,68,Review light/dark contrast and accent bypass,REVIEW_REQUIRED
TOK-01930,static-color,text-zinc-700,apps/frontend/src/app/(dashboard)/pages/components/PageVersionHistory.tsx,68,Review light/dark contrast and accent bypass,REVIEW_REQUIRED
TOK-01931,static-color,bg-zinc-800,apps/frontend/src/app/(dashboard)/pages/components/PageVersionHistory.tsx,68,Review light/dark contrast and accent bypass,REVIEW_REQUIRED
TOK-01932,static-color,text-zinc-300,apps/frontend/src/app/(dashboard)/pages/components/PageVersionHistory.tsx,68,Review light/dark contrast and accent bypass,REVIEW_REQUIRED
TOK-01933,static-color,bg-black/50,apps/frontend/src/app/(dashboard)/pages/components/PageVersionHistory.tsx,73,Review light/dark contrast and accent bypass,REVIEW_REQUIRED
TOK-01934,static-color,bg-white,apps/frontend/src/app/(dashboard)/pages/components/PageVersionHistory.tsx,75,Review light/dark contrast and accent bypass,REVIEW_REQUIRED
TOK-01935,static-color,bg-zinc-900,apps/frontend/src/app/(dashboard)/pages/components/PageVersionHistory.tsx,75,Review light/dark contrast and accent bypass,REVIEW_REQUIRED
TOK-01936,static-color,text-amber-600,apps/frontend/src/app/(dashboard)/pages/components/PageVersionHistory.tsx,114,Review light/dark contrast and accent bypass,REVIEW_REQUIRED
TOK-01937,static-color,bg-amber-50,apps/frontend/src/app/(dashboard)/pages/components/PageVersionHistory.tsx,114,Review light/dark contrast and accent bypass,REVIEW_REQUIRED
TOK-01938,static-color,bg-amber-950/30,apps/frontend/src/app/(dashboard)/pages/components/PageVersionHistory.tsx,114,Review light/dark contrast and accent bypass,REVIEW_REQUIRED
TOK-01939,semantic-token,border-border,apps/frontend/src/app/(dashboard)/pages/components/PageVersionHistory.tsx,78,Preferred semantic design-system token,CODE_CONFIRMED
TOK-01940,semantic-token,text-fg,apps/frontend/src/app/(dashboard)/pages/components/PageVersionHistory.tsx,79,Preferred semantic design-system token,CODE_CONFIRMED
TOK-01941,semantic-token,text-fg,apps/frontend/src/app/(dashboard)/pages/components/PageVersionHistory.tsx,82,Preferred semantic design-system token,CODE_CONFIRMED
TOK-01942,semantic-token,text-fg,apps/frontend/src/app/(dashboard)/pages/components/PageVersionHistory.tsx,82,Preferred semantic design-system token,CODE_CONFIRMED
TOK-01943,semantic-token,text-fg,apps/frontend/src/app/(dashboard)/pages/components/PageVersionHistory.tsx,90,Preferred semantic design-system token,CODE_CONFIRMED
TOK-01944,semantic-token,border-border,apps/frontend/src/app/(dashboard)/pages/components/PageVersionHistory.tsx,97,Preferred semantic design-system token,CODE_CONFIRMED
TOK-01945,semantic-token,bg-bg,apps/frontend/src/app/(dashboard)/pages/components/PageVersionHistory.tsx,97,Preferred semantic design-system token,CODE_CONFIRMED
TOK-01946,semantic-token,text-fg,apps/frontend/src/app/(dashboard)/pages/components/PageVersionHistory.tsx,106,Preferred semantic design-system token,CODE_CONFIRMED
TOK-01947,semantic-token,text-fg,apps/frontend/src/app/(dashboard)/pages/components/PageVersionHistory.tsx,107,Preferred semantic design-system token,CODE_CONFIRMED
TOK-01948,semantic-token,text-fg,apps/frontend/src/app/(dashboard)/pages/components/PageVersionHistory.tsx,123,Preferred semantic design-system token,CODE_CONFIRMED
TOK-01949,static-color,bg-white,apps/frontend/src/app/(dashboard)/pages/components/SlashMenu.tsx,133,Review light/dark contrast and accent bypass,REVIEW_REQUIRED
TOK-01950,static-color,bg-zinc-900,apps/frontend/src/app/(dashboard)/pages/components/SlashMenu.tsx,133,Review light/dark contrast and accent bypass,REVIEW_REQUIRED
TOK-01951,static-color,border-zinc-200,apps/frontend/src/app/(dashboard)/pages/components/SlashMenu.tsx,133,Review light/dark contrast and accent bypass,REVIEW_REQUIRED
TOK-01952,static-color,border-zinc-700,apps/frontend/src/app/(dashboard)/pages/components/SlashMenu.tsx,133,Review light/dark contrast and accent bypass,REVIEW_REQUIRED
TOK-01953,static-color,border-zinc-200,apps/frontend/src/app/(dashboard)/pages/components/SlashMenu.tsx,137,Review light/dark contrast and accent bypass,REVIEW_REQUIRED
TOK-01954,static-color,border-zinc-700,apps/frontend/src/app/(dashboard)/pages/components/SlashMenu.tsx,137,Review light/dark contrast and accent bypass,REVIEW_REQUIRED
TOK-01955,static-color,border-zinc-300,apps/frontend/src/app/(dashboard)/pages/components/SlashMenu.tsx,144,Review light/dark contrast and accent bypass,REVIEW_REQUIRED
TOK-01956,static-color,border-zinc-600,apps/frontend/src/app/(dashboard)/pages/components/SlashMenu.tsx,144,Review light/dark contrast and accent bypass,REVIEW_REQUIRED
TOK-01957,static-color,bg-zinc-50,apps/frontend/src/app/(dashboard)/pages/components/SlashMenu.tsx,144,Review light/dark contrast and accent bypass,REVIEW_REQUIRED
TOK-01958,static-color,bg-zinc-800,apps/frontend/src/app/(dashboard)/pages/components/SlashMenu.tsx,144,Review light/dark contrast and accent bypass,REVIEW_REQUIRED
TOK-01959,static-color,border-amber-500,apps/frontend/src/app/(dashboard)/pages/components/SlashMenu.tsx,144,Review light/dark contrast and accent bypass,REVIEW_REQUIRED
TOK-01960,static-color,ring-amber-500/30,apps/frontend/src/app/(dashboard)/pages/components/SlashMenu.tsx,144,Review light/dark contrast and accent bypass,REVIEW_REQUIRED
TOK-01961,static-color,text-zinc-400,apps/frontend/src/app/(dashboard)/pages/components/SlashMenu.tsx,151,Review light/dark contrast and accent bypass,REVIEW_REQUIRED
TOK-01962,static-color,bg-amber-50,apps/frontend/src/app/(dashboard)/pages/components/SlashMenu.tsx,168,Review light/dark contrast and accent bypass,REVIEW_REQUIRED
TOK-01963,static-color,bg-amber-950/30,apps/frontend/src/app/(dashboard)/pages/components/SlashMenu.tsx,168,Review light/dark contrast and accent bypass,REVIEW_REQUIRED
TOK-01964,static-color,text-amber-700,apps/frontend/src/app/(dashboard)/pages/components/SlashMenu.tsx,168,Review light/dark contrast and accent bypass,REVIEW_REQUIRED
TOK-01965,static-color,text-amber-300,apps/frontend/src/app/(dashboard)/pages/components/SlashMenu.tsx,168,Review light/dark contrast and accent bypass,REVIEW_REQUIRED
TOK-01966,static-color,text-zinc-700,apps/frontend/src/app/(dashboard)/pages/components/SlashMenu.tsx,169,Review light/dark contrast and accent bypass,REVIEW_REQUIRED
TOK-01967,static-color,text-zinc-300,apps/frontend/src/app/(dashboard)/pages/components/SlashMenu.tsx,169,Review light/dark contrast and accent bypass,REVIEW_REQUIRED
TOK-01968,static-color,bg-zinc-100,apps/frontend/src/app/(dashboard)/pages/components/SlashMenu.tsx,169,Review light/dark contrast and accent bypass,REVIEW_REQUIRED
TOK-01969,static-color,bg-zinc-800,apps/frontend/src/app/(dashboard)/pages/components/SlashMenu.tsx,169,Review light/dark contrast and accent bypass,REVIEW_REQUIRED
TOK-01970,static-color,text-zinc-400,apps/frontend/src/app/(dashboard)/pages/components/SlashMenu.tsx,181,Review light/dark contrast and accent bypass,REVIEW_REQUIRED
TOK-01971,static-color,text-zinc-500,apps/frontend/src/app/(dashboard)/pages/components/SlashMenu.tsx,181,Review light/dark contrast and accent bypass,REVIEW_REQUIRED
TOK-01972,static-color,bg-amber-50,apps/frontend/src/app/(dashboard)/pages/components/SlashMenu.tsx,199,Review light/dark contrast and accent bypass,REVIEW_REQUIRED
TOK-01973,static-color,bg-amber-950/30,apps/frontend/src/app/(dashboard)/pages/components/SlashMenu.tsx,199,Review light/dark contrast and accent bypass,REVIEW_REQUIRED
TOK-01974,static-color,text-amber-700,apps/frontend/src/app/(dashboard)/pages/components/SlashMenu.tsx,199,Review light/dark contrast and accent bypass,REVIEW_REQUIRED
TOK-01975,static-color,text-amber-300,apps/frontend/src/app/(dashboard)/pages/components/SlashMenu.tsx,199,Review light/dark contrast and accent bypass,REVIEW_REQUIRED
TOK-01976,static-color,text-zinc-700,apps/frontend/src/app/(dashboard)/pages/components/SlashMenu.tsx,200,Review light/dark contrast and accent bypass,REVIEW_REQUIRED
TOK-01977,static-color,text-zinc-300,apps/frontend/src/app/(dashboard)/pages/components/SlashMenu.tsx,200,Review light/dark contrast and accent bypass,REVIEW_REQUIRED
TOK-01978,static-color,bg-zinc-100,apps/frontend/src/app/(dashboard)/pages/components/SlashMenu.tsx,200,Review light/dark contrast and accent bypass,REVIEW_REQUIRED
TOK-01979,static-color,bg-zinc-800,apps/frontend/src/app/(dashboard)/pages/components/SlashMenu.tsx,200,Review light/dark contrast and accent bypass,REVIEW_REQUIRED
TOK-01980,static-color,bg-zinc-100,apps/frontend/src/app/(dashboard)/pages/page.tsx,259,Review light/dark contrast and accent bypass,REVIEW_REQUIRED
TOK-01981,static-color,bg-zinc-800,apps/frontend/src/app/(dashboard)/pages/page.tsx,259,Review light/dark contrast and accent bypass,REVIEW_REQUIRED
TOK-01982,static-color,bg-black/50,apps/frontend/src/app/(dashboard)/pages/page.tsx,297,Review light/dark contrast and accent bypass,REVIEW_REQUIRED
TOK-01983,static-color,bg-white,apps/frontend/src/app/(dashboard)/pages/page.tsx,298,Review light/dark contrast and accent bypass,REVIEW_REQUIRED
TOK-01984,static-color,bg-zinc-900,apps/frontend/src/app/(dashboard)/pages/page.tsx,298,Review light/dark contrast and accent bypass,REVIEW_REQUIRED
TOK-01985,static-color,text-zinc-400,apps/frontend/src/app/(dashboard)/pages/page.tsx,301,Review light/dark contrast and accent bypass,REVIEW_REQUIRED
TOK-01986,static-color,border-amber-500,apps/frontend/src/app/(dashboard)/pages/page.tsx,309,Review light/dark contrast and accent bypass,REVIEW_REQUIRED
TOK-01987,static-color,ring-amber-500/30,apps/frontend/src/app/(dashboard)/pages/page.tsx,309,Review light/dark contrast and accent bypass,REVIEW_REQUIRED
TOK-01988,static-color,border-zinc-200,apps/frontend/src/app/(dashboard)/pages/page.tsx,309,Review light/dark contrast and accent bypass,REVIEW_REQUIRED
TOK-01989,static-color,border-zinc-700,apps/frontend/src/app/(dashboard)/pages/page.tsx,309,Review light/dark contrast and accent bypass,REVIEW_REQUIRED
TOK-01990,static-color,border-zinc-400,apps/frontend/src/app/(dashboard)/pages/page.tsx,309,Review light/dark contrast and accent bypass,REVIEW_REQUIRED
TOK-01991,static-color,bg-zinc-100,apps/frontend/src/app/(dashboard)/pages/page.tsx,315,Review light/dark contrast and accent bypass,REVIEW_REQUIRED
TOK-01992,static-color,bg-zinc-800,apps/frontend/src/app/(dashboard)/pages/page.tsx,315,Review light/dark contrast and accent bypass,REVIEW_REQUIRED
TOK-01993,static-color,text-zinc-400,apps/frontend/src/app/(dashboard)/pages/page.tsx,315,Review light/dark contrast and accent bypass,REVIEW_REQUIRED
TOK-01994,static-color,bg-amber-500,apps/frontend/src/app/(dashboard)/pages/page.tsx,320,Review light/dark contrast and accent bypass,REVIEW_REQUIRED
TOK-01995,static-color,text-white,apps/frontend/src/app/(dashboard)/pages/page.tsx,321,Review light/dark contrast and accent bypass,REVIEW_REQUIRED
TOK-01996,static-color,border-zinc-300,apps/frontend/src/app/(dashboard)/pages/page.tsx,329,Review light/dark contrast and accent bypass,REVIEW_REQUIRED
TOK-01997,static-color,border-zinc-700,apps/frontend/src/app/(dashboard)/pages/page.tsx,329,Review light/dark contrast and accent bypass,REVIEW_REQUIRED
TOK-01998,static-color,bg-zinc-100,apps/frontend/src/app/(dashboard)/pages/page.tsx,329,Review light/dark contrast and accent bypass,REVIEW_REQUIRED
TOK-01999,static-color,bg-zinc-800,apps/frontend/src/app/(dashboard)/pages/page.tsx,329,Review light/dark contrast and accent bypass,REVIEW_REQUIRED
TOK-02000,static-color,bg-amber-600,apps/frontend/src/app/(dashboard)/pages/page.tsx,335,Review light/dark contrast and accent bypass,REVIEW_REQUIRED
TOK-02001,static-color,bg-amber-700,apps/frontend/src/app/(dashboard)/pages/page.tsx,335,Review light/dark contrast and accent bypass,REVIEW_REQUIRED
TOK-02002,static-color,text-white,apps/frontend/src/app/(dashboard)/pages/page.tsx,335,Review light/dark contrast and accent bypass,REVIEW_REQUIRED
TOK-02003,static-color,text-red-500,apps/frontend/src/app/(dashboard)/pages/page.tsx,380,Review light/dark contrast and accent bypass,REVIEW_REQUIRED
TOK-02004,static-color,bg-black/50,apps/frontend/src/app/(dashboard)/pages/page.tsx,435,Review light/dark contrast and accent bypass,REVIEW_REQUIRED
TOK-02005,static-color,bg-white,apps/frontend/src/app/(dashboard)/pages/page.tsx,436,Review light/dark contrast and accent bypass,REVIEW_REQUIRED
TOK-02006,static-color,bg-zinc-900,apps/frontend/src/app/(dashboard)/pages/page.tsx,436,Review light/dark contrast and accent bypass,REVIEW_REQUIRED
TOK-02007,static-color,border-amber-500,apps/frontend/src/app/(dashboard)/pages/page.tsx,449,Review light/dark contrast and accent bypass,REVIEW_REQUIRED
TOK-02008,static-color,bg-amber-50,apps/frontend/src/app/(dashboard)/pages/page.tsx,449,Review light/dark contrast and accent bypass,REVIEW_REQUIRED
TOK-02009,static-color,bg-amber-950/30,apps/frontend/src/app/(dashboard)/pages/page.tsx,449,Review light/dark contrast and accent bypass,REVIEW_REQUIRED
TOK-02010,static-color,text-amber-700,apps/frontend/src/app/(dashboard)/pages/page.tsx,449,Review light/dark contrast and accent bypass,REVIEW_REQUIRED
TOK-02011,static-color,text-amber-300,apps/frontend/src/app/(dashboard)/pages/page.tsx,449,Review light/dark contrast and accent bypass,REVIEW_REQUIRED
TOK-02012,static-color,border-zinc-300,apps/frontend/src/app/(dashboard)/pages/page.tsx,450,Review light/dark contrast and accent bypass,REVIEW_REQUIRED
TOK-02013,static-color,border-zinc-700,apps/frontend/src/app/(dashboard)/pages/page.tsx,450,Review light/dark contrast and accent bypass,REVIEW_REQUIRED
TOK-02014,static-color,bg-zinc-50,apps/frontend/src/app/(dashboard)/pages/page.tsx,450,Review light/dark contrast and accent bypass,REVIEW_REQUIRED
TOK-02015,static-color,bg-zinc-800,apps/frontend/src/app/(dashboard)/pages/page.tsx,450,Review light/dark contrast and accent bypass,REVIEW_REQUIRED
TOK-02016,static-color,border-amber-500,apps/frontend/src/app/(dashboard)/pages/page.tsx,463,Review light/dark contrast and accent bypass,REVIEW_REQUIRED
TOK-02017,static-color,bg-amber-50,apps/frontend/src/app/(dashboard)/pages/page.tsx,463,Review light/dark contrast and accent bypass,REVIEW_REQUIRED
TOK-02018,static-color,bg-amber-950/30,apps/frontend/src/app/(dashboard)/pages/page.tsx,463,Review light/dark contrast and accent bypass,REVIEW_REQUIRED
TOK-02019,static-color,text-amber-700,apps/frontend/src/app/(dashboard)/pages/page.tsx,463,Review light/dark contrast and accent bypass,REVIEW_REQUIRED
TOK-02020,static-color,text-amber-300,apps/frontend/src/app/(dashboard)/pages/page.tsx,463,Review light/dark contrast and accent bypass,REVIEW_REQUIRED
TOK-02021,static-color,border-zinc-300,apps/frontend/src/app/(dashboard)/pages/page.tsx,464,Review light/dark contrast and accent bypass,REVIEW_REQUIRED
TOK-02022,static-color,border-zinc-700,apps/frontend/src/app/(dashboard)/pages/page.tsx,464,Review light/dark contrast and accent bypass,REVIEW_REQUIRED
TOK-02023,static-color,bg-zinc-50,apps/frontend/src/app/(dashboard)/pages/page.tsx,464,Review light/dark contrast and accent bypass,REVIEW_REQUIRED
TOK-02024,static-color,bg-zinc-800,apps/frontend/src/app/(dashboard)/pages/page.tsx,464,Review light/dark contrast and accent bypass,REVIEW_REQUIRED
TOK-02025,static-color,border-zinc-300,apps/frontend/src/app/(dashboard)/pages/page.tsx,478,Review light/dark contrast and accent bypass,REVIEW_REQUIRED
TOK-02026,static-color,border-zinc-700,apps/frontend/src/app/(dashboard)/pages/page.tsx,478,Review light/dark contrast and accent bypass,REVIEW_REQUIRED
TOK-02027,static-color,ring-amber-500,apps/frontend/src/app/(dashboard)/pages/page.tsx,478,Review light/dark contrast and accent bypass,REVIEW_REQUIRED
TOK-02028,static-color,border-zinc-300,apps/frontend/src/app/(dashboard)/pages/page.tsx,486,Review light/dark contrast and accent bypass,REVIEW_REQUIRED
TOK-02029,static-color,border-zinc-700,apps/frontend/src/app/(dashboard)/pages/page.tsx,486,Review light/dark contrast and accent bypass,REVIEW_REQUIRED
TOK-02030,static-color,ring-amber-500,apps/frontend/src/app/(dashboard)/pages/page.tsx,486,Review light/dark contrast and accent bypass,REVIEW_REQUIRED
TOK-02031,static-color,border-zinc-300,apps/frontend/src/app/(dashboard)/pages/page.tsx,495,Review light/dark contrast and accent bypass,REVIEW_REQUIRED
TOK-02032,static-color,border-zinc-700,apps/frontend/src/app/(dashboard)/pages/page.tsx,495,Review light/dark contrast and accent bypass,REVIEW_REQUIRED
TOK-02033,static-color,ring-amber-500,apps/frontend/src/app/(dashboard)/pages/page.tsx,495,Review light/dark contrast and accent bypass,REVIEW_REQUIRED
TOK-02034,static-color,text-red-500,apps/frontend/src/app/(dashboard)/pages/page.tsx,504,Review light/dark contrast and accent bypass,REVIEW_REQUIRED
TOK-02035,static-color,bg-amber-600,apps/frontend/src/app/(dashboard)/pages/page.tsx,508,Review light/dark contrast and accent bypass,REVIEW_REQUIRED
TOK-02036,static-color,bg-amber-700,apps/frontend/src/app/(dashboard)/pages/page.tsx,508,Review light/dark contrast and accent bypass,REVIEW_REQUIRED
TOK-02037,static-color,text-white,apps/frontend/src/app/(dashboard)/pages/page.tsx,508,Review light/dark contrast and accent bypass,REVIEW_REQUIRED
TOK-02038,static-color,bg-black/50,apps/frontend/src/app/(dashboard)/pages/page.tsx,582,Review light/dark contrast and accent bypass,REVIEW_REQUIRED
TOK-02039,static-color,text-white,apps/frontend/src/app/(dashboard)/pages/page.tsx,582,Review light/dark contrast and accent bypass,REVIEW_REQUIRED
TOK-02040,static-color,border-zinc-300,apps/frontend/src/app/(dashboard)/pages/page.tsx,590,Review light/dark contrast and accent bypass,REVIEW_REQUIRED
TOK-02041,static-color,border-zinc-700,apps/frontend/src/app/(dashboard)/pages/page.tsx,590,Review light/dark contrast and accent bypass,REVIEW_REQUIRED
TOK-02042,static-color,border-zinc-400,apps/frontend/src/app/(dashboard)/pages/page.tsx,590,Review light/dark contrast and accent bypass,REVIEW_REQUIRED
TOK-02043,static-color,border-zinc-600,apps/frontend/src/app/(dashboard)/pages/page.tsx,590,Review light/dark contrast and accent bypass,REVIEW_REQUIRED
TOK-02044,static-color,border-zinc-300,apps/frontend/src/app/(dashboard)/pages/page.tsx,611,Review light/dark contrast and accent bypass,REVIEW_REQUIRED
TOK-02045,static-color,border-zinc-700,apps/frontend/src/app/(dashboard)/pages/page.tsx,611,Review light/dark contrast and accent bypass,REVIEW_REQUIRED
TOK-02046,static-color,border-zinc-400,apps/frontend/src/app/(dashboard)/pages/page.tsx,611,Review light/dark contrast and accent bypass,REVIEW_REQUIRED
TOK-02047,static-color,border-zinc-600,apps/frontend/src/app/(dashboard)/pages/page.tsx,611,Review light/dark contrast and accent bypass,REVIEW_REQUIRED
TOK-02048,static-color,bg-zinc-200,apps/frontend/src/app/(dashboard)/pages/page.tsx,1040,Review light/dark contrast and accent bypass,REVIEW_REQUIRED
TOK-02049,static-color,bg-zinc-800,apps/frontend/src/app/(dashboard)/pages/page.tsx,1040,Review light/dark contrast and accent bypass,REVIEW_REQUIRED
TOK-02050,static-color,bg-zinc-200,apps/frontend/src/app/(dashboard)/pages/page.tsx,1041,Review light/dark contrast and accent bypass,REVIEW_REQUIRED
TOK-02051,static-color,bg-zinc-800,apps/frontend/src/app/(dashboard)/pages/page.tsx,1041,Review light/dark contrast and accent bypass,REVIEW_REQUIRED
TOK-02052,static-color,bg-zinc-200,apps/frontend/src/app/(dashboard)/pages/page.tsx,1042,Review light/dark contrast and accent bypass,REVIEW_REQUIRED
TOK-02053,static-color,bg-zinc-800,apps/frontend/src/app/(dashboard)/pages/page.tsx,1042,Review light/dark contrast and accent bypass,REVIEW_REQUIRED
TOK-02054,static-color,text-red-500,apps/frontend/src/app/(dashboard)/pages/page.tsx,1050,Review light/dark contrast and accent bypass,REVIEW_REQUIRED
TOK-02055,static-color,text-amber-600,apps/frontend/src/app/(dashboard)/pages/page.tsx,1051,Review light/dark contrast and accent bypass,REVIEW_REQUIRED
TOK-02056,static-color,border-zinc-300,apps/frontend/src/app/(dashboard)/pages/page.tsx,1075,Review light/dark contrast and accent bypass,REVIEW_REQUIRED
TOK-02057,static-color,border-zinc-700,apps/frontend/src/app/(dashboard)/pages/page.tsx,1075,Review light/dark contrast and accent bypass,REVIEW_REQUIRED
TOK-02058,static-color,border-amber-500/60,apps/frontend/src/app/(dashboard)/pages/page.tsx,1083,Review light/dark contrast and accent bypass,REVIEW_REQUIRED
TOK-02059,static-color,bg-amber-500/10,apps/frontend/src/app/(dashboard)/pages/page.tsx,1083,Review light/dark contrast and accent bypass,REVIEW_REQUIRED
TOK-02060,static-color,text-amber-700,apps/frontend/src/app/(dashboard)/pages/page.tsx,1083,Review light/dark contrast and accent bypass,REVIEW_REQUIRED
TOK-02061,static-color,text-amber-300,apps/frontend/src/app/(dashboard)/pages/page.tsx,1083,Review light/dark contrast and accent bypass,REVIEW_REQUIRED
TOK-02062,static-color,border-zinc-300,apps/frontend/src/app/(dashboard)/pages/page.tsx,1084,Review light/dark contrast and accent bypass,REVIEW_REQUIRED
TOK-02063,static-color,border-zinc-700,apps/frontend/src/app/(dashboard)/pages/page.tsx,1084,Review light/dark contrast and accent bypass,REVIEW_REQUIRED
TOK-02064,static-color,border-zinc-300,apps/frontend/src/app/(dashboard)/pages/page.tsx,1094,Review light/dark contrast and accent bypass,REVIEW_REQUIRED
TOK-02065,static-color,border-zinc-700,apps/frontend/src/app/(dashboard)/pages/page.tsx,1094,Review light/dark contrast and accent bypass,REVIEW_REQUIRED
TOK-02066,static-color,text-red-500,apps/frontend/src/app/(dashboard)/pages/page.tsx,1094,Review light/dark contrast and accent bypass,REVIEW_REQUIRED
TOK-02067,static-color,bg-red-50,apps/frontend/src/app/(dashboard)/pages/page.tsx,1094,Review light/dark contrast and accent bypass,REVIEW_REQUIRED
TOK-02068,static-color,bg-red-950,apps/frontend/src/app/(dashboard)/pages/page.tsx,1094,Review light/dark contrast and accent bypass,REVIEW_REQUIRED
TOK-02069,static-color,bg-red-50,apps/frontend/src/app/(dashboard)/pages/page.tsx,1101,Review light/dark contrast and accent bypass,REVIEW_REQUIRED
TOK-02070,static-color,bg-red-950,apps/frontend/src/app/(dashboard)/pages/page.tsx,1101,Review light/dark contrast and accent bypass,REVIEW_REQUIRED
TOK-02071,static-color,border-red-200,apps/frontend/src/app/(dashboard)/pages/page.tsx,1101,Review light/dark contrast and accent bypass,REVIEW_REQUIRED
TOK-02072,static-color,border-red-800,apps/frontend/src/app/(dashboard)/pages/page.tsx,1101,Review light/dark contrast and accent bypass,REVIEW_REQUIRED
TOK-02073,static-color,text-red-700,apps/frontend/src/app/(dashboard)/pages/page.tsx,1101,Review light/dark contrast and accent bypass,REVIEW_REQUIRED
TOK-02074,static-color,text-red-300,apps/frontend/src/app/(dashboard)/pages/page.tsx,1101,Review light/dark contrast and accent bypass,REVIEW_REQUIRED
TOK-02075,static-color,text-zinc-400,apps/frontend/src/app/(dashboard)/pages/page.tsx,1106,Review light/dark contrast and accent bypass,REVIEW_REQUIRED
TOK-02076,static-color,bg-white,apps/frontend/src/app/(dashboard)/pages/page.tsx,1145,Review light/dark contrast and accent bypass,REVIEW_REQUIRED
TOK-02077,static-color,bg-zinc-900,apps/frontend/src/app/(dashboard)/pages/page.tsx,1145,Review light/dark contrast and accent bypass,REVIEW_REQUIRED
TOK-02078,static-color,text-amber-600,apps/frontend/src/app/(dashboard)/pages/page.tsx,1441,Review light/dark contrast and accent bypass,REVIEW_REQUIRED
TOK-02079,static-color,text-amber-700,apps/frontend/src/app/(dashboard)/pages/page.tsx,1441,Review light/dark contrast and accent bypass,REVIEW_REQUIRED
TOK-02080,static-color,bg-amber-600,apps/frontend/src/app/(dashboard)/pages/page.tsx,1472,Review light/dark contrast and accent bypass,REVIEW_REQUIRED
TOK-02081,static-color,text-white,apps/frontend/src/app/(dashboard)/pages/page.tsx,1472,Review light/dark contrast and accent bypass,REVIEW_REQUIRED
TOK-02082,static-color,text-amber-600,apps/frontend/src/app/(dashboard)/pages/page.tsx,1485,Review light/dark contrast and accent bypass,REVIEW_REQUIRED
TOK-02083,static-color,text-red-500,apps/frontend/src/app/(dashboard)/pages/page.tsx,1493,Review light/dark contrast and accent bypass,REVIEW_REQUIRED
TOK-02084,static-color,text-red-700,apps/frontend/src/app/(dashboard)/pages/page.tsx,1493,Review light/dark contrast and accent bypass,REVIEW_REQUIRED
TOK-02085,static-color,text-zinc-400,apps/frontend/src/app/(dashboard)/pages/page.tsx,1548,Review light/dark contrast and accent bypass,REVIEW_REQUIRED
TOK-02086,static-color,text-zinc-500,apps/frontend/src/app/(dashboard)/pages/page.tsx,1560,Review light/dark contrast and accent bypass,REVIEW_REQUIRED
TOK-02087,static-color,text-zinc-400,apps/frontend/src/app/(dashboard)/pages/page.tsx,1560,Review light/dark contrast and accent bypass,REVIEW_REQUIRED
TOK-02088,static-color,bg-amber-600,apps/frontend/src/app/(dashboard)/pages/page.tsx,1564,Review light/dark contrast and accent bypass,REVIEW_REQUIRED
TOK-02089,static-color,bg-amber-700,apps/frontend/src/app/(dashboard)/pages/page.tsx,1564,Review light/dark contrast and accent bypass,REVIEW_REQUIRED
TOK-02090,static-color,text-white,apps/frontend/src/app/(dashboard)/pages/page.tsx,1564,Review light/dark contrast and accent bypass,REVIEW_REQUIRED
TOK-02091,static-color,border-zinc-200,apps/frontend/src/app/(dashboard)/pages/page.tsx,1573,Review light/dark contrast and accent bypass,REVIEW_REQUIRED
TOK-02092,static-color,border-zinc-800,apps/frontend/src/app/(dashboard)/pages/page.tsx,1573,Review light/dark contrast and accent bypass,REVIEW_REQUIRED
TOK-02093,static-color,bg-white,apps/frontend/src/app/(dashboard)/pages/page.tsx,1573,Review light/dark contrast and accent bypass,REVIEW_REQUIRED
TOK-02094,static-color,bg-zinc-900,apps/frontend/src/app/(dashboard)/pages/page.tsx,1573,Review light/dark contrast and accent bypass,REVIEW_REQUIRED
TOK-02095,static-color,bg-zinc-200,apps/frontend/src/app/(dashboard)/pages/page.tsx,1574,Review light/dark contrast and accent bypass,REVIEW_REQUIRED
TOK-02096,static-color,bg-zinc-800,apps/frontend/src/app/(dashboard)/pages/page.tsx,1574,Review light/dark contrast and accent bypass,REVIEW_REQUIRED
TOK-02097,static-color,bg-zinc-200,apps/frontend/src/app/(dashboard)/pages/page.tsx,1575,Review light/dark contrast and accent bypass,REVIEW_REQUIRED
TOK-02098,static-color,bg-zinc-800,apps/frontend/src/app/(dashboard)/pages/page.tsx,1575,Review light/dark contrast and accent bypass,REVIEW_REQUIRED
TOK-02099,static-color,bg-zinc-200,apps/frontend/src/app/(dashboard)/pages/page.tsx,1576,Review light/dark contrast and accent bypass,REVIEW_REQUIRED
TOK-02100,static-color,bg-zinc-800,apps/frontend/src/app/(dashboard)/pages/page.tsx,1576,Review light/dark contrast and accent bypass,REVIEW_REQUIRED
TOK-02101,static-color,text-zinc-400,apps/frontend/src/app/(dashboard)/pages/page.tsx,1581,Review light/dark contrast and accent bypass,REVIEW_REQUIRED
TOK-02102,static-color,bg-amber-600,apps/frontend/src/app/(dashboard)/pages/page.tsx,1587,Review light/dark contrast and accent bypass,REVIEW_REQUIRED
TOK-02103,static-color,bg-amber-700,apps/frontend/src/app/(dashboard)/pages/page.tsx,1587,Review light/dark contrast and accent bypass,REVIEW_REQUIRED
TOK-02104,static-color,text-white,apps/frontend/src/app/(dashboard)/pages/page.tsx,1587,Review light/dark contrast and accent bypass,REVIEW_REQUIRED
TOK-02105,static-color,border-zinc-200,apps/frontend/src/app/(dashboard)/pages/page.tsx,1593,Review light/dark contrast and accent bypass,REVIEW_REQUIRED
TOK-02106,static-color,border-zinc-800,apps/frontend/src/app/(dashboard)/pages/page.tsx,1593,Review light/dark contrast and accent bypass,REVIEW_REQUIRED
TOK-02107,static-color,bg-white,apps/frontend/src/app/(dashboard)/pages/page.tsx,1593,Review light/dark contrast and accent bypass,REVIEW_REQUIRED
TOK-02108,static-color,bg-zinc-900,apps/frontend/src/app/(dashboard)/pages/page.tsx,1593,Review light/dark contrast and accent bypass,REVIEW_REQUIRED
TOK-02109,static-color,border-amber-500,apps/frontend/src/app/(dashboard)/pages/page.tsx,1617,Review light/dark contrast and accent bypass,REVIEW_REQUIRED
TOK-02110,semantic-token,bg-bg,apps/frontend/src/app/(dashboard)/pages/page.tsx,353,Preferred semantic design-system token,CODE_CONFIRMED
TOK-02111,semantic-token,border-border,apps/frontend/src/app/(dashboard)/pages/page.tsx,362,Preferred semantic design-system token,CODE_CONFIRMED
TOK-02112,semantic-token,border-border,apps/frontend/src/app/(dashboard)/pages/page.tsx,367,Preferred semantic design-system token,CODE_CONFIRMED
TOK-02113,semantic-token,text-fg,apps/frontend/src/app/(dashboard)/pages/page.tsx,373,Preferred semantic design-system token,CODE_CONFIRMED
TOK-02114,semantic-token,text-fg,apps/frontend/src/app/(dashboard)/pages/page.tsx,377,Preferred semantic design-system token,CODE_CONFIRMED
TOK-02115,semantic-token,text-fg,apps/frontend/src/app/(dashboard)/pages/page.tsx,380,Preferred semantic design-system token,CODE_CONFIRMED
TOK-02116,semantic-token,text-fg,apps/frontend/src/app/(dashboard)/pages/page.tsx,454,Preferred semantic design-system token,CODE_CONFIRMED
TOK-02117,semantic-token,text-fg,apps/frontend/src/app/(dashboard)/pages/page.tsx,468,Preferred semantic design-system token,CODE_CONFIRMED
TOK-02118,semantic-token,text-fg,apps/frontend/src/app/(dashboard)/pages/page.tsx,539,Preferred semantic design-system token,CODE_CONFIRMED
TOK-02119,semantic-token,text-fg,apps/frontend/src/app/(dashboard)/pages/page.tsx,548,Preferred semantic design-system token,CODE_CONFIRMED
TOK-02120,semantic-token,text-fg,apps/frontend/src/app/(dashboard)/pages/page.tsx,590,Preferred semantic design-system token,CODE_CONFIRMED
TOK-02121,semantic-token,text-fg,apps/frontend/src/app/(dashboard)/pages/page.tsx,590,Preferred semantic design-system token,CODE_CONFIRMED
TOK-02122,semantic-token,text-fg,apps/frontend/src/app/(dashboard)/pages/page.tsx,611,Preferred semantic design-system token,CODE_CONFIRMED
TOK-02123,semantic-token,text-fg,apps/frontend/src/app/(dashboard)/pages/page.tsx,611,Preferred semantic design-system token,CODE_CONFIRMED
TOK-02124,semantic-token,text-fg,apps/frontend/src/app/(dashboard)/pages/page.tsx,627,Preferred semantic design-system token,CODE_CONFIRMED
TOK-02125,semantic-token,border-border,apps/frontend/src/app/(dashboard)/pages/page.tsx,634,Preferred semantic design-system token,CODE_CONFIRMED
TOK-02126,semantic-token,text-fg,apps/frontend/src/app/(dashboard)/pages/page.tsx,826,Preferred semantic design-system token,CODE_CONFIRMED
TOK-02127,semantic-token,text-fg,apps/frontend/src/app/(dashboard)/pages/page.tsx,1075,Preferred semantic design-system token,CODE_CONFIRMED
TOK-02128,semantic-token,text-fg,apps/frontend/src/app/(dashboard)/pages/page.tsx,1075,Preferred semantic design-system token,CODE_CONFIRMED
TOK-02129,semantic-token,bg-bg,apps/frontend/src/app/(dashboard)/pages/page.tsx,1075,Preferred semantic design-system token,CODE_CONFIRMED
TOK-02130,semantic-token,text-fg,apps/frontend/src/app/(dashboard)/pages/page.tsx,1084,Preferred semantic design-system token,CODE_CONFIRMED
TOK-02131,semantic-token,text-fg,apps/frontend/src/app/(dashboard)/pages/page.tsx,1084,Preferred semantic design-system token,CODE_CONFIRMED
TOK-02132,semantic-token,bg-bg,apps/frontend/src/app/(dashboard)/pages/page.tsx,1084,Preferred semantic design-system token,CODE_CONFIRMED
TOK-02133,semantic-token,bg-brand-500/5,apps/frontend/src/app/(dashboard)/pages/page.tsx,1116,Preferred semantic design-system token,CODE_CONFIRMED
TOK-02134,semantic-token,ring-brand-500/20,apps/frontend/src/app/(dashboard)/pages/page.tsx,1116,Preferred semantic design-system token,CODE_CONFIRMED
TOK-02135,semantic-token,bg-bg,apps/frontend/src/app/(dashboard)/pages/page.tsx,1116,Preferred semantic design-system token,CODE_CONFIRMED
TOK-02136,semantic-token,border-border,apps/frontend/src/app/(dashboard)/pages/page.tsx,1145,Preferred semantic design-system token,CODE_CONFIRMED
TOK-02137,semantic-token,border-border,apps/frontend/src/app/(dashboard)/pages/page.tsx,1149,Preferred semantic design-system token,CODE_CONFIRMED
TOK-02138,semantic-token,bg-bg,apps/frontend/src/app/(dashboard)/pages/page.tsx,1149,Preferred semantic design-system token,CODE_CONFIRMED
TOK-02139,semantic-token,border-brand-500,apps/frontend/src/app/(dashboard)/pages/page.tsx,1149,Preferred semantic design-system token,CODE_CONFIRMED
TOK-02140,semantic-token,bg-bg,apps/frontend/src/app/(dashboard)/pages/page.tsx,1160,Preferred semantic design-system token,CODE_CONFIRMED
TOK-02141,semantic-token,text-fg,apps/frontend/src/app/(dashboard)/pages/page.tsx,1167,Preferred semantic design-system token,CODE_CONFIRMED
TOK-02142,semantic-token,text-fg,apps/frontend/src/app/(dashboard)/pages/page.tsx,1167,Preferred semantic design-system token,CODE_CONFIRMED
TOK-02143,semantic-token,bg-bg,apps/frontend/src/app/(dashboard)/pages/page.tsx,1167,Preferred semantic design-system token,CODE_CONFIRMED
TOK-02144,semantic-token,text-fg,apps/frontend/src/app/(dashboard)/pages/page.tsx,1174,Preferred semantic design-system token,CODE_CONFIRMED
TOK-02145,semantic-token,text-fg,apps/frontend/src/app/(dashboard)/pages/page.tsx,1174,Preferred semantic design-system token,CODE_CONFIRMED
TOK-02146,semantic-token,bg-bg,apps/frontend/src/app/(dashboard)/pages/page.tsx,1174,Preferred semantic design-system token,CODE_CONFIRMED
TOK-02147,semantic-token,text-fg,apps/frontend/src/app/(dashboard)/pages/page.tsx,1279,Preferred semantic design-system token,CODE_CONFIRMED
TOK-02148,semantic-token,bg-bg,apps/frontend/src/app/(dashboard)/pages/page.tsx,1281,Preferred semantic design-system token,CODE_CONFIRMED
TOK-02149,semantic-token,text-fg,apps/frontend/src/app/(dashboard)/pages/page.tsx,1281,Preferred semantic design-system token,CODE_CONFIRMED
TOK-02150,semantic-token,text-fg,apps/frontend/src/app/(dashboard)/pages/page.tsx,1288,Preferred semantic design-system token,CODE_CONFIRMED
TOK-02151,semantic-token,text-fg,apps/frontend/src/app/(dashboard)/pages/page.tsx,1288,Preferred semantic design-system token,CODE_CONFIRMED
TOK-02152,semantic-token,bg-bg,apps/frontend/src/app/(dashboard)/pages/page.tsx,1288,Preferred semantic design-system token,CODE_CONFIRMED
TOK-02153,semantic-token,text-fg,apps/frontend/src/app/(dashboard)/pages/page.tsx,1291,Preferred semantic design-system token,CODE_CONFIRMED
TOK-02154,semantic-token,text-fg,apps/frontend/src/app/(dashboard)/pages/page.tsx,1294,Preferred semantic design-system token,CODE_CONFIRMED
TOK-02155,semantic-token,border-border,apps/frontend/src/app/(dashboard)/pages/page.tsx,1299,Preferred semantic design-system token,CODE_CONFIRMED
TOK-02156,semantic-token,bg-bg,apps/frontend/src/app/(dashboard)/pages/page.tsx,1299,Preferred semantic design-system token,CODE_CONFIRMED
TOK-02157,semantic-token,text-fg,apps/frontend/src/app/(dashboard)/pages/page.tsx,1316,Preferred semantic design-system token,CODE_CONFIRMED
TOK-02158,semantic-token,text-fg,apps/frontend/src/app/(dashboard)/pages/page.tsx,1341,Preferred semantic design-system token,CODE_CONFIRMED
TOK-02159,semantic-token,text-fg,apps/frontend/src/app/(dashboard)/pages/page.tsx,1341,Preferred semantic design-system token,CODE_CONFIRMED
TOK-02160,semantic-token,bg-bg,apps/frontend/src/app/(dashboard)/pages/page.tsx,1341,Preferred semantic design-system token,CODE_CONFIRMED
TOK-02161,semantic-token,text-fg,apps/frontend/src/app/(dashboard)/pages/page.tsx,1345,Preferred semantic design-system token,CODE_CONFIRMED
TOK-02162,semantic-token,text-fg,apps/frontend/src/app/(dashboard)/pages/page.tsx,1347,Preferred semantic design-system token,CODE_CONFIRMED
TOK-02163,semantic-token,text-fg,apps/frontend/src/app/(dashboard)/pages/page.tsx,1363,Preferred semantic design-system token,CODE_CONFIRMED
TOK-02164,semantic-token,text-fg,apps/frontend/src/app/(dashboard)/pages/page.tsx,1364,Preferred semantic design-system token,CODE_CONFIRMED
TOK-02165,semantic-token,text-brand-500,apps/frontend/src/app/(dashboard)/pages/page.tsx,1381,Preferred semantic design-system token,CODE_CONFIRMED
TOK-02166,semantic-token,text-fg,apps/frontend/src/app/(dashboard)/pages/page.tsx,1383,Preferred semantic design-system token,CODE_CONFIRMED
TOK-02167,semantic-token,text-fg,apps/frontend/src/app/(dashboard)/pages/page.tsx,1385,Preferred semantic design-system token,CODE_CONFIRMED
TOK-02168,semantic-token,border-border,apps/frontend/src/app/(dashboard)/pages/page.tsx,1434,Preferred semantic design-system token,CODE_CONFIRMED
TOK-02169,semantic-token,text-fg,apps/frontend/src/app/(dashboard)/pages/page.tsx,1436,Preferred semantic design-system token,CODE_CONFIRMED
TOK-02170,semantic-token,text-fg,apps/frontend/src/app/(dashboard)/pages/page.tsx,1437,Preferred semantic design-system token,CODE_CONFIRMED
TOK-02171,semantic-token,border-border,apps/frontend/src/app/(dashboard)/pages/page.tsx,1452,Preferred semantic design-system token,CODE_CONFIRMED
TOK-02172,semantic-token,bg-bg,apps/frontend/src/app/(dashboard)/pages/page.tsx,1452,Preferred semantic design-system token,CODE_CONFIRMED
TOK-02173,semantic-token,border-border,apps/frontend/src/app/(dashboard)/pages/page.tsx,1462,Preferred semantic design-system token,CODE_CONFIRMED
TOK-02174,semantic-token,bg-bg,apps/frontend/src/app/(dashboard)/pages/page.tsx,1462,Preferred semantic design-system token,CODE_CONFIRMED
TOK-02175,semantic-token,bg-bg,apps/frontend/src/app/(dashboard)/pages/page.tsx,1482,Preferred semantic design-system token,CODE_CONFIRMED
TOK-02176,semantic-token,text-fg,apps/frontend/src/app/(dashboard)/pages/page.tsx,1489,Preferred semantic design-system token,CODE_CONFIRMED
TOK-02177,semantic-token,text-fg,apps/frontend/src/app/(dashboard)/pages/page.tsx,1501,Preferred semantic design-system token,CODE_CONFIRMED
TOK-02178,static-color,bg-green-500/10,apps/frontend/src/app/(dashboard)/plugins/page.tsx,141,Review light/dark contrast and accent bypass,REVIEW_REQUIRED
TOK-02179,static-color,text-green-500,apps/frontend/src/app/(dashboard)/plugins/page.tsx,141,Review light/dark contrast and accent bypass,REVIEW_REQUIRED
TOK-02180,static-color,border-green-500/20,apps/frontend/src/app/(dashboard)/plugins/page.tsx,141,Review light/dark contrast and accent bypass,REVIEW_REQUIRED
TOK-02181,static-color,text-green-500,apps/frontend/src/app/(dashboard)/plugins/page.tsx,173,Review light/dark contrast and accent bypass,REVIEW_REQUIRED
TOK-02182,static-color,bg-black/60,apps/frontend/src/app/(dashboard)/plugins/page.tsx,249,Review light/dark contrast and accent bypass,REVIEW_REQUIRED
TOK-02183,semantic-token,text-fg,apps/frontend/src/app/(dashboard)/plugins/page.tsx,39,Preferred semantic design-system token,CODE_CONFIRMED
TOK-02184,semantic-token,text-fg,apps/frontend/src/app/(dashboard)/plugins/page.tsx,50,Preferred semantic design-system token,CODE_CONFIRMED
TOK-02185,semantic-token,text-fg,apps/frontend/src/app/(dashboard)/plugins/page.tsx,81,Preferred semantic design-system token,CODE_CONFIRMED
TOK-02186,semantic-token,border-danger/20,apps/frontend/src/app/(dashboard)/plugins/page.tsx,90,Preferred semantic design-system token,CODE_CONFIRMED
TOK-02187,semantic-token,bg-danger/5,apps/frontend/src/app/(dashboard)/plugins/page.tsx,90,Preferred semantic design-system token,CODE_CONFIRMED
TOK-02188,semantic-token,text-danger,apps/frontend/src/app/(dashboard)/plugins/page.tsx,90,Preferred semantic design-system token,CODE_CONFIRMED
TOK-02189,semantic-token,text-danger/80,apps/frontend/src/app/(dashboard)/plugins/page.tsx,94,Preferred semantic design-system token,CODE_CONFIRMED
TOK-02190,semantic-token,text-fg,apps/frontend/src/app/(dashboard)/plugins/page.tsx,103,Preferred semantic design-system token,CODE_CONFIRMED
TOK-02191,semantic-token,bg-brand-500,apps/frontend/src/app/(dashboard)/plugins/page.tsx,108,Preferred semantic design-system token,CODE_CONFIRMED
TOK-02192,semantic-token,text-bg,apps/frontend/src/app/(dashboard)/plugins/page.tsx,108,Preferred semantic design-system token,CODE_CONFIRMED
TOK-02193,semantic-token,bg-brand-400,apps/frontend/src/app/(dashboard)/plugins/page.tsx,108,Preferred semantic design-system token,CODE_CONFIRMED
TOK-02194,semantic-token,border-border,apps/frontend/src/app/(dashboard)/plugins/page.tsx,115,Preferred semantic design-system token,CODE_CONFIRMED
TOK-02195,semantic-token,text-fg,apps/frontend/src/app/(dashboard)/plugins/page.tsx,115,Preferred semantic design-system token,CODE_CONFIRMED
TOK-02196,semantic-token,border-border,apps/frontend/src/app/(dashboard)/plugins/page.tsx,129,Preferred semantic design-system token,CODE_CONFIRMED
TOK-02197,semantic-token,bg-bg,apps/frontend/src/app/(dashboard)/plugins/page.tsx,129,Preferred semantic design-system token,CODE_CONFIRMED
TOK-02198,semantic-token,bg-brand-500/10,apps/frontend/src/app/(dashboard)/plugins/page.tsx,131,Preferred semantic design-system token,CODE_CONFIRMED
TOK-02199,semantic-token,text-brand-500,apps/frontend/src/app/(dashboard)/plugins/page.tsx,131,Preferred semantic design-system token,CODE_CONFIRMED
TOK-02200,semantic-token,text-fg,apps/frontend/src/app/(dashboard)/plugins/page.tsx,137,Preferred semantic design-system token,CODE_CONFIRMED
TOK-02201,semantic-token,text-fg,apps/frontend/src/app/(dashboard)/plugins/page.tsx,147,Preferred semantic design-system token,CODE_CONFIRMED
TOK-02202,semantic-token,text-fg,apps/frontend/src/app/(dashboard)/plugins/page.tsx,153,Preferred semantic design-system token,CODE_CONFIRMED
TOK-02203,semantic-token,text-brand-500,apps/frontend/src/app/(dashboard)/plugins/page.tsx,162,Preferred semantic design-system token,CODE_CONFIRMED
TOK-02204,semantic-token,text-fg,apps/frontend/src/app/(dashboard)/plugins/page.tsx,173,Preferred semantic design-system token,CODE_CONFIRMED
TOK-02205,semantic-token,text-fg,apps/frontend/src/app/(dashboard)/plugins/page.tsx,190,Preferred semantic design-system token,CODE_CONFIRMED
TOK-02206,semantic-token,text-danger,apps/frontend/src/app/(dashboard)/plugins/page.tsx,190,Preferred semantic design-system token,CODE_CONFIRMED
TOK-02207,semantic-token,border-border,apps/frontend/src/app/(dashboard)/plugins/page.tsx,255,Preferred semantic design-system token,CODE_CONFIRMED
TOK-02208,semantic-token,bg-bg,apps/frontend/src/app/(dashboard)/plugins/page.tsx,255,Preferred semantic design-system token,CODE_CONFIRMED
TOK-02209,semantic-token,text-fg,apps/frontend/src/app/(dashboard)/plugins/page.tsx,262,Preferred semantic design-system token,CODE_CONFIRMED
TOK-02210,semantic-token,text-fg,apps/frontend/src/app/(dashboard)/plugins/page.tsx,262,Preferred semantic design-system token,CODE_CONFIRMED
TOK-02211,semantic-token,border-border,apps/frontend/src/app/(dashboard)/plugins/page.tsx,276,Preferred semantic design-system token,CODE_CONFIRMED
TOK-02212,semantic-token,bg-bg,apps/frontend/src/app/(dashboard)/plugins/page.tsx,276,Preferred semantic design-system token,CODE_CONFIRMED
TOK-02213,semantic-token,text-fg,apps/frontend/src/app/(dashboard)/plugins/page.tsx,276,Preferred semantic design-system token,CODE_CONFIRMED
TOK-02214,semantic-token,ring-brand-500/50,apps/frontend/src/app/(dashboard)/plugins/page.tsx,276,Preferred semantic design-system token,CODE_CONFIRMED
TOK-02215,semantic-token,border-border,apps/frontend/src/app/(dashboard)/plugins/page.tsx,288,Preferred semantic design-system token,CODE_CONFIRMED
TOK-02216,semantic-token,bg-bg,apps/frontend/src/app/(dashboard)/plugins/page.tsx,288,Preferred semantic design-system token,CODE_CONFIRMED
TOK-02217,semantic-token,text-fg,apps/frontend/src/app/(dashboard)/plugins/page.tsx,288,Preferred semantic design-system token,CODE_CONFIRMED
TOK-02218,semantic-token,ring-brand-500/50,apps/frontend/src/app/(dashboard)/plugins/page.tsx,288,Preferred semantic design-system token,CODE_CONFIRMED
TOK-02219,semantic-token,border-border,apps/frontend/src/app/(dashboard)/plugins/page.tsx,299,Preferred semantic design-system token,CODE_CONFIRMED
TOK-02220,semantic-token,bg-bg,apps/frontend/src/app/(dashboard)/plugins/page.tsx,299,Preferred semantic design-system token,CODE_CONFIRMED
TOK-02221,semantic-token,text-fg,apps/frontend/src/app/(dashboard)/plugins/page.tsx,299,Preferred semantic design-system token,CODE_CONFIRMED
TOK-02222,semantic-token,ring-brand-500/50,apps/frontend/src/app/(dashboard)/plugins/page.tsx,299,Preferred semantic design-system token,CODE_CONFIRMED
TOK-02223,semantic-token,border-border,apps/frontend/src/app/(dashboard)/plugins/page.tsx,310,Preferred semantic design-system token,CODE_CONFIRMED
TOK-02224,semantic-token,bg-bg,apps/frontend/src/app/(dashboard)/plugins/page.tsx,310,Preferred semantic design-system token,CODE_CONFIRMED
TOK-02225,semantic-token,text-fg,apps/frontend/src/app/(dashboard)/plugins/page.tsx,310,Preferred semantic design-system token,CODE_CONFIRMED
TOK-02226,semantic-token,ring-brand-500/50,apps/frontend/src/app/(dashboard)/plugins/page.tsx,310,Preferred semantic design-system token,CODE_CONFIRMED
TOK-02227,semantic-token,border-border,apps/frontend/src/app/(dashboard)/plugins/page.tsx,321,Preferred semantic design-system token,CODE_CONFIRMED
TOK-02228,semantic-token,bg-bg,apps/frontend/src/app/(dashboard)/plugins/page.tsx,321,Preferred semantic design-system token,CODE_CONFIRMED
TOK-02229,semantic-token,text-fg,apps/frontend/src/app/(dashboard)/plugins/page.tsx,321,Preferred semantic design-system token,CODE_CONFIRMED
TOK-02230,semantic-token,ring-brand-500/50,apps/frontend/src/app/(dashboard)/plugins/page.tsx,321,Preferred semantic design-system token,CODE_CONFIRMED
TOK-02231,semantic-token,text-danger,apps/frontend/src/app/(dashboard)/plugins/page.tsx,325,Preferred semantic design-system token,CODE_CONFIRMED
TOK-02232,semantic-token,border-border,apps/frontend/src/app/(dashboard)/plugins/page.tsx,331,Preferred semantic design-system token,CODE_CONFIRMED
TOK-02233,semantic-token,text-fg,apps/frontend/src/app/(dashboard)/plugins/page.tsx,331,Preferred semantic design-system token,CODE_CONFIRMED
TOK-02234,semantic-token,bg-bg,apps/frontend/src/app/(dashboard)/plugins/page.tsx,331,Preferred semantic design-system token,CODE_CONFIRMED
TOK-02235,semantic-token,bg-brand-500,apps/frontend/src/app/(dashboard)/plugins/page.tsx,338,Preferred semantic design-system token,CODE_CONFIRMED
TOK-02236,semantic-token,text-bg,apps/frontend/src/app/(dashboard)/plugins/page.tsx,338,Preferred semantic design-system token,CODE_CONFIRMED
TOK-02237,semantic-token,bg-brand-400,apps/frontend/src/app/(dashboard)/plugins/page.tsx,338,Preferred semantic design-system token,CODE_CONFIRMED
TOK-02238,static-color,bg-yellow-100,apps/frontend/src/app/(dashboard)/projects/page.tsx,62,Review light/dark contrast and accent bypass,REVIEW_REQUIRED
TOK-02239,static-color,text-yellow-800,apps/frontend/src/app/(dashboard)/projects/page.tsx,62,Review light/dark contrast and accent bypass,REVIEW_REQUIRED
TOK-02240,static-color,bg-yellow-900/30,apps/frontend/src/app/(dashboard)/projects/page.tsx,62,Review light/dark contrast and accent bypass,REVIEW_REQUIRED
TOK-02241,static-color,text-yellow-300,apps/frontend/src/app/(dashboard)/projects/page.tsx,62,Review light/dark contrast and accent bypass,REVIEW_REQUIRED
TOK-02242,static-color,bg-blue-100,apps/frontend/src/app/(dashboard)/projects/page.tsx,63,Review light/dark contrast and accent bypass,REVIEW_REQUIRED
TOK-02243,static-color,text-blue-800,apps/frontend/src/app/(dashboard)/projects/page.tsx,63,Review light/dark contrast and accent bypass,REVIEW_REQUIRED
TOK-02244,static-color,bg-blue-900/30,apps/frontend/src/app/(dashboard)/projects/page.tsx,63,Review light/dark contrast and accent bypass,REVIEW_REQUIRED
TOK-02245,static-color,text-blue-300,apps/frontend/src/app/(dashboard)/projects/page.tsx,63,Review light/dark contrast and accent bypass,REVIEW_REQUIRED
TOK-02246,static-color,bg-green-100,apps/frontend/src/app/(dashboard)/projects/page.tsx,64,Review light/dark contrast and accent bypass,REVIEW_REQUIRED
TOK-02247,static-color,text-green-800,apps/frontend/src/app/(dashboard)/projects/page.tsx,64,Review light/dark contrast and accent bypass,REVIEW_REQUIRED
TOK-02248,static-color,bg-green-900/30,apps/frontend/src/app/(dashboard)/projects/page.tsx,64,Review light/dark contrast and accent bypass,REVIEW_REQUIRED
TOK-02249,static-color,text-green-300,apps/frontend/src/app/(dashboard)/projects/page.tsx,64,Review light/dark contrast and accent bypass,REVIEW_REQUIRED
TOK-02250,static-color,bg-zinc-100,apps/frontend/src/app/(dashboard)/projects/page.tsx,65,Review light/dark contrast and accent bypass,REVIEW_REQUIRED
TOK-02251,static-color,text-zinc-800,apps/frontend/src/app/(dashboard)/projects/page.tsx,65,Review light/dark contrast and accent bypass,REVIEW_REQUIRED
TOK-02252,static-color,bg-zinc-900/30,apps/frontend/src/app/(dashboard)/projects/page.tsx,65,Review light/dark contrast and accent bypass,REVIEW_REQUIRED
TOK-02253,static-color,text-zinc-300,apps/frontend/src/app/(dashboard)/projects/page.tsx,65,Review light/dark contrast and accent bypass,REVIEW_REQUIRED
TOK-02254,static-color,bg-rose-100,apps/frontend/src/app/(dashboard)/projects/page.tsx,76,Review light/dark contrast and accent bypass,REVIEW_REQUIRED
TOK-02255,static-color,text-rose-800,apps/frontend/src/app/(dashboard)/projects/page.tsx,76,Review light/dark contrast and accent bypass,REVIEW_REQUIRED
TOK-02256,static-color,bg-rose-900/30,apps/frontend/src/app/(dashboard)/projects/page.tsx,76,Review light/dark contrast and accent bypass,REVIEW_REQUIRED
TOK-02257,static-color,text-rose-300,apps/frontend/src/app/(dashboard)/projects/page.tsx,76,Review light/dark contrast and accent bypass,REVIEW_REQUIRED
TOK-02258,static-color,bg-amber-100,apps/frontend/src/app/(dashboard)/projects/page.tsx,79,Review light/dark contrast and accent bypass,REVIEW_REQUIRED
TOK-02259,static-color,text-amber-800,apps/frontend/src/app/(dashboard)/projects/page.tsx,79,Review light/dark contrast and accent bypass,REVIEW_REQUIRED
TOK-02260,static-color,bg-amber-900/30,apps/frontend/src/app/(dashboard)/projects/page.tsx,79,Review light/dark contrast and accent bypass,REVIEW_REQUIRED
TOK-02261,static-color,text-amber-300,apps/frontend/src/app/(dashboard)/projects/page.tsx,79,Review light/dark contrast and accent bypass,REVIEW_REQUIRED
TOK-02262,static-color,bg-black/50,apps/frontend/src/app/(dashboard)/projects/page.tsx,116,Review light/dark contrast and accent bypass,REVIEW_REQUIRED
TOK-02263,static-color,bg-white,apps/frontend/src/app/(dashboard)/projects/page.tsx,117,Review light/dark contrast and accent bypass,REVIEW_REQUIRED
TOK-02264,static-color,bg-zinc-900,apps/frontend/src/app/(dashboard)/projects/page.tsx,117,Review light/dark contrast and accent bypass,REVIEW_REQUIRED
TOK-02265,static-color,border-zinc-300,apps/frontend/src/app/(dashboard)/projects/page.tsx,123,Review light/dark contrast and accent bypass,REVIEW_REQUIRED
TOK-02266,static-color,border-zinc-700,apps/frontend/src/app/(dashboard)/projects/page.tsx,123,Review light/dark contrast and accent bypass,REVIEW_REQUIRED
TOK-02267,static-color,ring-amber-500,apps/frontend/src/app/(dashboard)/projects/page.tsx,123,Review light/dark contrast and accent bypass,REVIEW_REQUIRED
TOK-02268,static-color,border-zinc-300,apps/frontend/src/app/(dashboard)/projects/page.tsx,131,Review light/dark contrast and accent bypass,REVIEW_REQUIRED
TOK-02269,static-color,border-zinc-700,apps/frontend/src/app/(dashboard)/projects/page.tsx,131,Review light/dark contrast and accent bypass,REVIEW_REQUIRED
TOK-02270,static-color,ring-amber-500,apps/frontend/src/app/(dashboard)/projects/page.tsx,131,Review light/dark contrast and accent bypass,REVIEW_REQUIRED
TOK-02271,static-color,border-zinc-300,apps/frontend/src/app/(dashboard)/projects/page.tsx,140,Review light/dark contrast and accent bypass,REVIEW_REQUIRED
TOK-02272,static-color,border-zinc-700,apps/frontend/src/app/(dashboard)/projects/page.tsx,140,Review light/dark contrast and accent bypass,REVIEW_REQUIRED
TOK-02273,static-color,ring-amber-500,apps/frontend/src/app/(dashboard)/projects/page.tsx,140,Review light/dark contrast and accent bypass,REVIEW_REQUIRED
TOK-02274,static-color,border-zinc-300,apps/frontend/src/app/(dashboard)/projects/page.tsx,154,Review light/dark contrast and accent bypass,REVIEW_REQUIRED
TOK-02275,static-color,border-zinc-700,apps/frontend/src/app/(dashboard)/projects/page.tsx,154,Review light/dark contrast and accent bypass,REVIEW_REQUIRED
TOK-02276,static-color,ring-amber-500,apps/frontend/src/app/(dashboard)/projects/page.tsx,154,Review light/dark contrast and accent bypass,REVIEW_REQUIRED
TOK-02277,static-color,border-zinc-300,apps/frontend/src/app/(dashboard)/projects/page.tsx,167,Review light/dark contrast and accent bypass,REVIEW_REQUIRED
TOK-02278,static-color,border-zinc-700,apps/frontend/src/app/(dashboard)/projects/page.tsx,167,Review light/dark contrast and accent bypass,REVIEW_REQUIRED
TOK-02279,static-color,ring-amber-500,apps/frontend/src/app/(dashboard)/projects/page.tsx,167,Review light/dark contrast and accent bypass,REVIEW_REQUIRED
TOK-02280,static-color,border-zinc-300,apps/frontend/src/app/(dashboard)/projects/page.tsx,175,Review light/dark contrast and accent bypass,REVIEW_REQUIRED
TOK-02281,static-color,border-zinc-700,apps/frontend/src/app/(dashboard)/projects/page.tsx,175,Review light/dark contrast and accent bypass,REVIEW_REQUIRED
TOK-02282,static-color,ring-amber-500,apps/frontend/src/app/(dashboard)/projects/page.tsx,175,Review light/dark contrast and accent bypass,REVIEW_REQUIRED
TOK-02283,static-color,text-red-500,apps/frontend/src/app/(dashboard)/projects/page.tsx,180,Review light/dark contrast and accent bypass,REVIEW_REQUIRED
TOK-02284,static-color,bg-amber-600,apps/frontend/src/app/(dashboard)/projects/page.tsx,184,Review light/dark contrast and accent bypass,REVIEW_REQUIRED
TOK-02285,static-color,bg-amber-700,apps/frontend/src/app/(dashboard)/projects/page.tsx,184,Review light/dark contrast and accent bypass,REVIEW_REQUIRED
TOK-02286,static-color,text-white,apps/frontend/src/app/(dashboard)/projects/page.tsx,184,Review light/dark contrast and accent bypass,REVIEW_REQUIRED
TOK-02287,static-color,border-zinc-200,apps/frontend/src/app/(dashboard)/projects/page.tsx,202,Review light/dark contrast and accent bypass,REVIEW_REQUIRED
TOK-02288,static-color,border-zinc-800,apps/frontend/src/app/(dashboard)/projects/page.tsx,202,Review light/dark contrast and accent bypass,REVIEW_REQUIRED
TOK-02289,static-color,bg-white,apps/frontend/src/app/(dashboard)/projects/page.tsx,202,Review light/dark contrast and accent bypass,REVIEW_REQUIRED
TOK-02290,static-color,bg-zinc-900,apps/frontend/src/app/(dashboard)/projects/page.tsx,202,Review light/dark contrast and accent bypass,REVIEW_REQUIRED
TOK-02291,static-color,text-zinc-500,apps/frontend/src/app/(dashboard)/projects/page.tsx,210,Review light/dark contrast and accent bypass,REVIEW_REQUIRED
TOK-02292,static-color,text-zinc-400,apps/frontend/src/app/(dashboard)/projects/page.tsx,210,Review light/dark contrast and accent bypass,REVIEW_REQUIRED
TOK-02293,static-color,bg-zinc-100,apps/frontend/src/app/(dashboard)/projects/page.tsx,215,Review light/dark contrast and accent bypass,REVIEW_REQUIRED
TOK-02294,static-color,bg-zinc-800,apps/frontend/src/app/(dashboard)/projects/page.tsx,215,Review light/dark contrast and accent bypass,REVIEW_REQUIRED
TOK-02295,static-color,bg-white,apps/frontend/src/app/(dashboard)/projects/page.tsx,221,Review light/dark contrast and accent bypass,REVIEW_REQUIRED
TOK-02296,static-color,bg-zinc-900,apps/frontend/src/app/(dashboard)/projects/page.tsx,221,Review light/dark contrast and accent bypass,REVIEW_REQUIRED
TOK-02297,static-color,border-zinc-200,apps/frontend/src/app/(dashboard)/projects/page.tsx,221,Review light/dark contrast and accent bypass,REVIEW_REQUIRED
TOK-02298,static-color,border-zinc-800,apps/frontend/src/app/(dashboard)/projects/page.tsx,221,Review light/dark contrast and accent bypass,REVIEW_REQUIRED
TOK-02299,static-color,text-red-500,apps/frontend/src/app/(dashboard)/projects/page.tsx,223,Review light/dark contrast and accent bypass,REVIEW_REQUIRED
TOK-02300,static-color,bg-zinc-100,apps/frontend/src/app/(dashboard)/projects/page.tsx,223,Review light/dark contrast and accent bypass,REVIEW_REQUIRED
TOK-02301,static-color,bg-zinc-800,apps/frontend/src/app/(dashboard)/projects/page.tsx,223,Review light/dark contrast and accent bypass,REVIEW_REQUIRED
TOK-02302,static-color,text-zinc-500,apps/frontend/src/app/(dashboard)/projects/page.tsx,240,Review light/dark contrast and accent bypass,REVIEW_REQUIRED
TOK-02303,static-color,text-zinc-400,apps/frontend/src/app/(dashboard)/projects/page.tsx,240,Review light/dark contrast and accent bypass,REVIEW_REQUIRED
TOK-02304,static-color,bg-zinc-200,apps/frontend/src/app/(dashboard)/projects/page.tsx,343,Review light/dark contrast and accent bypass,REVIEW_REQUIRED
TOK-02305,static-color,bg-zinc-800,apps/frontend/src/app/(dashboard)/projects/page.tsx,343,Review light/dark contrast and accent bypass,REVIEW_REQUIRED
TOK-02306,static-color,bg-zinc-200,apps/frontend/src/app/(dashboard)/projects/page.tsx,344,Review light/dark contrast and accent bypass,REVIEW_REQUIRED
TOK-02307,static-color,bg-zinc-800,apps/frontend/src/app/(dashboard)/projects/page.tsx,344,Review light/dark contrast and accent bypass,REVIEW_REQUIRED
TOK-02308,static-color,bg-zinc-200,apps/frontend/src/app/(dashboard)/projects/page.tsx,345,Review light/dark contrast and accent bypass,REVIEW_REQUIRED
TOK-02309,static-color,bg-zinc-800,apps/frontend/src/app/(dashboard)/projects/page.tsx,345,Review light/dark contrast and accent bypass,REVIEW_REQUIRED
TOK-02310,static-color,text-red-500,apps/frontend/src/app/(dashboard)/projects/page.tsx,353,Review light/dark contrast and accent bypass,REVIEW_REQUIRED
TOK-02311,static-color,text-amber-600,apps/frontend/src/app/(dashboard)/projects/page.tsx,354,Review light/dark contrast and accent bypass,REVIEW_REQUIRED
TOK-02312,static-color,text-zinc-500,apps/frontend/src/app/(dashboard)/projects/page.tsx,365,Review light/dark contrast and accent bypass,REVIEW_REQUIRED
TOK-02313,static-color,text-zinc-800,apps/frontend/src/app/(dashboard)/projects/page.tsx,365,Review light/dark contrast and accent bypass,REVIEW_REQUIRED
TOK-02314,static-color,text-zinc-200,apps/frontend/src/app/(dashboard)/projects/page.tsx,365,Review light/dark contrast and accent bypass,REVIEW_REQUIRED
TOK-02315,static-color,text-zinc-500,apps/frontend/src/app/(dashboard)/projects/page.tsx,370,Review light/dark contrast and accent bypass,REVIEW_REQUIRED
TOK-02316,static-color,text-zinc-400,apps/frontend/src/app/(dashboard)/projects/page.tsx,370,Review light/dark contrast and accent bypass,REVIEW_REQUIRED
TOK-02317,static-color,text-zinc-500,apps/frontend/src/app/(dashboard)/projects/page.tsx,372,Review light/dark contrast and accent bypass,REVIEW_REQUIRED
TOK-02318,static-color,text-zinc-400,apps/frontend/src/app/(dashboard)/projects/page.tsx,372,Review light/dark contrast and accent bypass,REVIEW_REQUIRED
TOK-02319,static-color,border-zinc-300,apps/frontend/src/app/(dashboard)/projects/page.tsx,386,Review light/dark contrast and accent bypass,REVIEW_REQUIRED
TOK-02320,static-color,border-zinc-700,apps/frontend/src/app/(dashboard)/projects/page.tsx,386,Review light/dark contrast and accent bypass,REVIEW_REQUIRED
TOK-02321,static-color,border-zinc-300,apps/frontend/src/app/(dashboard)/projects/page.tsx,398,Review light/dark contrast and accent bypass,REVIEW_REQUIRED
TOK-02322,static-color,border-zinc-700,apps/frontend/src/app/(dashboard)/projects/page.tsx,398,Review light/dark contrast and accent bypass,REVIEW_REQUIRED
TOK-02323,static-color,text-red-500,apps/frontend/src/app/(dashboard)/projects/page.tsx,407,Review light/dark contrast and accent bypass,REVIEW_REQUIRED
TOK-02324,static-color,bg-red-50,apps/frontend/src/app/(dashboard)/projects/page.tsx,407,Review light/dark contrast and accent bypass,REVIEW_REQUIRED
TOK-02325,static-color,bg-red-950,apps/frontend/src/app/(dashboard)/projects/page.tsx,407,Review light/dark contrast and accent bypass,REVIEW_REQUIRED
TOK-02326,static-color,border-zinc-200,apps/frontend/src/app/(dashboard)/projects/page.tsx,414,Review light/dark contrast and accent bypass,REVIEW_REQUIRED
TOK-02327,static-color,border-zinc-800,apps/frontend/src/app/(dashboard)/projects/page.tsx,414,Review light/dark contrast and accent bypass,REVIEW_REQUIRED
TOK-02328,static-color,border-amber-500,apps/frontend/src/app/(dashboard)/projects/page.tsx,421,Review light/dark contrast and accent bypass,REVIEW_REQUIRED
TOK-02329,static-color,text-amber-600,apps/frontend/src/app/(dashboard)/projects/page.tsx,421,Review light/dark contrast and accent bypass,REVIEW_REQUIRED
TOK-02330,static-color,text-amber-400,apps/frontend/src/app/(dashboard)/projects/page.tsx,421,Review light/dark contrast and accent bypass,REVIEW_REQUIRED
TOK-02331,static-color,text-zinc-500,apps/frontend/src/app/(dashboard)/projects/page.tsx,422,Review light/dark contrast and accent bypass,REVIEW_REQUIRED
TOK-02332,static-color,text-zinc-800,apps/frontend/src/app/(dashboard)/projects/page.tsx,422,Review light/dark contrast and accent bypass,REVIEW_REQUIRED
TOK-02333,static-color,text-zinc-200,apps/frontend/src/app/(dashboard)/projects/page.tsx,422,Review light/dark contrast and accent bypass,REVIEW_REQUIRED
TOK-02334,static-color,bg-red-50,apps/frontend/src/app/(dashboard)/projects/page.tsx,432,Review light/dark contrast and accent bypass,REVIEW_REQUIRED
TOK-02335,static-color,bg-red-950,apps/frontend/src/app/(dashboard)/projects/page.tsx,432,Review light/dark contrast and accent bypass,REVIEW_REQUIRED
TOK-02336,static-color,border-red-200,apps/frontend/src/app/(dashboard)/projects/page.tsx,432,Review light/dark contrast and accent bypass,REVIEW_REQUIRED
TOK-02337,static-color,border-red-800,apps/frontend/src/app/(dashboard)/projects/page.tsx,432,Review light/dark contrast and accent bypass,REVIEW_REQUIRED
TOK-02338,static-color,text-red-700,apps/frontend/src/app/(dashboard)/projects/page.tsx,432,Review light/dark contrast and accent bypass,REVIEW_REQUIRED
TOK-02339,static-color,text-red-300,apps/frontend/src/app/(dashboard)/projects/page.tsx,432,Review light/dark contrast and accent bypass,REVIEW_REQUIRED
TOK-02340,static-color,border-zinc-200,apps/frontend/src/app/(dashboard)/projects/page.tsx,445,Review light/dark contrast and accent bypass,REVIEW_REQUIRED
TOK-02341,static-color,border-zinc-800,apps/frontend/src/app/(dashboard)/projects/page.tsx,445,Review light/dark contrast and accent bypass,REVIEW_REQUIRED
TOK-02342,static-color,bg-white,apps/frontend/src/app/(dashboard)/projects/page.tsx,445,Review light/dark contrast and accent bypass,REVIEW_REQUIRED
TOK-02343,static-color,bg-zinc-900,apps/frontend/src/app/(dashboard)/projects/page.tsx,445,Review light/dark contrast and accent bypass,REVIEW_REQUIRED
TOK-02344,static-color,text-zinc-500,apps/frontend/src/app/(dashboard)/projects/page.tsx,446,Review light/dark contrast and accent bypass,REVIEW_REQUIRED
TOK-02345,static-color,border-zinc-200,apps/frontend/src/app/(dashboard)/projects/page.tsx,455,Review light/dark contrast and accent bypass,REVIEW_REQUIRED
TOK-02346,static-color,border-zinc-800,apps/frontend/src/app/(dashboard)/projects/page.tsx,455,Review light/dark contrast and accent bypass,REVIEW_REQUIRED
TOK-02347,static-color,bg-white,apps/frontend/src/app/(dashboard)/projects/page.tsx,455,Review light/dark contrast and accent bypass,REVIEW_REQUIRED
TOK-02348,static-color,bg-zinc-900,apps/frontend/src/app/(dashboard)/projects/page.tsx,455,Review light/dark contrast and accent bypass,REVIEW_REQUIRED
TOK-02349,static-color,text-amber-600,apps/frontend/src/app/(dashboard)/projects/page.tsx,460,Review light/dark contrast and accent bypass,REVIEW_REQUIRED
TOK-02350,static-color,border-zinc-200,apps/frontend/src/app/(dashboard)/projects/page.tsx,468,Review light/dark contrast and accent bypass,REVIEW_REQUIRED
TOK-02351,static-color,border-zinc-800,apps/frontend/src/app/(dashboard)/projects/page.tsx,468,Review light/dark contrast and accent bypass,REVIEW_REQUIRED
TOK-02352,static-color,bg-white,apps/frontend/src/app/(dashboard)/projects/page.tsx,468,Review light/dark contrast and accent bypass,REVIEW_REQUIRED
TOK-02353,static-color,bg-zinc-900,apps/frontend/src/app/(dashboard)/projects/page.tsx,468,Review light/dark contrast and accent bypass,REVIEW_REQUIRED
TOK-02354,static-color,border-zinc-300,apps/frontend/src/app/(dashboard)/projects/page.tsx,491,Review light/dark contrast and accent bypass,REVIEW_REQUIRED
TOK-02355,static-color,border-zinc-700,apps/frontend/src/app/(dashboard)/projects/page.tsx,491,Review light/dark contrast and accent bypass,REVIEW_REQUIRED
TOK-02356,static-color,ring-amber-500,apps/frontend/src/app/(dashboard)/projects/page.tsx,491,Review light/dark contrast and accent bypass,REVIEW_REQUIRED
TOK-02357,static-color,bg-amber-600,apps/frontend/src/app/(dashboard)/projects/page.tsx,499,Review light/dark contrast and accent bypass,REVIEW_REQUIRED
TOK-02358,static-color,bg-amber-700,apps/frontend/src/app/(dashboard)/projects/page.tsx,499,Review light/dark contrast and accent bypass,REVIEW_REQUIRED
TOK-02359,static-color,text-white,apps/frontend/src/app/(dashboard)/projects/page.tsx,499,Review light/dark contrast and accent bypass,REVIEW_REQUIRED
TOK-02360,static-color,text-zinc-500,apps/frontend/src/app/(dashboard)/projects/page.tsx,506,Review light/dark contrast and accent bypass,REVIEW_REQUIRED
TOK-02361,static-color,border-zinc-200,apps/frontend/src/app/(dashboard)/projects/page.tsx,510,Review light/dark contrast and accent bypass,REVIEW_REQUIRED
TOK-02362,static-color,border-zinc-800,apps/frontend/src/app/(dashboard)/projects/page.tsx,510,Review light/dark contrast and accent bypass,REVIEW_REQUIRED
TOK-02363,static-color,bg-white,apps/frontend/src/app/(dashboard)/projects/page.tsx,510,Review light/dark contrast and accent bypass,REVIEW_REQUIRED
TOK-02364,static-color,bg-zinc-900,apps/frontend/src/app/(dashboard)/projects/page.tsx,510,Review light/dark contrast and accent bypass,REVIEW_REQUIRED
TOK-02365,static-color,border-zinc-300,apps/frontend/src/app/(dashboard)/projects/page.tsx,514,Review light/dark contrast and accent bypass,REVIEW_REQUIRED
TOK-02366,static-color,border-zinc-700,apps/frontend/src/app/(dashboard)/projects/page.tsx,514,Review light/dark contrast and accent bypass,REVIEW_REQUIRED
TOK-02367,static-color,ring-amber-500,apps/frontend/src/app/(dashboard)/projects/page.tsx,514,Review light/dark contrast and accent bypass,REVIEW_REQUIRED
TOK-02368,static-color,bg-amber-600,apps/frontend/src/app/(dashboard)/projects/page.tsx,522,Review light/dark contrast and accent bypass,REVIEW_REQUIRED
TOK-02369,static-color,bg-amber-700,apps/frontend/src/app/(dashboard)/projects/page.tsx,522,Review light/dark contrast and accent bypass,REVIEW_REQUIRED
TOK-02370,static-color,text-white,apps/frontend/src/app/(dashboard)/projects/page.tsx,522,Review light/dark contrast and accent bypass,REVIEW_REQUIRED
TOK-02371,static-color,border-zinc-300,apps/frontend/src/app/(dashboard)/projects/page.tsx,528,Review light/dark contrast and accent bypass,REVIEW_REQUIRED
TOK-02372,static-color,border-zinc-700,apps/frontend/src/app/(dashboard)/projects/page.tsx,528,Review light/dark contrast and accent bypass,REVIEW_REQUIRED
TOK-02373,static-color,bg-zinc-100,apps/frontend/src/app/(dashboard)/projects/page.tsx,541,Review light/dark contrast and accent bypass,REVIEW_REQUIRED
TOK-02374,static-color,bg-zinc-800,apps/frontend/src/app/(dashboard)/projects/page.tsx,541,Review light/dark contrast and accent bypass,REVIEW_REQUIRED
TOK-02375,static-color,bg-red-100,apps/frontend/src/app/(dashboard)/projects/page.tsx,547,Review light/dark contrast and accent bypass,REVIEW_REQUIRED
TOK-02376,static-color,bg-red-900/30,apps/frontend/src/app/(dashboard)/projects/page.tsx,547,Review light/dark contrast and accent bypass,REVIEW_REQUIRED
TOK-02377,static-color,text-red-500,apps/frontend/src/app/(dashboard)/projects/page.tsx,547,Review light/dark contrast and accent bypass,REVIEW_REQUIRED
TOK-02378,static-color,text-zinc-400,apps/frontend/src/app/(dashboard)/projects/page.tsx,553,Review light/dark contrast and accent bypass,REVIEW_REQUIRED
TOK-02379,static-color,border-zinc-300,apps/frontend/src/app/(dashboard)/projects/page.tsx,565,Review light/dark contrast and accent bypass,REVIEW_REQUIRED
TOK-02380,static-color,border-zinc-700,apps/frontend/src/app/(dashboard)/projects/page.tsx,565,Review light/dark contrast and accent bypass,REVIEW_REQUIRED
TOK-02381,static-color,ring-amber-500,apps/frontend/src/app/(dashboard)/projects/page.tsx,565,Review light/dark contrast and accent bypass,REVIEW_REQUIRED
TOK-02382,static-color,border-zinc-300,apps/frontend/src/app/(dashboard)/projects/page.tsx,569,Review light/dark contrast and accent bypass,REVIEW_REQUIRED
TOK-02383,static-color,border-zinc-700,apps/frontend/src/app/(dashboard)/projects/page.tsx,569,Review light/dark contrast and accent bypass,REVIEW_REQUIRED
TOK-02384,static-color,ring-amber-500,apps/frontend/src/app/(dashboard)/projects/page.tsx,569,Review light/dark contrast and accent bypass,REVIEW_REQUIRED
TOK-02385,static-color,border-zinc-300,apps/frontend/src/app/(dashboard)/projects/page.tsx,573,Review light/dark contrast and accent bypass,REVIEW_REQUIRED
TOK-02386,static-color,border-zinc-700,apps/frontend/src/app/(dashboard)/projects/page.tsx,573,Review light/dark contrast and accent bypass,REVIEW_REQUIRED
TOK-02387,static-color,bg-amber-600,apps/frontend/src/app/(dashboard)/projects/page.tsx,583,Review light/dark contrast and accent bypass,REVIEW_REQUIRED
TOK-02388,static-color,bg-amber-700,apps/frontend/src/app/(dashboard)/projects/page.tsx,583,Review light/dark contrast and accent bypass,REVIEW_REQUIRED
TOK-02389,static-color,text-white,apps/frontend/src/app/(dashboard)/projects/page.tsx,583,Review light/dark contrast and accent bypass,REVIEW_REQUIRED
TOK-02390,static-color,text-zinc-500,apps/frontend/src/app/(dashboard)/projects/page.tsx,590,Review light/dark contrast and accent bypass,REVIEW_REQUIRED
TOK-02391,static-color,bg-zinc-50,apps/frontend/src/app/(dashboard)/projects/page.tsx,594,Review light/dark contrast and accent bypass,REVIEW_REQUIRED
TOK-02392,static-color,bg-zinc-900,apps/frontend/src/app/(dashboard)/projects/page.tsx,594,Review light/dark contrast and accent bypass,REVIEW_REQUIRED
TOK-02393,static-color,border-zinc-200,apps/frontend/src/app/(dashboard)/projects/page.tsx,594,Review light/dark contrast and accent bypass,REVIEW_REQUIRED
TOK-02394,static-color,border-zinc-800,apps/frontend/src/app/(dashboard)/projects/page.tsx,594,Review light/dark contrast and accent bypass,REVIEW_REQUIRED
TOK-02395,static-color,bg-amber-100,apps/frontend/src/app/(dashboard)/projects/page.tsx,595,Review light/dark contrast and accent bypass,REVIEW_REQUIRED
TOK-02396,static-color,bg-amber-900/30,apps/frontend/src/app/(dashboard)/projects/page.tsx,595,Review light/dark contrast and accent bypass,REVIEW_REQUIRED
TOK-02397,static-color,text-amber-700,apps/frontend/src/app/(dashboard)/projects/page.tsx,595,Review light/dark contrast and accent bypass,REVIEW_REQUIRED
TOK-02398,static-color,text-amber-300,apps/frontend/src/app/(dashboard)/projects/page.tsx,595,Review light/dark contrast and accent bypass,REVIEW_REQUIRED
TOK-02399,static-color,text-zinc-500,apps/frontend/src/app/(dashboard)/projects/page.tsx,602,Review light/dark contrast and accent bypass,REVIEW_REQUIRED
TOK-02400,static-color,bg-zinc-200,apps/frontend/src/app/(dashboard)/projects/page.tsx,605,Review light/dark contrast and accent bypass,REVIEW_REQUIRED
TOK-02401,static-color,bg-zinc-800,apps/frontend/src/app/(dashboard)/projects/page.tsx,605,Review light/dark contrast and accent bypass,REVIEW_REQUIRED
TOK-02402,static-color,text-zinc-500,apps/frontend/src/app/(dashboard)/projects/page.tsx,607,Review light/dark contrast and accent bypass,REVIEW_REQUIRED
TOK-02403,static-color,bg-red-100,apps/frontend/src/app/(dashboard)/projects/page.tsx,611,Review light/dark contrast and accent bypass,REVIEW_REQUIRED
TOK-02404,static-color,bg-red-900/30,apps/frontend/src/app/(dashboard)/projects/page.tsx,611,Review light/dark contrast and accent bypass,REVIEW_REQUIRED
TOK-02405,static-color,text-red-500,apps/frontend/src/app/(dashboard)/projects/page.tsx,611,Review light/dark contrast and accent bypass,REVIEW_REQUIRED
TOK-02406,static-color,text-zinc-400,apps/frontend/src/app/(dashboard)/projects/page.tsx,651,Review light/dark contrast and accent bypass,REVIEW_REQUIRED
TOK-02407,static-color,text-zinc-500,apps/frontend/src/app/(dashboard)/projects/page.tsx,669,Review light/dark contrast and accent bypass,REVIEW_REQUIRED
TOK-02408,static-color,text-zinc-400,apps/frontend/src/app/(dashboard)/projects/page.tsx,669,Review light/dark contrast and accent bypass,REVIEW_REQUIRED
TOK-02409,static-color,bg-amber-600,apps/frontend/src/app/(dashboard)/projects/page.tsx,675,Review light/dark contrast and accent bypass,REVIEW_REQUIRED
TOK-02410,static-color,bg-amber-700,apps/frontend/src/app/(dashboard)/projects/page.tsx,675,Review light/dark contrast and accent bypass,REVIEW_REQUIRED
TOK-02411,static-color,text-white,apps/frontend/src/app/(dashboard)/projects/page.tsx,675,Review light/dark contrast and accent bypass,REVIEW_REQUIRED
TOK-02412,static-color,border-zinc-300,apps/frontend/src/app/(dashboard)/projects/page.tsx,686,Review light/dark contrast and accent bypass,REVIEW_REQUIRED
TOK-02413,static-color,border-zinc-700,apps/frontend/src/app/(dashboard)/projects/page.tsx,686,Review light/dark contrast and accent bypass,REVIEW_REQUIRED
TOK-02414,static-color,ring-amber-500,apps/frontend/src/app/(dashboard)/projects/page.tsx,686,Review light/dark contrast and accent bypass,REVIEW_REQUIRED
TOK-02415,static-color,text-zinc-400,apps/frontend/src/app/(dashboard)/projects/page.tsx,688,Review light/dark contrast and accent bypass,REVIEW_REQUIRED
TOK-02416,static-color,border-zinc-200,apps/frontend/src/app/(dashboard)/projects/page.tsx,696,Review light/dark contrast and accent bypass,REVIEW_REQUIRED
TOK-02417,static-color,border-zinc-800,apps/frontend/src/app/(dashboard)/projects/page.tsx,696,Review light/dark contrast and accent bypass,REVIEW_REQUIRED
TOK-02418,static-color,bg-zinc-200,apps/frontend/src/app/(dashboard)/projects/page.tsx,697,Review light/dark contrast and accent bypass,REVIEW_REQUIRED
TOK-02419,static-color,bg-zinc-800,apps/frontend/src/app/(dashboard)/projects/page.tsx,697,Review light/dark contrast and accent bypass,REVIEW_REQUIRED
TOK-02420,static-color,bg-zinc-200,apps/frontend/src/app/(dashboard)/projects/page.tsx,698,Review light/dark contrast and accent bypass,REVIEW_REQUIRED
TOK-02421,static-color,bg-zinc-800,apps/frontend/src/app/(dashboard)/projects/page.tsx,698,Review light/dark contrast and accent bypass,REVIEW_REQUIRED
TOK-02422,static-color,bg-zinc-200,apps/frontend/src/app/(dashboard)/projects/page.tsx,699,Review light/dark contrast and accent bypass,REVIEW_REQUIRED
TOK-02423,static-color,bg-zinc-800,apps/frontend/src/app/(dashboard)/projects/page.tsx,699,Review light/dark contrast and accent bypass,REVIEW_REQUIRED
TOK-02424,static-color,text-red-500,apps/frontend/src/app/(dashboard)/projects/page.tsx,707,Review light/dark contrast and accent bypass,REVIEW_REQUIRED
TOK-02425,static-color,text-amber-600,apps/frontend/src/app/(dashboard)/projects/page.tsx,708,Review light/dark contrast and accent bypass,REVIEW_REQUIRED
TOK-02426,static-color,text-zinc-300,apps/frontend/src/app/(dashboard)/projects/page.tsx,716,Review light/dark contrast and accent bypass,REVIEW_REQUIRED
TOK-02427,static-color,text-zinc-600,apps/frontend/src/app/(dashboard)/projects/page.tsx,716,Review light/dark contrast and accent bypass,REVIEW_REQUIRED
TOK-02428,static-color,text-zinc-500,apps/frontend/src/app/(dashboard)/projects/page.tsx,720,Review light/dark contrast and accent bypass,REVIEW_REQUIRED
TOK-02429,static-color,text-zinc-400,apps/frontend/src/app/(dashboard)/projects/page.tsx,720,Review light/dark contrast and accent bypass,REVIEW_REQUIRED
TOK-02430,static-color,bg-amber-600,apps/frontend/src/app/(dashboard)/projects/page.tsx,725,Review light/dark contrast and accent bypass,REVIEW_REQUIRED
TOK-02431,static-color,bg-amber-700,apps/frontend/src/app/(dashboard)/projects/page.tsx,725,Review light/dark contrast and accent bypass,REVIEW_REQUIRED
TOK-02432,static-color,text-white,apps/frontend/src/app/(dashboard)/projects/page.tsx,725,Review light/dark contrast and accent bypass,REVIEW_REQUIRED
TOK-02433,static-color,bg-black,apps/frontend/src/app/(dashboard)/recipes/[id]/cook/page.tsx,187,Review light/dark contrast and accent bypass,REVIEW_REQUIRED
TOK-02434,static-color,text-white,apps/frontend/src/app/(dashboard)/recipes/[id]/cook/page.tsx,188,Review light/dark contrast and accent bypass,REVIEW_REQUIRED
TOK-02435,static-color,bg-black,apps/frontend/src/app/(dashboard)/recipes/[id]/cook/page.tsx,195,Review light/dark contrast and accent bypass,REVIEW_REQUIRED
TOK-02436,static-color,text-white,apps/frontend/src/app/(dashboard)/recipes/[id]/cook/page.tsx,196,Review light/dark contrast and accent bypass,REVIEW_REQUIRED
TOK-02437,static-color,bg-black,apps/frontend/src/app/(dashboard)/recipes/[id]/cook/page.tsx,208,Review light/dark contrast and accent bypass,REVIEW_REQUIRED
TOK-02438,static-color,text-white,apps/frontend/src/app/(dashboard)/recipes/[id]/cook/page.tsx,211,Review light/dark contrast and accent bypass,REVIEW_REQUIRED
TOK-02439,static-color,text-white/80,apps/frontend/src/app/(dashboard)/recipes/[id]/cook/page.tsx,214,Review light/dark contrast and accent bypass,REVIEW_REQUIRED
TOK-02440,static-color,text-white/60,apps/frontend/src/app/(dashboard)/recipes/[id]/cook/page.tsx,215,Review light/dark contrast and accent bypass,REVIEW_REQUIRED
TOK-02441,static-color,bg-white/20,apps/frontend/src/app/(dashboard)/recipes/[id]/cook/page.tsx,219,Review light/dark contrast and accent bypass,REVIEW_REQUIRED
TOK-02442,static-color,text-white,apps/frontend/src/app/(dashboard)/recipes/[id]/cook/page.tsx,219,Review light/dark contrast and accent bypass,REVIEW_REQUIRED
TOK-02443,static-color,bg-white/30,apps/frontend/src/app/(dashboard)/recipes/[id]/cook/page.tsx,219,Review light/dark contrast and accent bypass,REVIEW_REQUIRED
TOK-02444,static-color,bg-white,apps/frontend/src/app/(dashboard)/recipes/[id]/cook/page.tsx,225,Review light/dark contrast and accent bypass,REVIEW_REQUIRED
TOK-02445,static-color,text-black,apps/frontend/src/app/(dashboard)/recipes/[id]/cook/page.tsx,225,Review light/dark contrast and accent bypass,REVIEW_REQUIRED
TOK-02446,static-color,bg-white/90,apps/frontend/src/app/(dashboard)/recipes/[id]/cook/page.tsx,225,Review light/dark contrast and accent bypass,REVIEW_REQUIRED
TOK-02447,static-color,bg-black/40,apps/frontend/src/app/(dashboard)/recipes/[id]/cook/page.tsx,248,Review light/dark contrast and accent bypass,REVIEW_REQUIRED
TOK-02448,static-color,text-white/80,apps/frontend/src/app/(dashboard)/recipes/[id]/cook/page.tsx,254,Review light/dark contrast and accent bypass,REVIEW_REQUIRED
TOK-02449,static-color,text-white,apps/frontend/src/app/(dashboard)/recipes/[id]/cook/page.tsx,261,Review light/dark contrast and accent bypass,REVIEW_REQUIRED
TOK-02450,static-color,bg-white,apps/frontend/src/app/(dashboard)/recipes/[id]/cook/page.tsx,273,Review light/dark contrast and accent bypass,REVIEW_REQUIRED
TOK-02451,static-color,bg-white/40,apps/frontend/src/app/(dashboard)/recipes/[id]/cook/page.tsx,273,Review light/dark contrast and accent bypass,REVIEW_REQUIRED
TOK-02452,static-color,bg-white/15,apps/frontend/src/app/(dashboard)/recipes/[id]/cook/page.tsx,273,Review light/dark contrast and accent bypass,REVIEW_REQUIRED
TOK-02453,static-color,text-white,apps/frontend/src/app/(dashboard)/recipes/[id]/cook/page.tsx,296,Review light/dark contrast and accent bypass,REVIEW_REQUIRED
TOK-02454,static-color,text-green-400,apps/frontend/src/app/(dashboard)/recipes/[id]/cook/page.tsx,307,Review light/dark contrast and accent bypass,REVIEW_REQUIRED
TOK-02455,static-color,text-white,apps/frontend/src/app/(dashboard)/recipes/[id]/cook/page.tsx,307,Review light/dark contrast and accent bypass,REVIEW_REQUIRED
TOK-02456,static-color,text-white/60,apps/frontend/src/app/(dashboard)/recipes/[id]/cook/page.tsx,307,Review light/dark contrast and accent bypass,REVIEW_REQUIRED
TOK-02457,static-color,bg-white/15,apps/frontend/src/app/(dashboard)/recipes/[id]/cook/page.tsx,316,Review light/dark contrast and accent bypass,REVIEW_REQUIRED
TOK-02458,static-color,bg-white/25,apps/frontend/src/app/(dashboard)/recipes/[id]/cook/page.tsx,316,Review light/dark contrast and accent bypass,REVIEW_REQUIRED
TOK-02459,static-color,bg-white/20,apps/frontend/src/app/(dashboard)/recipes/[id]/cook/page.tsx,321,Review light/dark contrast and accent bypass,REVIEW_REQUIRED
TOK-02460,static-color,bg-white/30,apps/frontend/src/app/(dashboard)/recipes/[id]/cook/page.tsx,321,Review light/dark contrast and accent bypass,REVIEW_REQUIRED
TOK-02461,static-color,bg-red-500/30,apps/frontend/src/app/(dashboard)/recipes/[id]/cook/page.tsx,326,Review light/dark contrast and accent bypass,REVIEW_REQUIRED
TOK-02462,static-color,bg-red-500/50,apps/frontend/src/app/(dashboard)/recipes/[id]/cook/page.tsx,326,Review light/dark contrast and accent bypass,REVIEW_REQUIRED
TOK-02463,static-color,bg-white/15,apps/frontend/src/app/(dashboard)/recipes/[id]/cook/page.tsx,333,Review light/dark contrast and accent bypass,REVIEW_REQUIRED
TOK-02464,static-color,bg-white/60,apps/frontend/src/app/(dashboard)/recipes/[id]/cook/page.tsx,334,Review light/dark contrast and accent bypass,REVIEW_REQUIRED
TOK-02465,static-color,text-white/50,apps/frontend/src/app/(dashboard)/recipes/[id]/cook/page.tsx,345,Review light/dark contrast and accent bypass,REVIEW_REQUIRED
TOK-02466,static-color,text-white,apps/frontend/src/app/(dashboard)/recipes/[id]/cook/page.tsx,345,Review light/dark contrast and accent bypass,REVIEW_REQUIRED
TOK-02467,static-color,bg-white/10,apps/frontend/src/app/(dashboard)/recipes/[id]/cook/page.tsx,345,Review light/dark contrast and accent bypass,REVIEW_REQUIRED
TOK-02468,static-color,text-white/40,apps/frontend/src/app/(dashboard)/recipes/[id]/cook/page.tsx,349,Review light/dark contrast and accent bypass,REVIEW_REQUIRED
TOK-02469,static-color,text-white/50,apps/frontend/src/app/(dashboard)/recipes/[id]/cook/page.tsx,354,Review light/dark contrast and accent bypass,REVIEW_REQUIRED
TOK-02470,static-color,text-white,apps/frontend/src/app/(dashboard)/recipes/[id]/cook/page.tsx,354,Review light/dark contrast and accent bypass,REVIEW_REQUIRED
TOK-02471,static-color,bg-white/10,apps/frontend/src/app/(dashboard)/recipes/[id]/cook/page.tsx,354,Review light/dark contrast and accent bypass,REVIEW_REQUIRED
TOK-02472,static-color,bg-green-600,apps/frontend/src/app/(dashboard)/recipes/[id]/page.tsx,143,Review light/dark contrast and accent bypass,REVIEW_REQUIRED
TOK-02473,static-color,text-white,apps/frontend/src/app/(dashboard)/recipes/[id]/page.tsx,143,Review light/dark contrast and accent bypass,REVIEW_REQUIRED
TOK-02474,static-color,bg-green-700,apps/frontend/src/app/(dashboard)/recipes/[id]/page.tsx,143,Review light/dark contrast and accent bypass,REVIEW_REQUIRED
TOK-02475,static-color,text-amber-600,apps/frontend/src/app/(dashboard)/recipes/[id]/page.tsx,211,Review light/dark contrast and accent bypass,REVIEW_REQUIRED
TOK-02476,static-color,text-amber-400,apps/frontend/src/app/(dashboard)/recipes/[id]/page.tsx,211,Review light/dark contrast and accent bypass,REVIEW_REQUIRED
TOK-02477,semantic-token,border-border,apps/frontend/src/app/(dashboard)/recipes/[id]/page.tsx,155,Preferred semantic design-system token,CODE_CONFIRMED
TOK-02478,semantic-token,border-border,apps/frontend/src/app/(dashboard)/recipes/[id]/page.tsx,175,Preferred semantic design-system token,CODE_CONFIRMED
TOK-02479,semantic-token,border-border,apps/frontend/src/app/(dashboard)/recipes/[id]/page.tsx,183,Preferred semantic design-system token,CODE_CONFIRMED
TOK-02480,semantic-token,border-border,apps/frontend/src/app/(dashboard)/recipes/[id]/page.tsx,238,Preferred semantic design-system token,CODE_CONFIRMED
TOK-02481,static-color,bg-red-50,apps/frontend/src/app/(dashboard)/recipes/create/page.tsx,148,Review light/dark contrast and accent bypass,REVIEW_REQUIRED
TOK-02482,static-color,border-red-200,apps/frontend/src/app/(dashboard)/recipes/create/page.tsx,148,Review light/dark contrast and accent bypass,REVIEW_REQUIRED
TOK-02483,static-color,text-red-800,apps/frontend/src/app/(dashboard)/recipes/create/page.tsx,148,Review light/dark contrast and accent bypass,REVIEW_REQUIRED
TOK-02484,static-color,text-red-500,apps/frontend/src/app/(dashboard)/recipes/create/page.tsx,277,Review light/dark contrast and accent bypass,REVIEW_REQUIRED
TOK-02485,static-color,text-red-500,apps/frontend/src/app/(dashboard)/recipes/create/page.tsx,323,Review light/dark contrast and accent bypass,REVIEW_REQUIRED
TOK-02486,semantic-token,border-border,apps/frontend/src/app/(dashboard)/recipes/create/page.tsx,161,Preferred semantic design-system token,CODE_CONFIRMED
TOK-02487,semantic-token,border-border,apps/frontend/src/app/(dashboard)/recipes/create/page.tsx,171,Preferred semantic design-system token,CODE_CONFIRMED
TOK-02488,semantic-token,border-border,apps/frontend/src/app/(dashboard)/recipes/create/page.tsx,183,Preferred semantic design-system token,CODE_CONFIRMED
TOK-02489,semantic-token,border-border,apps/frontend/src/app/(dashboard)/recipes/create/page.tsx,194,Preferred semantic design-system token,CODE_CONFIRMED
TOK-02490,semantic-token,border-border,apps/frontend/src/app/(dashboard)/recipes/create/page.tsx,204,Preferred semantic design-system token,CODE_CONFIRMED
TOK-02491,semantic-token,border-border,apps/frontend/src/app/(dashboard)/recipes/create/page.tsx,250,Preferred semantic design-system token,CODE_CONFIRMED
TOK-02492,semantic-token,border-border,apps/frontend/src/app/(dashboard)/recipes/create/page.tsx,257,Preferred semantic design-system token,CODE_CONFIRMED
TOK-02493,semantic-token,border-border,apps/frontend/src/app/(dashboard)/recipes/create/page.tsx,264,Preferred semantic design-system token,CODE_CONFIRMED
TOK-02494,semantic-token,border-border,apps/frontend/src/app/(dashboard)/recipes/create/page.tsx,271,Preferred semantic design-system token,CODE_CONFIRMED
TOK-02495,semantic-token,border-border,apps/frontend/src/app/(dashboard)/recipes/create/page.tsx,307,Preferred semantic design-system token,CODE_CONFIRMED
TOK-02496,semantic-token,border-border,apps/frontend/src/app/(dashboard)/recipes/create/page.tsx,315,Preferred semantic design-system token,CODE_CONFIRMED
TOK-02497,static-color,text-zinc-400,apps/frontend/src/app/(dashboard)/recipes/dishes/[id]/page.tsx,87,Review light/dark contrast and accent bypass,REVIEW_REQUIRED
TOK-02498,static-color,text-zinc-500,apps/frontend/src/app/(dashboard)/recipes/dishes/[id]/page.tsx,88,Review light/dark contrast and accent bypass,REVIEW_REQUIRED
TOK-02499,static-color,text-amber-600,apps/frontend/src/app/(dashboard)/recipes/dishes/[id]/page.tsx,89,Review light/dark contrast and accent bypass,REVIEW_REQUIRED
TOK-02500,static-color,text-zinc-500,apps/frontend/src/app/(dashboard)/recipes/dishes/[id]/page.tsx,101,Review light/dark contrast and accent bypass,REVIEW_REQUIRED
TOK-02501,static-color,text-zinc-800,apps/frontend/src/app/(dashboard)/recipes/dishes/[id]/page.tsx,101,Review light/dark contrast and accent bypass,REVIEW_REQUIRED
TOK-02502,static-color,text-zinc-200,apps/frontend/src/app/(dashboard)/recipes/dishes/[id]/page.tsx,101,Review light/dark contrast and accent bypass,REVIEW_REQUIRED
TOK-02503,static-color,text-zinc-400,apps/frontend/src/app/(dashboard)/recipes/dishes/[id]/page.tsx,110,Review light/dark contrast and accent bypass,REVIEW_REQUIRED
TOK-02504,static-color,text-zinc-500,apps/frontend/src/app/(dashboard)/recipes/dishes/[id]/page.tsx,113,Review light/dark contrast and accent bypass,REVIEW_REQUIRED
TOK-02505,static-color,text-zinc-400,apps/frontend/src/app/(dashboard)/recipes/dishes/[id]/page.tsx,113,Review light/dark contrast and accent bypass,REVIEW_REQUIRED
TOK-02506,static-color,text-zinc-500,apps/frontend/src/app/(dashboard)/recipes/dishes/[id]/page.tsx,115,Review light/dark contrast and accent bypass,REVIEW_REQUIRED
TOK-02507,static-color,text-zinc-500,apps/frontend/src/app/(dashboard)/recipes/dishes/[id]/page.tsx,122,Review light/dark contrast and accent bypass,REVIEW_REQUIRED
TOK-02508,static-color,text-zinc-500,apps/frontend/src/app/(dashboard)/recipes/dishes/[id]/page.tsx,130,Review light/dark contrast and accent bypass,REVIEW_REQUIRED
TOK-02509,static-color,bg-amber-600,apps/frontend/src/app/(dashboard)/recipes/dishes/[id]/page.tsx,144,Review light/dark contrast and accent bypass,REVIEW_REQUIRED
TOK-02510,static-color,text-white,apps/frontend/src/app/(dashboard)/recipes/dishes/[id]/page.tsx,144,Review light/dark contrast and accent bypass,REVIEW_REQUIRED
TOK-02511,static-color,bg-zinc-100,apps/frontend/src/app/(dashboard)/recipes/dishes/[id]/page.tsx,145,Review light/dark contrast and accent bypass,REVIEW_REQUIRED
TOK-02512,static-color,bg-zinc-800,apps/frontend/src/app/(dashboard)/recipes/dishes/[id]/page.tsx,145,Review light/dark contrast and accent bypass,REVIEW_REQUIRED
TOK-02513,static-color,text-zinc-600,apps/frontend/src/app/(dashboard)/recipes/dishes/[id]/page.tsx,145,Review light/dark contrast and accent bypass,REVIEW_REQUIRED
TOK-02514,static-color,text-zinc-400,apps/frontend/src/app/(dashboard)/recipes/dishes/[id]/page.tsx,145,Review light/dark contrast and accent bypass,REVIEW_REQUIRED
TOK-02515,static-color,bg-zinc-200,apps/frontend/src/app/(dashboard)/recipes/dishes/[id]/page.tsx,145,Review light/dark contrast and accent bypass,REVIEW_REQUIRED
TOK-02516,static-color,bg-zinc-700,apps/frontend/src/app/(dashboard)/recipes/dishes/[id]/page.tsx,145,Review light/dark contrast and accent bypass,REVIEW_REQUIRED
TOK-02517,static-color,text-zinc-500,apps/frontend/src/app/(dashboard)/recipes/dishes/[id]/page.tsx,157,Review light/dark contrast and accent bypass,REVIEW_REQUIRED
TOK-02518,static-color,bg-zinc-50,apps/frontend/src/app/(dashboard)/recipes/dishes/[id]/page.tsx,164,Review light/dark contrast and accent bypass,REVIEW_REQUIRED
TOK-02519,static-color,bg-zinc-900,apps/frontend/src/app/(dashboard)/recipes/dishes/[id]/page.tsx,164,Review light/dark contrast and accent bypass,REVIEW_REQUIRED
TOK-02520,static-color,text-zinc-300,apps/frontend/src/app/(dashboard)/recipes/dishes/[id]/page.tsx,164,Review light/dark contrast and accent bypass,REVIEW_REQUIRED
TOK-02521,static-color,text-zinc-600,apps/frontend/src/app/(dashboard)/recipes/dishes/[id]/page.tsx,164,Review light/dark contrast and accent bypass,REVIEW_REQUIRED
TOK-02522,static-color,bg-amber-600,apps/frontend/src/app/(dashboard)/recipes/dishes/[id]/page.tsx,183,Review light/dark contrast and accent bypass,REVIEW_REQUIRED
TOK-02523,static-color,text-white,apps/frontend/src/app/(dashboard)/recipes/dishes/[id]/page.tsx,183,Review light/dark contrast and accent bypass,REVIEW_REQUIRED
TOK-02524,static-color,bg-zinc-100,apps/frontend/src/app/(dashboard)/recipes/dishes/[id]/page.tsx,184,Review light/dark contrast and accent bypass,REVIEW_REQUIRED
TOK-02525,static-color,bg-zinc-800,apps/frontend/src/app/(dashboard)/recipes/dishes/[id]/page.tsx,184,Review light/dark contrast and accent bypass,REVIEW_REQUIRED
TOK-02526,static-color,text-zinc-600,apps/frontend/src/app/(dashboard)/recipes/dishes/[id]/page.tsx,184,Review light/dark contrast and accent bypass,REVIEW_REQUIRED
TOK-02527,static-color,text-zinc-400,apps/frontend/src/app/(dashboard)/recipes/dishes/[id]/page.tsx,184,Review light/dark contrast and accent bypass,REVIEW_REQUIRED
TOK-02528,static-color,bg-zinc-200,apps/frontend/src/app/(dashboard)/recipes/dishes/[id]/page.tsx,184,Review light/dark contrast and accent bypass,REVIEW_REQUIRED
TOK-02529,static-color,bg-zinc-700,apps/frontend/src/app/(dashboard)/recipes/dishes/[id]/page.tsx,184,Review light/dark contrast and accent bypass,REVIEW_REQUIRED
TOK-02530,static-color,border-zinc-200,apps/frontend/src/app/(dashboard)/recipes/dishes/[id]/page.tsx,195,Review light/dark contrast and accent bypass,REVIEW_REQUIRED
TOK-02531,static-color,border-zinc-800,apps/frontend/src/app/(dashboard)/recipes/dishes/[id]/page.tsx,195,Review light/dark contrast and accent bypass,REVIEW_REQUIRED
TOK-02532,static-color,border-zinc-200,apps/frontend/src/app/(dashboard)/recipes/dishes/[id]/page.tsx,200,Review light/dark contrast and accent bypass,REVIEW_REQUIRED
TOK-02533,static-color,border-zinc-800,apps/frontend/src/app/(dashboard)/recipes/dishes/[id]/page.tsx,200,Review light/dark contrast and accent bypass,REVIEW_REQUIRED
TOK-02534,static-color,bg-white,apps/frontend/src/app/(dashboard)/recipes/dishes/[id]/page.tsx,200,Review light/dark contrast and accent bypass,REVIEW_REQUIRED
TOK-02535,static-color,bg-zinc-900,apps/frontend/src/app/(dashboard)/recipes/dishes/[id]/page.tsx,200,Review light/dark contrast and accent bypass,REVIEW_REQUIRED
TOK-02536,static-color,text-amber-600,apps/frontend/src/app/(dashboard)/recipes/dishes/[id]/page.tsx,204,Review light/dark contrast and accent bypass,REVIEW_REQUIRED
TOK-02537,static-color,text-amber-400,apps/frontend/src/app/(dashboard)/recipes/dishes/[id]/page.tsx,204,Review light/dark contrast and accent bypass,REVIEW_REQUIRED
TOK-02538,static-color,text-zinc-500,apps/frontend/src/app/(dashboard)/recipes/dishes/[id]/page.tsx,217,Review light/dark contrast and accent bypass,REVIEW_REQUIRED
TOK-02539,static-color,bg-amber-600,apps/frontend/src/app/(dashboard)/recipes/import/page.tsx,95,Review light/dark contrast and accent bypass,REVIEW_REQUIRED
TOK-02540,static-color,text-white,apps/frontend/src/app/(dashboard)/recipes/import/page.tsx,95,Review light/dark contrast and accent bypass,REVIEW_REQUIRED
TOK-02541,static-color,bg-amber-700,apps/frontend/src/app/(dashboard)/recipes/import/page.tsx,95,Review light/dark contrast and accent bypass,REVIEW_REQUIRED
TOK-02542,static-color,text-red-600,apps/frontend/src/app/(dashboard)/recipes/import/page.tsx,148,Review light/dark contrast and accent bypass,REVIEW_REQUIRED
TOK-02543,static-color,text-amber-600,apps/frontend/src/app/(dashboard)/recipes/import/page.tsx,200,Review light/dark contrast and accent bypass,REVIEW_REQUIRED
TOK-02544,static-color,text-amber-400,apps/frontend/src/app/(dashboard)/recipes/import/page.tsx,200,Review light/dark contrast and accent bypass,REVIEW_REQUIRED
TOK-02545,static-color,bg-yellow-50,apps/frontend/src/app/(dashboard)/recipes/import/page.tsx,249,Review light/dark contrast and accent bypass,REVIEW_REQUIRED
TOK-02546,static-color,border-yellow-200,apps/frontend/src/app/(dashboard)/recipes/import/page.tsx,249,Review light/dark contrast and accent bypass,REVIEW_REQUIRED
TOK-02547,static-color,text-yellow-800,apps/frontend/src/app/(dashboard)/recipes/import/page.tsx,250,Review light/dark contrast and accent bypass,REVIEW_REQUIRED
TOK-02548,static-color,text-yellow-700,apps/frontend/src/app/(dashboard)/recipes/import/page.tsx,251,Review light/dark contrast and accent bypass,REVIEW_REQUIRED
TOK-02549,static-color,bg-green-700,apps/frontend/src/app/(dashboard)/recipes/import/page.tsx,285,Review light/dark contrast and accent bypass,REVIEW_REQUIRED
TOK-02550,static-color,text-white,apps/frontend/src/app/(dashboard)/recipes/import/page.tsx,285,Review light/dark contrast and accent bypass,REVIEW_REQUIRED
TOK-02551,static-color,bg-green-800,apps/frontend/src/app/(dashboard)/recipes/import/page.tsx,285,Review light/dark contrast and accent bypass,REVIEW_REQUIRED
TOK-02552,semantic-token,border-border,apps/frontend/src/app/(dashboard)/recipes/import/page.tsx,81,Preferred semantic design-system token,CODE_CONFIRMED
TOK-02553,semantic-token,border-border,apps/frontend/src/app/(dashboard)/recipes/import/page.tsx,90,Preferred semantic design-system token,CODE_CONFIRMED
TOK-02554,semantic-token,border-border,apps/frontend/src/app/(dashboard)/recipes/import/page.tsx,127,Preferred semantic design-system token,CODE_CONFIRMED
TOK-02555,semantic-token,border-danger/30,apps/frontend/src/app/(dashboard)/recipes/import/page.tsx,139,Preferred semantic design-system token,CODE_CONFIRMED
TOK-02556,semantic-token,bg-danger/10,apps/frontend/src/app/(dashboard)/recipes/import/page.tsx,139,Preferred semantic design-system token,CODE_CONFIRMED
TOK-02557,semantic-token,text-fg,apps/frontend/src/app/(dashboard)/recipes/import/page.tsx,140,Preferred semantic design-system token,CODE_CONFIRMED
TOK-02558,semantic-token,text-fg,apps/frontend/src/app/(dashboard)/recipes/import/page.tsx,143,Preferred semantic design-system token,CODE_CONFIRMED
TOK-02559,semantic-token,border-success/30,apps/frontend/src/app/(dashboard)/recipes/import/page.tsx,156,Preferred semantic design-system token,CODE_CONFIRMED
TOK-02560,semantic-token,bg-success/10,apps/frontend/src/app/(dashboard)/recipes/import/page.tsx,156,Preferred semantic design-system token,CODE_CONFIRMED
TOK-02561,semantic-token,text-fg,apps/frontend/src/app/(dashboard)/recipes/import/page.tsx,158,Preferred semantic design-system token,CODE_CONFIRMED
TOK-02562,semantic-token,bg-warning/15,apps/frontend/src/app/(dashboard)/recipes/import/page.tsx,162,Preferred semantic design-system token,CODE_CONFIRMED
TOK-02563,semantic-token,text-fg,apps/frontend/src/app/(dashboard)/recipes/import/page.tsx,162,Preferred semantic design-system token,CODE_CONFIRMED
TOK-02564,static-color,bg-amber-600,apps/frontend/src/app/(dashboard)/recipes/page.tsx,145,Review light/dark contrast and accent bypass,REVIEW_REQUIRED
TOK-02565,static-color,text-white,apps/frontend/src/app/(dashboard)/recipes/page.tsx,145,Review light/dark contrast and accent bypass,REVIEW_REQUIRED
TOK-02566,static-color,bg-amber-700,apps/frontend/src/app/(dashboard)/recipes/page.tsx,145,Review light/dark contrast and accent bypass,REVIEW_REQUIRED
TOK-02567,static-color,bg-amber-600,apps/frontend/src/app/(dashboard)/recipes/page.tsx,183,Review light/dark contrast and accent bypass,REVIEW_REQUIRED
TOK-02568,static-color,text-white,apps/frontend/src/app/(dashboard)/recipes/page.tsx,183,Review light/dark contrast and accent bypass,REVIEW_REQUIRED
TOK-02569,static-color,bg-amber-700,apps/frontend/src/app/(dashboard)/recipes/page.tsx,183,Review light/dark contrast and accent bypass,REVIEW_REQUIRED
TOK-02570,static-color,bg-amber-100,apps/frontend/src/app/(dashboard)/recipes/page.tsx,254,Review light/dark contrast and accent bypass,REVIEW_REQUIRED
TOK-02571,static-color,text-amber-800,apps/frontend/src/app/(dashboard)/recipes/page.tsx,254,Review light/dark contrast and accent bypass,REVIEW_REQUIRED
TOK-02572,static-color,bg-blue-100,apps/frontend/src/app/(dashboard)/recipes/page.tsx,256,Review light/dark contrast and accent bypass,REVIEW_REQUIRED
TOK-02573,static-color,text-blue-800,apps/frontend/src/app/(dashboard)/recipes/page.tsx,256,Review light/dark contrast and accent bypass,REVIEW_REQUIRED
TOK-02574,static-color,bg-gray-100,apps/frontend/src/app/(dashboard)/recipes/page.tsx,257,Review light/dark contrast and accent bypass,REVIEW_REQUIRED
TOK-02575,static-color,text-gray-800,apps/frontend/src/app/(dashboard)/recipes/page.tsx,257,Review light/dark contrast and accent bypass,REVIEW_REQUIRED
TOK-02576,semantic-token,border-danger/30,apps/frontend/src/app/(dashboard)/recipes/page.tsx,98,Preferred semantic design-system token,CODE_CONFIRMED
TOK-02577,semantic-token,bg-danger/10,apps/frontend/src/app/(dashboard)/recipes/page.tsx,98,Preferred semantic design-system token,CODE_CONFIRMED
TOK-02578,semantic-token,text-fg,apps/frontend/src/app/(dashboard)/recipes/page.tsx,99,Preferred semantic design-system token,CODE_CONFIRMED
TOK-02579,semantic-token,text-fg,apps/frontend/src/app/(dashboard)/recipes/page.tsx,102,Preferred semantic design-system token,CODE_CONFIRMED
TOK-02580,semantic-token,border-border,apps/frontend/src/app/(dashboard)/recipes/page.tsx,159,Preferred semantic design-system token,CODE_CONFIRMED
TOK-02581,semantic-token,border-border,apps/frontend/src/app/(dashboard)/recipes/page.tsx,164,Preferred semantic design-system token,CODE_CONFIRMED
TOK-02582,semantic-token,border-border,apps/frontend/src/app/(dashboard)/recipes/page.tsx,201,Preferred semantic design-system token,CODE_CONFIRMED
TOK-02583,static-color,text-violet-500,apps/frontend/src/app/(dashboard)/search/page.tsx,36,Review light/dark contrast and accent bypass,REVIEW_REQUIRED
TOK-02584,static-color,text-yellow-500,apps/frontend/src/app/(dashboard)/search/page.tsx,39,Review light/dark contrast and accent bypass,REVIEW_REQUIRED
TOK-02585,static-color,text-red-500,apps/frontend/src/app/(dashboard)/search/page.tsx,40,Review light/dark contrast and accent bypass,REVIEW_REQUIRED
TOK-02586,static-color,text-amber-500,apps/frontend/src/app/(dashboard)/search/page.tsx,41,Review light/dark contrast and accent bypass,REVIEW_REQUIRED
TOK-02587,static-color,text-blue-500,apps/frontend/src/app/(dashboard)/search/page.tsx,42,Review light/dark contrast and accent bypass,REVIEW_REQUIRED
TOK-02588,static-color,text-slate-500,apps/frontend/src/app/(dashboard)/search/page.tsx,44,Review light/dark contrast and accent bypass,REVIEW_REQUIRED
TOK-02589,static-color,text-white,apps/frontend/src/app/(dashboard)/search/page.tsx,153,Review light/dark contrast and accent bypass,REVIEW_REQUIRED
TOK-02590,static-color,text-white,apps/frontend/src/app/(dashboard)/search/page.tsx,170,Review light/dark contrast and accent bypass,REVIEW_REQUIRED
TOK-02591,semantic-token,text-fg,apps/frontend/src/app/(dashboard)/search/page.tsx,118,Preferred semantic design-system token,CODE_CONFIRMED
TOK-02592,semantic-token,text-fg,apps/frontend/src/app/(dashboard)/search/page.tsx,125,Preferred semantic design-system token,CODE_CONFIRMED
TOK-02593,semantic-token,border-border,apps/frontend/src/app/(dashboard)/search/page.tsx,132,Preferred semantic design-system token,CODE_CONFIRMED
TOK-02594,semantic-token,bg-bg,apps/frontend/src/app/(dashboard)/search/page.tsx,132,Preferred semantic design-system token,CODE_CONFIRMED
TOK-02595,semantic-token,text-fg,apps/frontend/src/app/(dashboard)/search/page.tsx,132,Preferred semantic design-system token,CODE_CONFIRMED
TOK-02596,semantic-token,border-brand-500,apps/frontend/src/app/(dashboard)/search/page.tsx,132,Preferred semantic design-system token,CODE_CONFIRMED
TOK-02597,semantic-token,ring-brand-500/20,apps/frontend/src/app/(dashboard)/search/page.tsx,132,Preferred semantic design-system token,CODE_CONFIRMED
TOK-02598,semantic-token,text-fg,apps/frontend/src/app/(dashboard)/search/page.tsx,138,Preferred semantic design-system token,CODE_CONFIRMED
TOK-02599,semantic-token,text-fg,apps/frontend/src/app/(dashboard)/search/page.tsx,138,Preferred semantic design-system token,CODE_CONFIRMED
TOK-02600,semantic-token,bg-brand-500,apps/frontend/src/app/(dashboard)/search/page.tsx,153,Preferred semantic design-system token,CODE_CONFIRMED
TOK-02601,semantic-token,bg-bg,apps/frontend/src/app/(dashboard)/search/page.tsx,154,Preferred semantic design-system token,CODE_CONFIRMED
TOK-02602,semantic-token,border-border,apps/frontend/src/app/(dashboard)/search/page.tsx,154,Preferred semantic design-system token,CODE_CONFIRMED
TOK-02603,semantic-token,text-fg,apps/frontend/src/app/(dashboard)/search/page.tsx,154,Preferred semantic design-system token,CODE_CONFIRMED
TOK-02604,semantic-token,text-fg,apps/frontend/src/app/(dashboard)/search/page.tsx,154,Preferred semantic design-system token,CODE_CONFIRMED
TOK-02605,semantic-token,border-fg,apps/frontend/src/app/(dashboard)/search/page.tsx,154,Preferred semantic design-system token,CODE_CONFIRMED
TOK-02606,semantic-token,bg-brand-500,apps/frontend/src/app/(dashboard)/search/page.tsx,170,Preferred semantic design-system token,CODE_CONFIRMED
TOK-02607,semantic-token,bg-bg,apps/frontend/src/app/(dashboard)/search/page.tsx,171,Preferred semantic design-system token,CODE_CONFIRMED
TOK-02608,semantic-token,border-border,apps/frontend/src/app/(dashboard)/search/page.tsx,171,Preferred semantic design-system token,CODE_CONFIRMED
TOK-02609,semantic-token,text-fg,apps/frontend/src/app/(dashboard)/search/page.tsx,171,Preferred semantic design-system token,CODE_CONFIRMED
TOK-02610,semantic-token,text-fg,apps/frontend/src/app/(dashboard)/search/page.tsx,171,Preferred semantic design-system token,CODE_CONFIRMED
TOK-02611,semantic-token,border-fg,apps/frontend/src/app/(dashboard)/search/page.tsx,171,Preferred semantic design-system token,CODE_CONFIRMED
TOK-02612,semantic-token,text-brand-500,apps/frontend/src/app/(dashboard)/search/page.tsx,185,Preferred semantic design-system token,CODE_CONFIRMED
TOK-02613,semantic-token,border-danger/30,apps/frontend/src/app/(dashboard)/search/page.tsx,191,Preferred semantic design-system token,CODE_CONFIRMED
TOK-02614,semantic-token,bg-danger/5,apps/frontend/src/app/(dashboard)/search/page.tsx,191,Preferred semantic design-system token,CODE_CONFIRMED
TOK-02615,semantic-token,text-danger,apps/frontend/src/app/(dashboard)/search/page.tsx,191,Preferred semantic design-system token,CODE_CONFIRMED
TOK-02616,semantic-token,text-fg,apps/frontend/src/app/(dashboard)/search/page.tsx,199,Preferred semantic design-system token,CODE_CONFIRMED
TOK-02617,semantic-token,text-fg,apps/frontend/src/app/(dashboard)/search/page.tsx,201,Preferred semantic design-system token,CODE_CONFIRMED
TOK-02618,semantic-token,text-fg,apps/frontend/src/app/(dashboard)/search/page.tsx,221,Preferred semantic design-system token,CODE_CONFIRMED
TOK-02619,semantic-token,text-fg,apps/frontend/src/app/(dashboard)/search/page.tsx,224,Preferred semantic design-system token,CODE_CONFIRMED
TOK-02620,semantic-token,border-border,apps/frontend/src/app/(dashboard)/search/page.tsx,231,Preferred semantic design-system token,CODE_CONFIRMED
TOK-02621,semantic-token,bg-bg,apps/frontend/src/app/(dashboard)/search/page.tsx,231,Preferred semantic design-system token,CODE_CONFIRMED
TOK-02622,semantic-token,border-brand-500/40,apps/frontend/src/app/(dashboard)/search/page.tsx,231,Preferred semantic design-system token,CODE_CONFIRMED
TOK-02623,semantic-token,bg-brand-500,apps/frontend/src/app/(dashboard)/search/page.tsx,231,Preferred semantic design-system token,CODE_CONFIRMED
TOK-02624,semantic-token,border-border,apps/frontend/src/app/(dashboard)/search/page.tsx,234,Preferred semantic design-system token,CODE_CONFIRMED
TOK-02625,semantic-token,bg-bg,apps/frontend/src/app/(dashboard)/search/page.tsx,234,Preferred semantic design-system token,CODE_CONFIRMED
TOK-02626,semantic-token,text-brand-500,apps/frontend/src/app/(dashboard)/search/page.tsx,249,Preferred semantic design-system token,CODE_CONFIRMED
TOK-02627,semantic-token,text-fg,apps/frontend/src/app/(dashboard)/search/page.tsx,252,Preferred semantic design-system token,CODE_CONFIRMED
TOK-02628,semantic-token,text-fg,apps/frontend/src/app/(dashboard)/search/page.tsx,255,Preferred semantic design-system token,CODE_CONFIRMED
TOK-02629,semantic-token,text-fg,apps/frontend/src/app/(dashboard)/search/page.tsx,260,Preferred semantic design-system token,CODE_CONFIRMED
TOK-02630,semantic-token,text-fg,apps/frontend/src/app/(dashboard)/search/page.tsx,275,Preferred semantic design-system token,CODE_CONFIRMED
TOK-02631,semantic-token,text-fg,apps/frontend/src/app/(dashboard)/search/page.tsx,277,Preferred semantic design-system token,CODE_CONFIRMED
TOK-02632,static-color,text-green-600,apps/frontend/src/app/(dashboard)/settings/diet/page.tsx,256,Review light/dark contrast and accent bypass,REVIEW_REQUIRED
TOK-02633,semantic-token,border-border,apps/frontend/src/app/(dashboard)/settings/diet/page.tsx,121,Preferred semantic design-system token,CODE_CONFIRMED
TOK-02634,semantic-token,border-border,apps/frontend/src/app/(dashboard)/settings/diet/page.tsx,127,Preferred semantic design-system token,CODE_CONFIRMED
TOK-02635,semantic-token,border-border,apps/frontend/src/app/(dashboard)/settings/diet/page.tsx,141,Preferred semantic design-system token,CODE_CONFIRMED
TOK-02636,semantic-token,border-border,apps/frontend/src/app/(dashboard)/settings/diet/page.tsx,159,Preferred semantic design-system token,CODE_CONFIRMED
TOK-02637,semantic-token,border-border,apps/frontend/src/app/(dashboard)/settings/diet/page.tsx,172,Preferred semantic design-system token,CODE_CONFIRMED
TOK-02638,semantic-token,border-border,apps/frontend/src/app/(dashboard)/settings/diet/page.tsx,191,Preferred semantic design-system token,CODE_CONFIRMED
TOK-02639,semantic-token,border-border,apps/frontend/src/app/(dashboard)/settings/diet/page.tsx,201,Preferred semantic design-system token,CODE_CONFIRMED
TOK-02640,semantic-token,border-border,apps/frontend/src/app/(dashboard)/settings/diet/page.tsx,226,Preferred semantic design-system token,CODE_CONFIRMED
TOK-02641,static-color,text-white,apps/frontend/src/app/(dashboard)/settings/page.tsx,411,Review light/dark contrast and accent bypass,REVIEW_REQUIRED
TOK-02642,static-color,text-white,apps/frontend/src/app/(dashboard)/settings/page.tsx,434,Review light/dark contrast and accent bypass,REVIEW_REQUIRED
TOK-02643,semantic-token,text-fg,apps/frontend/src/app/(dashboard)/settings/page.tsx,36,Preferred semantic design-system token,CODE_CONFIRMED
TOK-02644,semantic-token,text-fg,apps/frontend/src/app/(dashboard)/settings/page.tsx,47,Preferred semantic design-system token,CODE_CONFIRMED
TOK-02645,semantic-token,border-border,apps/frontend/src/app/(dashboard)/settings/page.tsx,50,Preferred semantic design-system token,CODE_CONFIRMED
TOK-02646,semantic-token,bg-bg,apps/frontend/src/app/(dashboard)/settings/page.tsx,50,Preferred semantic design-system token,CODE_CONFIRMED
TOK-02647,semantic-token,bg-bg,apps/frontend/src/app/(dashboard)/settings/page.tsx,52,Preferred semantic design-system token,CODE_CONFIRMED
TOK-02648,semantic-token,text-fg,apps/frontend/src/app/(dashboard)/settings/page.tsx,52,Preferred semantic design-system token,CODE_CONFIRMED
TOK-02649,semantic-token,text-fg,apps/frontend/src/app/(dashboard)/settings/page.tsx,52,Preferred semantic design-system token,CODE_CONFIRMED
TOK-02650,semantic-token,text-fg,apps/frontend/src/app/(dashboard)/settings/page.tsx,52,Preferred semantic design-system token,CODE_CONFIRMED
TOK-02651,semantic-token,bg-bg,apps/frontend/src/app/(dashboard)/settings/page.tsx,56,Preferred semantic design-system token,CODE_CONFIRMED
TOK-02652,semantic-token,text-fg,apps/frontend/src/app/(dashboard)/settings/page.tsx,56,Preferred semantic design-system token,CODE_CONFIRMED
TOK-02653,semantic-token,text-fg,apps/frontend/src/app/(dashboard)/settings/page.tsx,56,Preferred semantic design-system token,CODE_CONFIRMED
TOK-02654,semantic-token,text-fg,apps/frontend/src/app/(dashboard)/settings/page.tsx,56,Preferred semantic design-system token,CODE_CONFIRMED
TOK-02655,semantic-token,bg-bg,apps/frontend/src/app/(dashboard)/settings/page.tsx,60,Preferred semantic design-system token,CODE_CONFIRMED
TOK-02656,semantic-token,text-fg,apps/frontend/src/app/(dashboard)/settings/page.tsx,60,Preferred semantic design-system token,CODE_CONFIRMED
TOK-02657,semantic-token,text-fg,apps/frontend/src/app/(dashboard)/settings/page.tsx,60,Preferred semantic design-system token,CODE_CONFIRMED
TOK-02658,semantic-token,text-fg,apps/frontend/src/app/(dashboard)/settings/page.tsx,60,Preferred semantic design-system token,CODE_CONFIRMED
TOK-02659,semantic-token,bg-bg,apps/frontend/src/app/(dashboard)/settings/page.tsx,64,Preferred semantic design-system token,CODE_CONFIRMED
TOK-02660,semantic-token,text-fg,apps/frontend/src/app/(dashboard)/settings/page.tsx,64,Preferred semantic design-system token,CODE_CONFIRMED
TOK-02661,semantic-token,text-fg,apps/frontend/src/app/(dashboard)/settings/page.tsx,64,Preferred semantic design-system token,CODE_CONFIRMED
TOK-02662,semantic-token,text-fg,apps/frontend/src/app/(dashboard)/settings/page.tsx,64,Preferred semantic design-system token,CODE_CONFIRMED
TOK-02663,semantic-token,bg-bg,apps/frontend/src/app/(dashboard)/settings/page.tsx,68,Preferred semantic design-system token,CODE_CONFIRMED
TOK-02664,semantic-token,text-fg,apps/frontend/src/app/(dashboard)/settings/page.tsx,68,Preferred semantic design-system token,CODE_CONFIRMED
TOK-02665,semantic-token,text-fg,apps/frontend/src/app/(dashboard)/settings/page.tsx,68,Preferred semantic design-system token,CODE_CONFIRMED
TOK-02666,semantic-token,text-fg,apps/frontend/src/app/(dashboard)/settings/page.tsx,68,Preferred semantic design-system token,CODE_CONFIRMED
TOK-02667,semantic-token,border-border,apps/frontend/src/app/(dashboard)/settings/page.tsx,124,Preferred semantic design-system token,CODE_CONFIRMED
TOK-02668,semantic-token,bg-bg,apps/frontend/src/app/(dashboard)/settings/page.tsx,124,Preferred semantic design-system token,CODE_CONFIRMED
TOK-02669,semantic-token,bg-brand-500/10,apps/frontend/src/app/(dashboard)/settings/page.tsx,126,Preferred semantic design-system token,CODE_CONFIRMED
TOK-02670,semantic-token,text-brand-500,apps/frontend/src/app/(dashboard)/settings/page.tsx,126,Preferred semantic design-system token,CODE_CONFIRMED
TOK-02671,semantic-token,text-fg,apps/frontend/src/app/(dashboard)/settings/page.tsx,131,Preferred semantic design-system token,CODE_CONFIRMED
TOK-02672,semantic-token,border-danger/30,apps/frontend/src/app/(dashboard)/settings/page.tsx,135,Preferred semantic design-system token,CODE_CONFIRMED
TOK-02673,semantic-token,text-danger,apps/frontend/src/app/(dashboard)/settings/page.tsx,135,Preferred semantic design-system token,CODE_CONFIRMED
TOK-02674,semantic-token,bg-danger/10,apps/frontend/src/app/(dashboard)/settings/page.tsx,135,Preferred semantic design-system token,CODE_CONFIRMED
TOK-02675,semantic-token,border-border,apps/frontend/src/app/(dashboard)/settings/page.tsx,142,Preferred semantic design-system token,CODE_CONFIRMED
TOK-02676,semantic-token,bg-bg,apps/frontend/src/app/(dashboard)/settings/page.tsx,142,Preferred semantic design-system token,CODE_CONFIRMED
TOK-02677,semantic-token,text-fg,apps/frontend/src/app/(dashboard)/settings/page.tsx,159,Preferred semantic design-system token,CODE_CONFIRMED
TOK-02678,semantic-token,bg-brand-500,apps/frontend/src/app/(dashboard)/settings/page.tsx,165,Preferred semantic design-system token,CODE_CONFIRMED
TOK-02679,semantic-token,text-bg,apps/frontend/src/app/(dashboard)/settings/page.tsx,165,Preferred semantic design-system token,CODE_CONFIRMED
TOK-02680,semantic-token,bg-brand-400,apps/frontend/src/app/(dashboard)/settings/page.tsx,165,Preferred semantic design-system token,CODE_CONFIRMED
TOK-02681,semantic-token,text-danger,apps/frontend/src/app/(dashboard)/settings/page.tsx,168,Preferred semantic design-system token,CODE_CONFIRMED
TOK-02682,semantic-token,border-border,apps/frontend/src/app/(dashboard)/settings/page.tsx,214,Preferred semantic design-system token,CODE_CONFIRMED
TOK-02683,semantic-token,bg-bg,apps/frontend/src/app/(dashboard)/settings/page.tsx,214,Preferred semantic design-system token,CODE_CONFIRMED
TOK-02684,semantic-token,text-fg,apps/frontend/src/app/(dashboard)/settings/page.tsx,216,Preferred semantic design-system token,CODE_CONFIRMED
TOK-02685,semantic-token,border-border,apps/frontend/src/app/(dashboard)/settings/page.tsx,238,Preferred semantic design-system token,CODE_CONFIRMED
TOK-02686,semantic-token,text-fg,apps/frontend/src/app/(dashboard)/settings/page.tsx,243,Preferred semantic design-system token,CODE_CONFIRMED
TOK-02687,semantic-token,bg-brand-500,apps/frontend/src/app/(dashboard)/settings/page.tsx,249,Preferred semantic design-system token,CODE_CONFIRMED
TOK-02688,semantic-token,text-bg,apps/frontend/src/app/(dashboard)/settings/page.tsx,249,Preferred semantic design-system token,CODE_CONFIRMED
TOK-02689,semantic-token,bg-brand-400,apps/frontend/src/app/(dashboard)/settings/page.tsx,249,Preferred semantic design-system token,CODE_CONFIRMED
TOK-02690,semantic-token,text-danger,apps/frontend/src/app/(dashboard)/settings/page.tsx,252,Preferred semantic design-system token,CODE_CONFIRMED
TOK-02691,semantic-token,border-border,apps/frontend/src/app/(dashboard)/settings/page.tsx,291,Preferred semantic design-system token,CODE_CONFIRMED
TOK-02692,semantic-token,bg-bg,apps/frontend/src/app/(dashboard)/settings/page.tsx,291,Preferred semantic design-system token,CODE_CONFIRMED
TOK-02693,semantic-token,text-fg,apps/frontend/src/app/(dashboard)/settings/page.tsx,293,Preferred semantic design-system token,CODE_CONFIRMED
TOK-02694,semantic-token,bg-brand-500,apps/frontend/src/app/(dashboard)/settings/page.tsx,308,Preferred semantic design-system token,CODE_CONFIRMED
TOK-02695,semantic-token,text-bg,apps/frontend/src/app/(dashboard)/settings/page.tsx,308,Preferred semantic design-system token,CODE_CONFIRMED
TOK-02696,semantic-token,bg-brand-400,apps/frontend/src/app/(dashboard)/settings/page.tsx,308,Preferred semantic design-system token,CODE_CONFIRMED
TOK-02697,semantic-token,text-danger,apps/frontend/src/app/(dashboard)/settings/page.tsx,311,Preferred semantic design-system token,CODE_CONFIRMED
TOK-02698,semantic-token,border-border,apps/frontend/src/app/(dashboard)/settings/page.tsx,358,Preferred semantic design-system token,CODE_CONFIRMED
TOK-02699,semantic-token,bg-bg,apps/frontend/src/app/(dashboard)/settings/page.tsx,358,Preferred semantic design-system token,CODE_CONFIRMED
TOK-02700,semantic-token,text-fg,apps/frontend/src/app/(dashboard)/settings/page.tsx,360,Preferred semantic design-system token,CODE_CONFIRMED
TOK-02701,semantic-token,border-border,apps/frontend/src/app/(dashboard)/settings/page.tsx,366,Preferred semantic design-system token,CODE_CONFIRMED
TOK-02702,semantic-token,bg-bg,apps/frontend/src/app/(dashboard)/settings/page.tsx,366,Preferred semantic design-system token,CODE_CONFIRMED
TOK-02703,semantic-token,bg-brand-500/10,apps/frontend/src/app/(dashboard)/settings/page.tsx,377,Preferred semantic design-system token,CODE_CONFIRMED
TOK-02704,semantic-token,text-brand-500,apps/frontend/src/app/(dashboard)/settings/page.tsx,377,Preferred semantic design-system token,CODE_CONFIRMED
TOK-02705,semantic-token,text-fg,apps/frontend/src/app/(dashboard)/settings/page.tsx,378,Preferred semantic design-system token,CODE_CONFIRMED
TOK-02706,semantic-token,text-fg,apps/frontend/src/app/(dashboard)/settings/page.tsx,378,Preferred semantic design-system token,CODE_CONFIRMED
TOK-02707,semantic-token,bg-bg,apps/frontend/src/app/(dashboard)/settings/page.tsx,378,Preferred semantic design-system token,CODE_CONFIRMED
TOK-02708,semantic-token,border-border,apps/frontend/src/app/(dashboard)/settings/page.tsx,445,Preferred semantic design-system token,CODE_CONFIRMED
TOK-02709,semantic-token,bg-bg,apps/frontend/src/app/(dashboard)/settings/page.tsx,445,Preferred semantic design-system token,CODE_CONFIRMED
TOK-02710,semantic-token,text-fg,apps/frontend/src/app/(dashboard)/settings/page.tsx,456,Preferred semantic design-system token,CODE_CONFIRMED
TOK-02711,semantic-token,border-border,apps/frontend/src/app/(dashboard)/settings/page.tsx,463,Preferred semantic design-system token,CODE_CONFIRMED
TOK-02712,semantic-token,bg-bg,apps/frontend/src/app/(dashboard)/settings/page.tsx,463,Preferred semantic design-system token,CODE_CONFIRMED
TOK-02713,semantic-token,text-fg,apps/frontend/src/app/(dashboard)/settings/page.tsx,465,Preferred semantic design-system token,CODE_CONFIRMED
TOK-02714,semantic-token,border-brand-500,apps/frontend/src/app/(dashboard)/settings/page.tsx,479,Preferred semantic design-system token,CODE_CONFIRMED
TOK-02715,semantic-token,bg-brand-500/5,apps/frontend/src/app/(dashboard)/settings/page.tsx,479,Preferred semantic design-system token,CODE_CONFIRMED
TOK-02716,semantic-token,border-border,apps/frontend/src/app/(dashboard)/settings/page.tsx,480,Preferred semantic design-system token,CODE_CONFIRMED
TOK-02717,semantic-token,border-fg,apps/frontend/src/app/(dashboard)/settings/page.tsx,480,Preferred semantic design-system token,CODE_CONFIRMED
TOK-02718,semantic-token,border-border,apps/frontend/src/app/(dashboard)/settings/page.tsx,484,Preferred semantic design-system token,CODE_CONFIRMED
TOK-02719,semantic-token,bg-bg,apps/frontend/src/app/(dashboard)/settings/page.tsx,484,Preferred semantic design-system token,CODE_CONFIRMED
TOK-02720,semantic-token,border-border,apps/frontend/src/app/(dashboard)/settings/page.tsx,486,Preferred semantic design-system token,CODE_CONFIRMED
TOK-02721,semantic-token,bg-bg,apps/frontend/src/app/(dashboard)/settings/page.tsx,486,Preferred semantic design-system token,CODE_CONFIRMED
TOK-02722,semantic-token,bg-fg,apps/frontend/src/app/(dashboard)/settings/page.tsx,488,Preferred semantic design-system token,CODE_CONFIRMED
TOK-02723,semantic-token,bg-fg,apps/frontend/src/app/(dashboard)/settings/page.tsx,489,Preferred semantic design-system token,CODE_CONFIRMED
TOK-02724,semantic-token,bg-fg,apps/frontend/src/app/(dashboard)/settings/page.tsx,490,Preferred semantic design-system token,CODE_CONFIRMED
TOK-02725,semantic-token,border-border,apps/frontend/src/app/(dashboard)/settings/page.tsx,494,Preferred semantic design-system token,CODE_CONFIRMED
TOK-02726,semantic-token,bg-bg,apps/frontend/src/app/(dashboard)/settings/page.tsx,494,Preferred semantic design-system token,CODE_CONFIRMED
TOK-02727,semantic-token,border-border,apps/frontend/src/app/(dashboard)/settings/page.tsx,499,Preferred semantic design-system token,CODE_CONFIRMED
TOK-02728,semantic-token,bg-bg,apps/frontend/src/app/(dashboard)/settings/page.tsx,499,Preferred semantic design-system token,CODE_CONFIRMED
TOK-02729,semantic-token,bg-bg,apps/frontend/src/app/(dashboard)/settings/page.tsx,502,Preferred semantic design-system token,CODE_CONFIRMED
TOK-02730,semantic-token,bg-bg,apps/frontend/src/app/(dashboard)/settings/page.tsx,503,Preferred semantic design-system token,CODE_CONFIRMED
TOK-02731,semantic-token,text-brand-500,apps/frontend/src/app/(dashboard)/settings/page.tsx,508,Preferred semantic design-system token,CODE_CONFIRMED
TOK-02732,semantic-token,text-fg,apps/frontend/src/app/(dashboard)/settings/page.tsx,510,Preferred semantic design-system token,CODE_CONFIRMED
TOK-02733,semantic-token,text-fg,apps/frontend/src/app/(dashboard)/settings/page.tsx,533,Preferred semantic design-system token,CODE_CONFIRMED
TOK-02734,semantic-token,border-danger/20,apps/frontend/src/app/(dashboard)/settings/page.tsx,541,Preferred semantic design-system token,CODE_CONFIRMED
TOK-02735,semantic-token,bg-danger/5,apps/frontend/src/app/(dashboard)/settings/page.tsx,541,Preferred semantic design-system token,CODE_CONFIRMED
TOK-02736,semantic-token,text-danger,apps/frontend/src/app/(dashboard)/settings/page.tsx,541,Preferred semantic design-system token,CODE_CONFIRMED
TOK-02737,semantic-token,text-danger/80,apps/frontend/src/app/(dashboard)/settings/page.tsx,545,Preferred semantic design-system token,CODE_CONFIRMED
TOK-02738,static-color,bg-black/50,apps/frontend/src/app/(dashboard)/shopping/page.tsx,75,Review light/dark contrast and accent bypass,REVIEW_REQUIRED
TOK-02739,static-color,bg-white,apps/frontend/src/app/(dashboard)/shopping/page.tsx,76,Review light/dark contrast and accent bypass,REVIEW_REQUIRED
TOK-02740,static-color,bg-zinc-900,apps/frontend/src/app/(dashboard)/shopping/page.tsx,76,Review light/dark contrast and accent bypass,REVIEW_REQUIRED
TOK-02741,static-color,border-zinc-300,apps/frontend/src/app/(dashboard)/shopping/page.tsx,82,Review light/dark contrast and accent bypass,REVIEW_REQUIRED
TOK-02742,static-color,border-zinc-700,apps/frontend/src/app/(dashboard)/shopping/page.tsx,82,Review light/dark contrast and accent bypass,REVIEW_REQUIRED
TOK-02743,static-color,ring-amber-500,apps/frontend/src/app/(dashboard)/shopping/page.tsx,82,Review light/dark contrast and accent bypass,REVIEW_REQUIRED
TOK-02744,static-color,border-zinc-300,apps/frontend/src/app/(dashboard)/shopping/page.tsx,90,Review light/dark contrast and accent bypass,REVIEW_REQUIRED
TOK-02745,static-color,border-zinc-700,apps/frontend/src/app/(dashboard)/shopping/page.tsx,90,Review light/dark contrast and accent bypass,REVIEW_REQUIRED
TOK-02746,static-color,ring-amber-500,apps/frontend/src/app/(dashboard)/shopping/page.tsx,90,Review light/dark contrast and accent bypass,REVIEW_REQUIRED
TOK-02747,static-color,ring-amber-500,apps/frontend/src/app/(dashboard)/shopping/page.tsx,102,Review light/dark contrast and accent bypass,REVIEW_REQUIRED
TOK-02748,static-color,text-red-500,apps/frontend/src/app/(dashboard)/shopping/page.tsx,108,Review light/dark contrast and accent bypass,REVIEW_REQUIRED
TOK-02749,static-color,bg-amber-600,apps/frontend/src/app/(dashboard)/shopping/page.tsx,112,Review light/dark contrast and accent bypass,REVIEW_REQUIRED
TOK-02750,static-color,bg-amber-700,apps/frontend/src/app/(dashboard)/shopping/page.tsx,112,Review light/dark contrast and accent bypass,REVIEW_REQUIRED
TOK-02751,static-color,text-white,apps/frontend/src/app/(dashboard)/shopping/page.tsx,112,Review light/dark contrast and accent bypass,REVIEW_REQUIRED
TOK-02752,static-color,border-zinc-200,apps/frontend/src/app/(dashboard)/shopping/page.tsx,132,Review light/dark contrast and accent bypass,REVIEW_REQUIRED
TOK-02753,static-color,border-zinc-800,apps/frontend/src/app/(dashboard)/shopping/page.tsx,132,Review light/dark contrast and accent bypass,REVIEW_REQUIRED
TOK-02754,static-color,bg-white,apps/frontend/src/app/(dashboard)/shopping/page.tsx,132,Review light/dark contrast and accent bypass,REVIEW_REQUIRED
TOK-02755,static-color,bg-zinc-900,apps/frontend/src/app/(dashboard)/shopping/page.tsx,132,Review light/dark contrast and accent bypass,REVIEW_REQUIRED
TOK-02756,static-color,text-amber-500,apps/frontend/src/app/(dashboard)/shopping/page.tsx,142,Review light/dark contrast and accent bypass,REVIEW_REQUIRED
TOK-02757,static-color,bg-zinc-100,apps/frontend/src/app/(dashboard)/shopping/page.tsx,144,Review light/dark contrast and accent bypass,REVIEW_REQUIRED
TOK-02758,static-color,bg-zinc-800,apps/frontend/src/app/(dashboard)/shopping/page.tsx,144,Review light/dark contrast and accent bypass,REVIEW_REQUIRED
TOK-02759,static-color,text-zinc-600,apps/frontend/src/app/(dashboard)/shopping/page.tsx,144,Review light/dark contrast and accent bypass,REVIEW_REQUIRED
TOK-02760,static-color,text-zinc-400,apps/frontend/src/app/(dashboard)/shopping/page.tsx,144,Review light/dark contrast and accent bypass,REVIEW_REQUIRED
TOK-02761,static-color,bg-zinc-100,apps/frontend/src/app/(dashboard)/shopping/page.tsx,153,Review light/dark contrast and accent bypass,REVIEW_REQUIRED
TOK-02762,static-color,bg-zinc-800,apps/frontend/src/app/(dashboard)/shopping/page.tsx,153,Review light/dark contrast and accent bypass,REVIEW_REQUIRED
TOK-02763,static-color,bg-white,apps/frontend/src/app/(dashboard)/shopping/page.tsx,159,Review light/dark contrast and accent bypass,REVIEW_REQUIRED
TOK-02764,static-color,bg-zinc-900,apps/frontend/src/app/(dashboard)/shopping/page.tsx,159,Review light/dark contrast and accent bypass,REVIEW_REQUIRED
TOK-02765,static-color,border-zinc-200,apps/frontend/src/app/(dashboard)/shopping/page.tsx,159,Review light/dark contrast and accent bypass,REVIEW_REQUIRED
TOK-02766,static-color,border-zinc-800,apps/frontend/src/app/(dashboard)/shopping/page.tsx,159,Review light/dark contrast and accent bypass,REVIEW_REQUIRED
TOK-02767,static-color,text-zinc-600,apps/frontend/src/app/(dashboard)/shopping/page.tsx,161,Review light/dark contrast and accent bypass,REVIEW_REQUIRED
TOK-02768,static-color,text-zinc-400,apps/frontend/src/app/(dashboard)/shopping/page.tsx,161,Review light/dark contrast and accent bypass,REVIEW_REQUIRED
TOK-02769,static-color,bg-zinc-100,apps/frontend/src/app/(dashboard)/shopping/page.tsx,161,Review light/dark contrast and accent bypass,REVIEW_REQUIRED
TOK-02770,static-color,bg-zinc-800,apps/frontend/src/app/(dashboard)/shopping/page.tsx,161,Review light/dark contrast and accent bypass,REVIEW_REQUIRED
TOK-02771,static-color,text-red-500,apps/frontend/src/app/(dashboard)/shopping/page.tsx,167,Review light/dark contrast and accent bypass,REVIEW_REQUIRED
TOK-02772,static-color,bg-zinc-100,apps/frontend/src/app/(dashboard)/shopping/page.tsx,167,Review light/dark contrast and accent bypass,REVIEW_REQUIRED
TOK-02773,static-color,bg-zinc-800,apps/frontend/src/app/(dashboard)/shopping/page.tsx,167,Review light/dark contrast and accent bypass,REVIEW_REQUIRED
TOK-02774,static-color,text-zinc-500,apps/frontend/src/app/(dashboard)/shopping/page.tsx,177,Review light/dark contrast and accent bypass,REVIEW_REQUIRED
TOK-02775,static-color,text-zinc-400,apps/frontend/src/app/(dashboard)/shopping/page.tsx,177,Review light/dark contrast and accent bypass,REVIEW_REQUIRED
TOK-02776,static-color,bg-zinc-200,apps/frontend/src/app/(dashboard)/shopping/page.tsx,181,Review light/dark contrast and accent bypass,REVIEW_REQUIRED
TOK-02777,static-color,bg-zinc-700,apps/frontend/src/app/(dashboard)/shopping/page.tsx,181,Review light/dark contrast and accent bypass,REVIEW_REQUIRED
TOK-02778,static-color,bg-amber-500,apps/frontend/src/app/(dashboard)/shopping/page.tsx,183,Review light/dark contrast and accent bypass,REVIEW_REQUIRED
TOK-02779,static-color,bg-zinc-50,apps/frontend/src/app/(dashboard)/shopping/page.tsx,198,Review light/dark contrast and accent bypass,REVIEW_REQUIRED
TOK-02780,static-color,bg-zinc-800/30,apps/frontend/src/app/(dashboard)/shopping/page.tsx,198,Review light/dark contrast and accent bypass,REVIEW_REQUIRED
TOK-02781,static-color,bg-zinc-50,apps/frontend/src/app/(dashboard)/shopping/page.tsx,198,Review light/dark contrast and accent bypass,REVIEW_REQUIRED
TOK-02782,static-color,bg-zinc-800/50,apps/frontend/src/app/(dashboard)/shopping/page.tsx,198,Review light/dark contrast and accent bypass,REVIEW_REQUIRED
TOK-02783,static-color,text-amber-500,apps/frontend/src/app/(dashboard)/shopping/page.tsx,201,Review light/dark contrast and accent bypass,REVIEW_REQUIRED
TOK-02784,static-color,text-zinc-400,apps/frontend/src/app/(dashboard)/shopping/page.tsx,201,Review light/dark contrast and accent bypass,REVIEW_REQUIRED
TOK-02785,static-color,text-amber-500,apps/frontend/src/app/(dashboard)/shopping/page.tsx,201,Review light/dark contrast and accent bypass,REVIEW_REQUIRED
TOK-02786,static-color,text-zinc-400,apps/frontend/src/app/(dashboard)/shopping/page.tsx,207,Review light/dark contrast and accent bypass,REVIEW_REQUIRED
TOK-02787,static-color,bg-zinc-200,apps/frontend/src/app/(dashboard)/shopping/page.tsx,211,Review light/dark contrast and accent bypass,REVIEW_REQUIRED
TOK-02788,static-color,bg-zinc-700,apps/frontend/src/app/(dashboard)/shopping/page.tsx,211,Review light/dark contrast and accent bypass,REVIEW_REQUIRED
TOK-02789,static-color,text-zinc-500,apps/frontend/src/app/(dashboard)/shopping/page.tsx,211,Review light/dark contrast and accent bypass,REVIEW_REQUIRED
TOK-02790,static-color,text-zinc-400,apps/frontend/src/app/(dashboard)/shopping/page.tsx,211,Review light/dark contrast and accent bypass,REVIEW_REQUIRED
TOK-02791,static-color,text-zinc-400,apps/frontend/src/app/(dashboard)/shopping/page.tsx,217,Review light/dark contrast and accent bypass,REVIEW_REQUIRED
TOK-02792,static-color,text-zinc-400,apps/frontend/src/app/(dashboard)/shopping/page.tsx,224,Review light/dark contrast and accent bypass,REVIEW_REQUIRED
TOK-02793,static-color,text-red-500,apps/frontend/src/app/(dashboard)/shopping/page.tsx,224,Review light/dark contrast and accent bypass,REVIEW_REQUIRED
TOK-02794,static-color,bg-red-50,apps/frontend/src/app/(dashboard)/shopping/page.tsx,224,Review light/dark contrast and accent bypass,REVIEW_REQUIRED
TOK-02795,static-color,bg-red-950,apps/frontend/src/app/(dashboard)/shopping/page.tsx,224,Review light/dark contrast and accent bypass,REVIEW_REQUIRED
TOK-02796,static-color,bg-zinc-200,apps/frontend/src/app/(dashboard)/shopping/page.tsx,292,Review light/dark contrast and accent bypass,REVIEW_REQUIRED
TOK-02797,static-color,bg-zinc-800,apps/frontend/src/app/(dashboard)/shopping/page.tsx,292,Review light/dark contrast and accent bypass,REVIEW_REQUIRED
TOK-02798,static-color,bg-zinc-200,apps/frontend/src/app/(dashboard)/shopping/page.tsx,293,Review light/dark contrast and accent bypass,REVIEW_REQUIRED
TOK-02799,static-color,bg-zinc-800,apps/frontend/src/app/(dashboard)/shopping/page.tsx,293,Review light/dark contrast and accent bypass,REVIEW_REQUIRED
TOK-02800,static-color,bg-zinc-200,apps/frontend/src/app/(dashboard)/shopping/page.tsx,294,Review light/dark contrast and accent bypass,REVIEW_REQUIRED
TOK-02801,static-color,bg-zinc-800,apps/frontend/src/app/(dashboard)/shopping/page.tsx,294,Review light/dark contrast and accent bypass,REVIEW_REQUIRED
TOK-02802,static-color,text-red-500,apps/frontend/src/app/(dashboard)/shopping/page.tsx,302,Review light/dark contrast and accent bypass,REVIEW_REQUIRED
TOK-02803,static-color,text-amber-600,apps/frontend/src/app/(dashboard)/shopping/page.tsx,303,Review light/dark contrast and accent bypass,REVIEW_REQUIRED
TOK-02804,static-color,text-zinc-500,apps/frontend/src/app/(dashboard)/shopping/page.tsx,329,Review light/dark contrast and accent bypass,REVIEW_REQUIRED
TOK-02805,static-color,text-zinc-800,apps/frontend/src/app/(dashboard)/shopping/page.tsx,329,Review light/dark contrast and accent bypass,REVIEW_REQUIRED
TOK-02806,static-color,text-zinc-200,apps/frontend/src/app/(dashboard)/shopping/page.tsx,329,Review light/dark contrast and accent bypass,REVIEW_REQUIRED
TOK-02807,static-color,text-zinc-500,apps/frontend/src/app/(dashboard)/shopping/page.tsx,340,Review light/dark contrast and accent bypass,REVIEW_REQUIRED
TOK-02808,static-color,text-zinc-400,apps/frontend/src/app/(dashboard)/shopping/page.tsx,340,Review light/dark contrast and accent bypass,REVIEW_REQUIRED
TOK-02809,static-color,text-zinc-400,apps/frontend/src/app/(dashboard)/shopping/page.tsx,344,Review light/dark contrast and accent bypass,REVIEW_REQUIRED
TOK-02810,static-color,border-zinc-300,apps/frontend/src/app/(dashboard)/shopping/page.tsx,351,Review light/dark contrast and accent bypass,REVIEW_REQUIRED
TOK-02811,static-color,border-zinc-700,apps/frontend/src/app/(dashboard)/shopping/page.tsx,351,Review light/dark contrast and accent bypass,REVIEW_REQUIRED
TOK-02812,static-color,text-zinc-600,apps/frontend/src/app/(dashboard)/shopping/page.tsx,351,Review light/dark contrast and accent bypass,REVIEW_REQUIRED
TOK-02813,static-color,text-zinc-400,apps/frontend/src/app/(dashboard)/shopping/page.tsx,351,Review light/dark contrast and accent bypass,REVIEW_REQUIRED
TOK-02814,static-color,bg-zinc-100,apps/frontend/src/app/(dashboard)/shopping/page.tsx,351,Review light/dark contrast and accent bypass,REVIEW_REQUIRED
TOK-02815,static-color,bg-zinc-800,apps/frontend/src/app/(dashboard)/shopping/page.tsx,351,Review light/dark contrast and accent bypass,REVIEW_REQUIRED
TOK-02816,static-color,bg-red-50,apps/frontend/src/app/(dashboard)/shopping/page.tsx,359,Review light/dark contrast and accent bypass,REVIEW_REQUIRED
TOK-02817,static-color,bg-red-950,apps/frontend/src/app/(dashboard)/shopping/page.tsx,359,Review light/dark contrast and accent bypass,REVIEW_REQUIRED
TOK-02818,static-color,border-red-200,apps/frontend/src/app/(dashboard)/shopping/page.tsx,359,Review light/dark contrast and accent bypass,REVIEW_REQUIRED
TOK-02819,static-color,border-red-800,apps/frontend/src/app/(dashboard)/shopping/page.tsx,359,Review light/dark contrast and accent bypass,REVIEW_REQUIRED
TOK-02820,static-color,text-red-700,apps/frontend/src/app/(dashboard)/shopping/page.tsx,359,Review light/dark contrast and accent bypass,REVIEW_REQUIRED
TOK-02821,static-color,text-red-300,apps/frontend/src/app/(dashboard)/shopping/page.tsx,359,Review light/dark contrast and accent bypass,REVIEW_REQUIRED
TOK-02822,static-color,border-zinc-200,apps/frontend/src/app/(dashboard)/shopping/page.tsx,365,Review light/dark contrast and accent bypass,REVIEW_REQUIRED
TOK-02823,static-color,border-zinc-800,apps/frontend/src/app/(dashboard)/shopping/page.tsx,365,Review light/dark contrast and accent bypass,REVIEW_REQUIRED
TOK-02824,static-color,bg-white,apps/frontend/src/app/(dashboard)/shopping/page.tsx,365,Review light/dark contrast and accent bypass,REVIEW_REQUIRED
TOK-02825,static-color,bg-zinc-900,apps/frontend/src/app/(dashboard)/shopping/page.tsx,365,Review light/dark contrast and accent bypass,REVIEW_REQUIRED
TOK-02826,static-color,border-zinc-300,apps/frontend/src/app/(dashboard)/shopping/page.tsx,370,Review light/dark contrast and accent bypass,REVIEW_REQUIRED
TOK-02827,static-color,border-zinc-700,apps/frontend/src/app/(dashboard)/shopping/page.tsx,370,Review light/dark contrast and accent bypass,REVIEW_REQUIRED
TOK-02828,static-color,ring-amber-500,apps/frontend/src/app/(dashboard)/shopping/page.tsx,370,Review light/dark contrast and accent bypass,REVIEW_REQUIRED
TOK-02829,static-color,border-zinc-300,apps/frontend/src/app/(dashboard)/shopping/page.tsx,379,Review light/dark contrast and accent bypass,REVIEW_REQUIRED
TOK-02830,static-color,border-zinc-700,apps/frontend/src/app/(dashboard)/shopping/page.tsx,379,Review light/dark contrast and accent bypass,REVIEW_REQUIRED
TOK-02831,static-color,ring-amber-500,apps/frontend/src/app/(dashboard)/shopping/page.tsx,379,Review light/dark contrast and accent bypass,REVIEW_REQUIRED
TOK-02832,static-color,border-zinc-300,apps/frontend/src/app/(dashboard)/shopping/page.tsx,387,Review light/dark contrast and accent bypass,REVIEW_REQUIRED
TOK-02833,static-color,border-zinc-700,apps/frontend/src/app/(dashboard)/shopping/page.tsx,387,Review light/dark contrast and accent bypass,REVIEW_REQUIRED
TOK-02834,static-color,ring-amber-500,apps/frontend/src/app/(dashboard)/shopping/page.tsx,387,Review light/dark contrast and accent bypass,REVIEW_REQUIRED
TOK-02835,static-color,border-zinc-300,apps/frontend/src/app/(dashboard)/shopping/page.tsx,395,Review light/dark contrast and accent bypass,REVIEW_REQUIRED
TOK-02836,static-color,border-zinc-700,apps/frontend/src/app/(dashboard)/shopping/page.tsx,395,Review light/dark contrast and accent bypass,REVIEW_REQUIRED
TOK-02837,static-color,ring-amber-500,apps/frontend/src/app/(dashboard)/shopping/page.tsx,395,Review light/dark contrast and accent bypass,REVIEW_REQUIRED
TOK-02838,static-color,bg-amber-600,apps/frontend/src/app/(dashboard)/shopping/page.tsx,403,Review light/dark contrast and accent bypass,REVIEW_REQUIRED
TOK-02839,static-color,bg-amber-700,apps/frontend/src/app/(dashboard)/shopping/page.tsx,403,Review light/dark contrast and accent bypass,REVIEW_REQUIRED
TOK-02840,static-color,text-white,apps/frontend/src/app/(dashboard)/shopping/page.tsx,403,Review light/dark contrast and accent bypass,REVIEW_REQUIRED
TOK-02841,static-color,text-zinc-400,apps/frontend/src/app/(dashboard)/shopping/page.tsx,417,Review light/dark contrast and accent bypass,REVIEW_REQUIRED
TOK-02842,static-color,text-zinc-500,apps/frontend/src/app/(dashboard)/shopping/page.tsx,426,Review light/dark contrast and accent bypass,REVIEW_REQUIRED
TOK-02843,static-color,text-zinc-400,apps/frontend/src/app/(dashboard)/shopping/page.tsx,426,Review light/dark contrast and accent bypass,REVIEW_REQUIRED
TOK-02844,static-color,text-zinc-500,apps/frontend/src/app/(dashboard)/shopping/page.tsx,485,Review light/dark contrast and accent bypass,REVIEW_REQUIRED
TOK-02845,static-color,text-zinc-400,apps/frontend/src/app/(dashboard)/shopping/page.tsx,485,Review light/dark contrast and accent bypass,REVIEW_REQUIRED
TOK-02846,static-color,bg-amber-600,apps/frontend/src/app/(dashboard)/shopping/page.tsx,491,Review light/dark contrast and accent bypass,REVIEW_REQUIRED
TOK-02847,static-color,bg-amber-700,apps/frontend/src/app/(dashboard)/shopping/page.tsx,491,Review light/dark contrast and accent bypass,REVIEW_REQUIRED
TOK-02848,static-color,text-white,apps/frontend/src/app/(dashboard)/shopping/page.tsx,491,Review light/dark contrast and accent bypass,REVIEW_REQUIRED
TOK-02849,static-color,border-zinc-200,apps/frontend/src/app/(dashboard)/shopping/page.tsx,500,Review light/dark contrast and accent bypass,REVIEW_REQUIRED
TOK-02850,static-color,border-zinc-800,apps/frontend/src/app/(dashboard)/shopping/page.tsx,500,Review light/dark contrast and accent bypass,REVIEW_REQUIRED
TOK-02851,static-color,bg-white,apps/frontend/src/app/(dashboard)/shopping/page.tsx,500,Review light/dark contrast and accent bypass,REVIEW_REQUIRED
TOK-02852,static-color,bg-zinc-900,apps/frontend/src/app/(dashboard)/shopping/page.tsx,500,Review light/dark contrast and accent bypass,REVIEW_REQUIRED
TOK-02853,static-color,bg-zinc-200,apps/frontend/src/app/(dashboard)/shopping/page.tsx,501,Review light/dark contrast and accent bypass,REVIEW_REQUIRED
TOK-02854,static-color,bg-zinc-800,apps/frontend/src/app/(dashboard)/shopping/page.tsx,501,Review light/dark contrast and accent bypass,REVIEW_REQUIRED
TOK-02855,static-color,bg-zinc-200,apps/frontend/src/app/(dashboard)/shopping/page.tsx,502,Review light/dark contrast and accent bypass,REVIEW_REQUIRED
TOK-02856,static-color,bg-zinc-800,apps/frontend/src/app/(dashboard)/shopping/page.tsx,502,Review light/dark contrast and accent bypass,REVIEW_REQUIRED
TOK-02857,static-color,bg-zinc-200,apps/frontend/src/app/(dashboard)/shopping/page.tsx,503,Review light/dark contrast and accent bypass,REVIEW_REQUIRED
TOK-02858,static-color,bg-zinc-800,apps/frontend/src/app/(dashboard)/shopping/page.tsx,503,Review light/dark contrast and accent bypass,REVIEW_REQUIRED
TOK-02859,static-color,text-zinc-400,apps/frontend/src/app/(dashboard)/shopping/page.tsx,508,Review light/dark contrast and accent bypass,REVIEW_REQUIRED
TOK-02860,static-color,bg-amber-600,apps/frontend/src/app/(dashboard)/shopping/page.tsx,514,Review light/dark contrast and accent bypass,REVIEW_REQUIRED
TOK-02861,static-color,bg-amber-700,apps/frontend/src/app/(dashboard)/shopping/page.tsx,514,Review light/dark contrast and accent bypass,REVIEW_REQUIRED
TOK-02862,static-color,text-white,apps/frontend/src/app/(dashboard)/shopping/page.tsx,514,Review light/dark contrast and accent bypass,REVIEW_REQUIRED
TOK-02863,static-color,text-zinc-400,apps/frontend/src/app/(dashboard)/shopping/page.tsx,535,Review light/dark contrast and accent bypass,REVIEW_REQUIRED
TOK-02864,static-color,border-zinc-200,apps/frontend/src/app/(dashboard)/shopping/page.tsx,540,Review light/dark contrast and accent bypass,REVIEW_REQUIRED
TOK-02865,static-color,border-zinc-800,apps/frontend/src/app/(dashboard)/shopping/page.tsx,540,Review light/dark contrast and accent bypass,REVIEW_REQUIRED
TOK-02866,static-color,bg-white,apps/frontend/src/app/(dashboard)/shopping/page.tsx,540,Review light/dark contrast and accent bypass,REVIEW_REQUIRED
TOK-02867,static-color,bg-zinc-900,apps/frontend/src/app/(dashboard)/shopping/page.tsx,540,Review light/dark contrast and accent bypass,REVIEW_REQUIRED
TOK-02868,static-color,text-zinc-400,apps/frontend/src/app/(dashboard)/shopping/page.tsx,544,Review light/dark contrast and accent bypass,REVIEW_REQUIRED
TOK-02869,static-color,bg-white,apps/frontend/src/app/(dashboard)/test-dnd/page.tsx,41,Review light/dark contrast and accent bypass,REVIEW_REQUIRED
TOK-02870,static-color,bg-zinc-800,apps/frontend/src/app/(dashboard)/test-dnd/page.tsx,41,Review light/dark contrast and accent bypass,REVIEW_REQUIRED
TOK-02871,static-color,border-zinc-200,apps/frontend/src/app/(dashboard)/test-dnd/page.tsx,41,Review light/dark contrast and accent bypass,REVIEW_REQUIRED
TOK-02872,static-color,border-zinc-700,apps/frontend/src/app/(dashboard)/test-dnd/page.tsx,41,Review light/dark contrast and accent bypass,REVIEW_REQUIRED
TOK-02873,static-color,bg-zinc-100,apps/frontend/src/app/(dashboard)/test-dnd/page.tsx,99,Review light/dark contrast and accent bypass,REVIEW_REQUIRED
TOK-02874,static-color,bg-zinc-800,apps/frontend/src/app/(dashboard)/test-dnd/page.tsx,99,Review light/dark contrast and accent bypass,REVIEW_REQUIRED
TOK-02875,semantic-token,text-fg,apps/frontend/src/app/(dashboard)/test-dnd/page.tsx,83,Preferred semantic design-system token,CODE_CONFIRMED
TOK-02876,semantic-token,text-fg,apps/frontend/src/app/(dashboard)/test-dnd/page.tsx,101,Preferred semantic design-system token,CODE_CONFIRMED
TOK-02877,static-color,bg-yellow-100,apps/frontend/src/app/(dashboard)/travel/page.tsx,75,Review light/dark contrast and accent bypass,REVIEW_REQUIRED
TOK-02878,static-color,text-yellow-800,apps/frontend/src/app/(dashboard)/travel/page.tsx,75,Review light/dark contrast and accent bypass,REVIEW_REQUIRED
TOK-02879,static-color,bg-yellow-900/30,apps/frontend/src/app/(dashboard)/travel/page.tsx,75,Review light/dark contrast and accent bypass,REVIEW_REQUIRED
TOK-02880,static-color,text-yellow-300,apps/frontend/src/app/(dashboard)/travel/page.tsx,75,Review light/dark contrast and accent bypass,REVIEW_REQUIRED
TOK-02881,static-color,bg-green-100,apps/frontend/src/app/(dashboard)/travel/page.tsx,76,Review light/dark contrast and accent bypass,REVIEW_REQUIRED
TOK-02882,static-color,text-green-800,apps/frontend/src/app/(dashboard)/travel/page.tsx,76,Review light/dark contrast and accent bypass,REVIEW_REQUIRED
TOK-02883,static-color,bg-green-900/30,apps/frontend/src/app/(dashboard)/travel/page.tsx,76,Review light/dark contrast and accent bypass,REVIEW_REQUIRED
TOK-02884,static-color,text-green-300,apps/frontend/src/app/(dashboard)/travel/page.tsx,76,Review light/dark contrast and accent bypass,REVIEW_REQUIRED
TOK-02885,static-color,bg-blue-100,apps/frontend/src/app/(dashboard)/travel/page.tsx,77,Review light/dark contrast and accent bypass,REVIEW_REQUIRED
TOK-02886,static-color,text-blue-800,apps/frontend/src/app/(dashboard)/travel/page.tsx,77,Review light/dark contrast and accent bypass,REVIEW_REQUIRED
TOK-02887,static-color,bg-blue-900/30,apps/frontend/src/app/(dashboard)/travel/page.tsx,77,Review light/dark contrast and accent bypass,REVIEW_REQUIRED
TOK-02888,static-color,text-blue-300,apps/frontend/src/app/(dashboard)/travel/page.tsx,77,Review light/dark contrast and accent bypass,REVIEW_REQUIRED
TOK-02889,static-color,bg-black/50,apps/frontend/src/app/(dashboard)/travel/page.tsx,102,Review light/dark contrast and accent bypass,REVIEW_REQUIRED
TOK-02890,static-color,bg-white,apps/frontend/src/app/(dashboard)/travel/page.tsx,103,Review light/dark contrast and accent bypass,REVIEW_REQUIRED
TOK-02891,static-color,bg-zinc-900,apps/frontend/src/app/(dashboard)/travel/page.tsx,103,Review light/dark contrast and accent bypass,REVIEW_REQUIRED
TOK-02892,static-color,border-zinc-300,apps/frontend/src/app/(dashboard)/travel/page.tsx,109,Review light/dark contrast and accent bypass,REVIEW_REQUIRED
TOK-02893,static-color,border-zinc-700,apps/frontend/src/app/(dashboard)/travel/page.tsx,109,Review light/dark contrast and accent bypass,REVIEW_REQUIRED
TOK-02894,static-color,ring-amber-500,apps/frontend/src/app/(dashboard)/travel/page.tsx,109,Review light/dark contrast and accent bypass,REVIEW_REQUIRED
TOK-02895,static-color,border-zinc-300,apps/frontend/src/app/(dashboard)/travel/page.tsx,117,Review light/dark contrast and accent bypass,REVIEW_REQUIRED
TOK-02896,static-color,border-zinc-700,apps/frontend/src/app/(dashboard)/travel/page.tsx,117,Review light/dark contrast and accent bypass,REVIEW_REQUIRED
TOK-02897,static-color,ring-amber-500,apps/frontend/src/app/(dashboard)/travel/page.tsx,117,Review light/dark contrast and accent bypass,REVIEW_REQUIRED
TOK-02898,static-color,border-zinc-300,apps/frontend/src/app/(dashboard)/travel/page.tsx,126,Review light/dark contrast and accent bypass,REVIEW_REQUIRED
TOK-02899,static-color,border-zinc-700,apps/frontend/src/app/(dashboard)/travel/page.tsx,126,Review light/dark contrast and accent bypass,REVIEW_REQUIRED
TOK-02900,static-color,ring-amber-500,apps/frontend/src/app/(dashboard)/travel/page.tsx,126,Review light/dark contrast and accent bypass,REVIEW_REQUIRED
TOK-02901,static-color,border-zinc-300,apps/frontend/src/app/(dashboard)/travel/page.tsx,133,Review light/dark contrast and accent bypass,REVIEW_REQUIRED
TOK-02902,static-color,border-zinc-700,apps/frontend/src/app/(dashboard)/travel/page.tsx,133,Review light/dark contrast and accent bypass,REVIEW_REQUIRED
TOK-02903,static-color,ring-amber-500,apps/frontend/src/app/(dashboard)/travel/page.tsx,133,Review light/dark contrast and accent bypass,REVIEW_REQUIRED
TOK-02904,static-color,text-red-500,apps/frontend/src/app/(dashboard)/travel/page.tsx,138,Review light/dark contrast and accent bypass,REVIEW_REQUIRED
TOK-02905,static-color,bg-amber-600,apps/frontend/src/app/(dashboard)/travel/page.tsx,142,Review light/dark contrast and accent bypass,REVIEW_REQUIRED
TOK-02906,static-color,bg-amber-700,apps/frontend/src/app/(dashboard)/travel/page.tsx,142,Review light/dark contrast and accent bypass,REVIEW_REQUIRED
TOK-02907,static-color,text-white,apps/frontend/src/app/(dashboard)/travel/page.tsx,142,Review light/dark contrast and accent bypass,REVIEW_REQUIRED
TOK-02908,static-color,border-zinc-200,apps/frontend/src/app/(dashboard)/travel/page.tsx,161,Review light/dark contrast and accent bypass,REVIEW_REQUIRED
TOK-02909,static-color,border-zinc-800,apps/frontend/src/app/(dashboard)/travel/page.tsx,161,Review light/dark contrast and accent bypass,REVIEW_REQUIRED
TOK-02910,static-color,bg-white,apps/frontend/src/app/(dashboard)/travel/page.tsx,161,Review light/dark contrast and accent bypass,REVIEW_REQUIRED
TOK-02911,static-color,bg-zinc-900,apps/frontend/src/app/(dashboard)/travel/page.tsx,161,Review light/dark contrast and accent bypass,REVIEW_REQUIRED
TOK-02912,static-color,text-zinc-500,apps/frontend/src/app/(dashboard)/travel/page.tsx,169,Review light/dark contrast and accent bypass,REVIEW_REQUIRED
TOK-02913,static-color,text-zinc-400,apps/frontend/src/app/(dashboard)/travel/page.tsx,169,Review light/dark contrast and accent bypass,REVIEW_REQUIRED
TOK-02914,static-color,bg-zinc-100,apps/frontend/src/app/(dashboard)/travel/page.tsx,174,Review light/dark contrast and accent bypass,REVIEW_REQUIRED
TOK-02915,static-color,bg-zinc-800,apps/frontend/src/app/(dashboard)/travel/page.tsx,174,Review light/dark contrast and accent bypass,REVIEW_REQUIRED
TOK-02916,static-color,bg-white,apps/frontend/src/app/(dashboard)/travel/page.tsx,180,Review light/dark contrast and accent bypass,REVIEW_REQUIRED
TOK-02917,static-color,bg-zinc-900,apps/frontend/src/app/(dashboard)/travel/page.tsx,180,Review light/dark contrast and accent bypass,REVIEW_REQUIRED
TOK-02918,static-color,border-zinc-200,apps/frontend/src/app/(dashboard)/travel/page.tsx,180,Review light/dark contrast and accent bypass,REVIEW_REQUIRED
TOK-02919,static-color,border-zinc-800,apps/frontend/src/app/(dashboard)/travel/page.tsx,180,Review light/dark contrast and accent bypass,REVIEW_REQUIRED
TOK-02920,static-color,text-red-500,apps/frontend/src/app/(dashboard)/travel/page.tsx,182,Review light/dark contrast and accent bypass,REVIEW_REQUIRED
TOK-02921,static-color,bg-zinc-100,apps/frontend/src/app/(dashboard)/travel/page.tsx,182,Review light/dark contrast and accent bypass,REVIEW_REQUIRED
TOK-02922,static-color,bg-zinc-800,apps/frontend/src/app/(dashboard)/travel/page.tsx,182,Review light/dark contrast and accent bypass,REVIEW_REQUIRED
TOK-02923,static-color,text-zinc-500,apps/frontend/src/app/(dashboard)/travel/page.tsx,191,Review light/dark contrast and accent bypass,REVIEW_REQUIRED
TOK-02924,static-color,text-zinc-400,apps/frontend/src/app/(dashboard)/travel/page.tsx,191,Review light/dark contrast and accent bypass,REVIEW_REQUIRED
TOK-02925,static-color,text-zinc-400,apps/frontend/src/app/(dashboard)/travel/page.tsx,209,Review light/dark contrast and accent bypass,REVIEW_REQUIRED
TOK-02926,static-color,bg-zinc-200,apps/frontend/src/app/(dashboard)/travel/page.tsx,268,Review light/dark contrast and accent bypass,REVIEW_REQUIRED
TOK-02927,static-color,bg-zinc-800,apps/frontend/src/app/(dashboard)/travel/page.tsx,268,Review light/dark contrast and accent bypass,REVIEW_REQUIRED
TOK-02928,static-color,bg-zinc-200,apps/frontend/src/app/(dashboard)/travel/page.tsx,269,Review light/dark contrast and accent bypass,REVIEW_REQUIRED
TOK-02929,static-color,bg-zinc-800,apps/frontend/src/app/(dashboard)/travel/page.tsx,269,Review light/dark contrast and accent bypass,REVIEW_REQUIRED
TOK-02930,static-color,bg-zinc-200,apps/frontend/src/app/(dashboard)/travel/page.tsx,270,Review light/dark contrast and accent bypass,REVIEW_REQUIRED
TOK-02931,static-color,bg-zinc-800,apps/frontend/src/app/(dashboard)/travel/page.tsx,270,Review light/dark contrast and accent bypass,REVIEW_REQUIRED
TOK-02932,static-color,text-red-500,apps/frontend/src/app/(dashboard)/travel/page.tsx,278,Review light/dark contrast and accent bypass,REVIEW_REQUIRED
TOK-02933,static-color,text-amber-600,apps/frontend/src/app/(dashboard)/travel/page.tsx,279,Review light/dark contrast and accent bypass,REVIEW_REQUIRED
TOK-02934,static-color,text-zinc-500,apps/frontend/src/app/(dashboard)/travel/page.tsx,290,Review light/dark contrast and accent bypass,REVIEW_REQUIRED
TOK-02935,static-color,text-zinc-800,apps/frontend/src/app/(dashboard)/travel/page.tsx,290,Review light/dark contrast and accent bypass,REVIEW_REQUIRED
TOK-02936,static-color,text-zinc-200,apps/frontend/src/app/(dashboard)/travel/page.tsx,290,Review light/dark contrast and accent bypass,REVIEW_REQUIRED
TOK-02937,static-color,text-zinc-500,apps/frontend/src/app/(dashboard)/travel/page.tsx,295,Review light/dark contrast and accent bypass,REVIEW_REQUIRED
TOK-02938,static-color,text-zinc-400,apps/frontend/src/app/(dashboard)/travel/page.tsx,295,Review light/dark contrast and accent bypass,REVIEW_REQUIRED
TOK-02939,static-color,text-zinc-500,apps/frontend/src/app/(dashboard)/travel/page.tsx,297,Review light/dark contrast and accent bypass,REVIEW_REQUIRED
TOK-02940,static-color,text-zinc-400,apps/frontend/src/app/(dashboard)/travel/page.tsx,297,Review light/dark contrast and accent bypass,REVIEW_REQUIRED
TOK-02941,static-color,border-zinc-300,apps/frontend/src/app/(dashboard)/travel/page.tsx,315,Review light/dark contrast and accent bypass,REVIEW_REQUIRED
TOK-02942,static-color,border-zinc-700,apps/frontend/src/app/(dashboard)/travel/page.tsx,315,Review light/dark contrast and accent bypass,REVIEW_REQUIRED
TOK-02943,static-color,text-red-500,apps/frontend/src/app/(dashboard)/travel/page.tsx,323,Review light/dark contrast and accent bypass,REVIEW_REQUIRED
TOK-02944,static-color,bg-red-50,apps/frontend/src/app/(dashboard)/travel/page.tsx,323,Review light/dark contrast and accent bypass,REVIEW_REQUIRED
TOK-02945,static-color,bg-red-950,apps/frontend/src/app/(dashboard)/travel/page.tsx,323,Review light/dark contrast and accent bypass,REVIEW_REQUIRED
TOK-02946,static-color,border-zinc-200,apps/frontend/src/app/(dashboard)/travel/page.tsx,330,Review light/dark contrast and accent bypass,REVIEW_REQUIRED
TOK-02947,static-color,border-zinc-800,apps/frontend/src/app/(dashboard)/travel/page.tsx,330,Review light/dark contrast and accent bypass,REVIEW_REQUIRED
TOK-02948,static-color,border-amber-500,apps/frontend/src/app/(dashboard)/travel/page.tsx,337,Review light/dark contrast and accent bypass,REVIEW_REQUIRED
TOK-02949,static-color,text-amber-600,apps/frontend/src/app/(dashboard)/travel/page.tsx,337,Review light/dark contrast and accent bypass,REVIEW_REQUIRED
TOK-02950,static-color,text-amber-400,apps/frontend/src/app/(dashboard)/travel/page.tsx,337,Review light/dark contrast and accent bypass,REVIEW_REQUIRED
TOK-02951,static-color,text-zinc-500,apps/frontend/src/app/(dashboard)/travel/page.tsx,338,Review light/dark contrast and accent bypass,REVIEW_REQUIRED
TOK-02952,static-color,text-zinc-800,apps/frontend/src/app/(dashboard)/travel/page.tsx,338,Review light/dark contrast and accent bypass,REVIEW_REQUIRED
TOK-02953,static-color,text-zinc-200,apps/frontend/src/app/(dashboard)/travel/page.tsx,338,Review light/dark contrast and accent bypass,REVIEW_REQUIRED
TOK-02954,static-color,bg-red-50,apps/frontend/src/app/(dashboard)/travel/page.tsx,349,Review light/dark contrast and accent bypass,REVIEW_REQUIRED
TOK-02955,static-color,bg-red-950,apps/frontend/src/app/(dashboard)/travel/page.tsx,349,Review light/dark contrast and accent bypass,REVIEW_REQUIRED
TOK-02956,static-color,border-red-200,apps/frontend/src/app/(dashboard)/travel/page.tsx,349,Review light/dark contrast and accent bypass,REVIEW_REQUIRED
TOK-02957,static-color,border-red-800,apps/frontend/src/app/(dashboard)/travel/page.tsx,349,Review light/dark contrast and accent bypass,REVIEW_REQUIRED
TOK-02958,static-color,text-red-700,apps/frontend/src/app/(dashboard)/travel/page.tsx,349,Review light/dark contrast and accent bypass,REVIEW_REQUIRED
TOK-02959,static-color,text-red-300,apps/frontend/src/app/(dashboard)/travel/page.tsx,349,Review light/dark contrast and accent bypass,REVIEW_REQUIRED
TOK-02960,static-color,border-zinc-200,apps/frontend/src/app/(dashboard)/travel/page.tsx,361,Review light/dark contrast and accent bypass,REVIEW_REQUIRED
TOK-02961,static-color,border-zinc-800,apps/frontend/src/app/(dashboard)/travel/page.tsx,361,Review light/dark contrast and accent bypass,REVIEW_REQUIRED
TOK-02962,static-color,bg-white,apps/frontend/src/app/(dashboard)/travel/page.tsx,361,Review light/dark contrast and accent bypass,REVIEW_REQUIRED
TOK-02963,static-color,bg-zinc-900,apps/frontend/src/app/(dashboard)/travel/page.tsx,361,Review light/dark contrast and accent bypass,REVIEW_REQUIRED
TOK-02964,static-color,text-zinc-500,apps/frontend/src/app/(dashboard)/travel/page.tsx,362,Review light/dark contrast and accent bypass,REVIEW_REQUIRED
TOK-02965,static-color,border-zinc-300,apps/frontend/src/app/(dashboard)/travel/page.tsx,375,Review light/dark contrast and accent bypass,REVIEW_REQUIRED
TOK-02966,static-color,border-zinc-700,apps/frontend/src/app/(dashboard)/travel/page.tsx,375,Review light/dark contrast and accent bypass,REVIEW_REQUIRED
TOK-02967,static-color,ring-amber-500,apps/frontend/src/app/(dashboard)/travel/page.tsx,375,Review light/dark contrast and accent bypass,REVIEW_REQUIRED
TOK-02968,static-color,border-zinc-300,apps/frontend/src/app/(dashboard)/travel/page.tsx,379,Review light/dark contrast and accent bypass,REVIEW_REQUIRED
TOK-02969,static-color,border-zinc-700,apps/frontend/src/app/(dashboard)/travel/page.tsx,379,Review light/dark contrast and accent bypass,REVIEW_REQUIRED
TOK-02970,static-color,ring-amber-500,apps/frontend/src/app/(dashboard)/travel/page.tsx,379,Review light/dark contrast and accent bypass,REVIEW_REQUIRED
TOK-02971,static-color,border-zinc-300,apps/frontend/src/app/(dashboard)/travel/page.tsx,383,Review light/dark contrast and accent bypass,REVIEW_REQUIRED
TOK-02972,static-color,border-zinc-700,apps/frontend/src/app/(dashboard)/travel/page.tsx,383,Review light/dark contrast and accent bypass,REVIEW_REQUIRED
TOK-02973,static-color,ring-amber-500,apps/frontend/src/app/(dashboard)/travel/page.tsx,383,Review light/dark contrast and accent bypass,REVIEW_REQUIRED
TOK-02974,static-color,bg-amber-600,apps/frontend/src/app/(dashboard)/travel/page.tsx,389,Review light/dark contrast and accent bypass,REVIEW_REQUIRED
TOK-02975,static-color,bg-amber-700,apps/frontend/src/app/(dashboard)/travel/page.tsx,389,Review light/dark contrast and accent bypass,REVIEW_REQUIRED
TOK-02976,static-color,text-white,apps/frontend/src/app/(dashboard)/travel/page.tsx,389,Review light/dark contrast and accent bypass,REVIEW_REQUIRED
TOK-02977,static-color,text-zinc-500,apps/frontend/src/app/(dashboard)/travel/page.tsx,395,Review light/dark contrast and accent bypass,REVIEW_REQUIRED
TOK-02978,static-color,bg-zinc-50,apps/frontend/src/app/(dashboard)/travel/page.tsx,398,Review light/dark contrast and accent bypass,REVIEW_REQUIRED
TOK-02979,static-color,bg-zinc-900,apps/frontend/src/app/(dashboard)/travel/page.tsx,398,Review light/dark contrast and accent bypass,REVIEW_REQUIRED
TOK-02980,static-color,border-zinc-200,apps/frontend/src/app/(dashboard)/travel/page.tsx,398,Review light/dark contrast and accent bypass,REVIEW_REQUIRED
TOK-02981,static-color,border-zinc-800,apps/frontend/src/app/(dashboard)/travel/page.tsx,398,Review light/dark contrast and accent bypass,REVIEW_REQUIRED
TOK-02982,static-color,bg-amber-100,apps/frontend/src/app/(dashboard)/travel/page.tsx,399,Review light/dark contrast and accent bypass,REVIEW_REQUIRED
TOK-02983,static-color,bg-amber-900/30,apps/frontend/src/app/(dashboard)/travel/page.tsx,399,Review light/dark contrast and accent bypass,REVIEW_REQUIRED
TOK-02984,static-color,text-amber-700,apps/frontend/src/app/(dashboard)/travel/page.tsx,399,Review light/dark contrast and accent bypass,REVIEW_REQUIRED
TOK-02985,static-color,text-amber-300,apps/frontend/src/app/(dashboard)/travel/page.tsx,399,Review light/dark contrast and accent bypass,REVIEW_REQUIRED
TOK-02986,static-color,text-zinc-500,apps/frontend/src/app/(dashboard)/travel/page.tsx,404,Review light/dark contrast and accent bypass,REVIEW_REQUIRED
TOK-02987,static-color,bg-zinc-200,apps/frontend/src/app/(dashboard)/travel/page.tsx,407,Review light/dark contrast and accent bypass,REVIEW_REQUIRED
TOK-02988,static-color,bg-zinc-800,apps/frontend/src/app/(dashboard)/travel/page.tsx,407,Review light/dark contrast and accent bypass,REVIEW_REQUIRED
TOK-02989,static-color,text-zinc-500,apps/frontend/src/app/(dashboard)/travel/page.tsx,409,Review light/dark contrast and accent bypass,REVIEW_REQUIRED
TOK-02990,static-color,border-zinc-300,apps/frontend/src/app/(dashboard)/travel/page.tsx,420,Review light/dark contrast and accent bypass,REVIEW_REQUIRED
TOK-02991,static-color,border-zinc-700,apps/frontend/src/app/(dashboard)/travel/page.tsx,420,Review light/dark contrast and accent bypass,REVIEW_REQUIRED
TOK-02992,static-color,ring-amber-500,apps/frontend/src/app/(dashboard)/travel/page.tsx,420,Review light/dark contrast and accent bypass,REVIEW_REQUIRED
TOK-02993,static-color,border-zinc-300,apps/frontend/src/app/(dashboard)/travel/page.tsx,424,Review light/dark contrast and accent bypass,REVIEW_REQUIRED
TOK-02994,static-color,border-zinc-700,apps/frontend/src/app/(dashboard)/travel/page.tsx,424,Review light/dark contrast and accent bypass,REVIEW_REQUIRED
TOK-02995,static-color,ring-amber-500,apps/frontend/src/app/(dashboard)/travel/page.tsx,424,Review light/dark contrast and accent bypass,REVIEW_REQUIRED
TOK-02996,static-color,bg-amber-600,apps/frontend/src/app/(dashboard)/travel/page.tsx,430,Review light/dark contrast and accent bypass,REVIEW_REQUIRED
TOK-02997,static-color,bg-amber-700,apps/frontend/src/app/(dashboard)/travel/page.tsx,430,Review light/dark contrast and accent bypass,REVIEW_REQUIRED
TOK-02998,static-color,text-white,apps/frontend/src/app/(dashboard)/travel/page.tsx,430,Review light/dark contrast and accent bypass,REVIEW_REQUIRED
TOK-02999,static-color,text-zinc-500,apps/frontend/src/app/(dashboard)/travel/page.tsx,436,Review light/dark contrast and accent bypass,REVIEW_REQUIRED
TOK-03000,static-color,border-zinc-200,apps/frontend/src/app/(dashboard)/travel/page.tsx,439,Review light/dark contrast and accent bypass,REVIEW_REQUIRED
TOK-03001,static-color,border-zinc-800,apps/frontend/src/app/(dashboard)/travel/page.tsx,439,Review light/dark contrast and accent bypass,REVIEW_REQUIRED
TOK-03002,static-color,bg-white,apps/frontend/src/app/(dashboard)/travel/page.tsx,439,Review light/dark contrast and accent bypass,REVIEW_REQUIRED
TOK-03003,static-color,bg-zinc-900,apps/frontend/src/app/(dashboard)/travel/page.tsx,439,Review light/dark contrast and accent bypass,REVIEW_REQUIRED
TOK-03004,static-color,text-zinc-500,apps/frontend/src/app/(dashboard)/travel/page.tsx,441,Review light/dark contrast and accent bypass,REVIEW_REQUIRED
TOK-03005,static-color,text-zinc-500,apps/frontend/src/app/(dashboard)/travel/page.tsx,443,Review light/dark contrast and accent bypass,REVIEW_REQUIRED
TOK-03006,static-color,text-zinc-500,apps/frontend/src/app/(dashboard)/travel/page.tsx,445,Review light/dark contrast and accent bypass,REVIEW_REQUIRED
TOK-03007,static-color,border-zinc-200,apps/frontend/src/app/(dashboard)/travel/page.tsx,455,Review light/dark contrast and accent bypass,REVIEW_REQUIRED
TOK-03008,static-color,border-zinc-800,apps/frontend/src/app/(dashboard)/travel/page.tsx,455,Review light/dark contrast and accent bypass,REVIEW_REQUIRED
TOK-03009,static-color,text-amber-600,apps/frontend/src/app/(dashboard)/travel/page.tsx,480,Review light/dark contrast and accent bypass,REVIEW_REQUIRED
TOK-03010,static-color,text-zinc-500,apps/frontend/src/app/(dashboard)/travel/page.tsx,488,Review light/dark contrast and accent bypass,REVIEW_REQUIRED
TOK-03011,static-color,text-zinc-400,apps/frontend/src/app/(dashboard)/travel/page.tsx,520,Review light/dark contrast and accent bypass,REVIEW_REQUIRED
TOK-03012,static-color,text-zinc-500,apps/frontend/src/app/(dashboard)/travel/page.tsx,538,Review light/dark contrast and accent bypass,REVIEW_REQUIRED
TOK-03013,static-color,text-zinc-400,apps/frontend/src/app/(dashboard)/travel/page.tsx,538,Review light/dark contrast and accent bypass,REVIEW_REQUIRED
TOK-03014,static-color,bg-amber-600,apps/frontend/src/app/(dashboard)/travel/page.tsx,544,Review light/dark contrast and accent bypass,REVIEW_REQUIRED
TOK-03015,static-color,bg-amber-700,apps/frontend/src/app/(dashboard)/travel/page.tsx,544,Review light/dark contrast and accent bypass,REVIEW_REQUIRED
TOK-03016,static-color,text-white,apps/frontend/src/app/(dashboard)/travel/page.tsx,544,Review light/dark contrast and accent bypass,REVIEW_REQUIRED
TOK-03017,static-color,border-zinc-300,apps/frontend/src/app/(dashboard)/travel/page.tsx,555,Review light/dark contrast and accent bypass,REVIEW_REQUIRED
TOK-03018,static-color,border-zinc-700,apps/frontend/src/app/(dashboard)/travel/page.tsx,555,Review light/dark contrast and accent bypass,REVIEW_REQUIRED
TOK-03019,static-color,ring-amber-500,apps/frontend/src/app/(dashboard)/travel/page.tsx,555,Review light/dark contrast and accent bypass,REVIEW_REQUIRED
TOK-03020,static-color,text-zinc-400,apps/frontend/src/app/(dashboard)/travel/page.tsx,557,Review light/dark contrast and accent bypass,REVIEW_REQUIRED
TOK-03021,static-color,border-zinc-200,apps/frontend/src/app/(dashboard)/travel/page.tsx,565,Review light/dark contrast and accent bypass,REVIEW_REQUIRED
TOK-03022,static-color,border-zinc-800,apps/frontend/src/app/(dashboard)/travel/page.tsx,565,Review light/dark contrast and accent bypass,REVIEW_REQUIRED
TOK-03023,static-color,bg-zinc-200,apps/frontend/src/app/(dashboard)/travel/page.tsx,566,Review light/dark contrast and accent bypass,REVIEW_REQUIRED
TOK-03024,static-color,bg-zinc-800,apps/frontend/src/app/(dashboard)/travel/page.tsx,566,Review light/dark contrast and accent bypass,REVIEW_REQUIRED
TOK-03025,static-color,bg-zinc-200,apps/frontend/src/app/(dashboard)/travel/page.tsx,567,Review light/dark contrast and accent bypass,REVIEW_REQUIRED
TOK-03026,static-color,bg-zinc-800,apps/frontend/src/app/(dashboard)/travel/page.tsx,567,Review light/dark contrast and accent bypass,REVIEW_REQUIRED
TOK-03027,static-color,bg-zinc-200,apps/frontend/src/app/(dashboard)/travel/page.tsx,568,Review light/dark contrast and accent bypass,REVIEW_REQUIRED
TOK-03028,static-color,bg-zinc-800,apps/frontend/src/app/(dashboard)/travel/page.tsx,568,Review light/dark contrast and accent bypass,REVIEW_REQUIRED
TOK-03029,static-color,text-red-500,apps/frontend/src/app/(dashboard)/travel/page.tsx,576,Review light/dark contrast and accent bypass,REVIEW_REQUIRED
TOK-03030,static-color,text-amber-600,apps/frontend/src/app/(dashboard)/travel/page.tsx,577,Review light/dark contrast and accent bypass,REVIEW_REQUIRED
TOK-03031,static-color,text-zinc-300,apps/frontend/src/app/(dashboard)/travel/page.tsx,585,Review light/dark contrast and accent bypass,REVIEW_REQUIRED
TOK-03032,static-color,text-zinc-600,apps/frontend/src/app/(dashboard)/travel/page.tsx,585,Review light/dark contrast and accent bypass,REVIEW_REQUIRED
TOK-03033,static-color,text-zinc-500,apps/frontend/src/app/(dashboard)/travel/page.tsx,587,Review light/dark contrast and accent bypass,REVIEW_REQUIRED
TOK-03034,static-color,text-zinc-400,apps/frontend/src/app/(dashboard)/travel/page.tsx,587,Review light/dark contrast and accent bypass,REVIEW_REQUIRED
TOK-03035,static-color,bg-amber-600,apps/frontend/src/app/(dashboard)/travel/page.tsx,592,Review light/dark contrast and accent bypass,REVIEW_REQUIRED
TOK-03036,static-color,bg-amber-700,apps/frontend/src/app/(dashboard)/travel/page.tsx,592,Review light/dark contrast and accent bypass,REVIEW_REQUIRED
TOK-03037,static-color,text-white,apps/frontend/src/app/(dashboard)/travel/page.tsx,592,Review light/dark contrast and accent bypass,REVIEW_REQUIRED
TOK-03038,static-color,text-green-500,apps/frontend/src/app/(dashboard)/users/page.tsx,118,Review light/dark contrast and accent bypass,REVIEW_REQUIRED
TOK-03039,static-color,bg-black/60,apps/frontend/src/app/(dashboard)/users/page.tsx,205,Review light/dark contrast and accent bypass,REVIEW_REQUIRED
TOK-03040,semantic-token,text-fg,apps/frontend/src/app/(dashboard)/users/page.tsx,53,Preferred semantic design-system token,CODE_CONFIRMED
TOK-03041,semantic-token,text-fg,apps/frontend/src/app/(dashboard)/users/page.tsx,68,Preferred semantic design-system token,CODE_CONFIRMED
TOK-03042,semantic-token,border-border,apps/frontend/src/app/(dashboard)/users/page.tsx,70,Preferred semantic design-system token,CODE_CONFIRMED
TOK-03043,semantic-token,bg-bg,apps/frontend/src/app/(dashboard)/users/page.tsx,70,Preferred semantic design-system token,CODE_CONFIRMED
TOK-03044,semantic-token,bg-bg,apps/frontend/src/app/(dashboard)/users/page.tsx,72,Preferred semantic design-system token,CODE_CONFIRMED
TOK-03045,semantic-token,text-fg,apps/frontend/src/app/(dashboard)/users/page.tsx,72,Preferred semantic design-system token,CODE_CONFIRMED
TOK-03046,semantic-token,text-fg,apps/frontend/src/app/(dashboard)/users/page.tsx,72,Preferred semantic design-system token,CODE_CONFIRMED
TOK-03047,semantic-token,text-fg,apps/frontend/src/app/(dashboard)/users/page.tsx,72,Preferred semantic design-system token,CODE_CONFIRMED
TOK-03048,semantic-token,bg-bg,apps/frontend/src/app/(dashboard)/users/page.tsx,76,Preferred semantic design-system token,CODE_CONFIRMED
TOK-03049,semantic-token,text-fg,apps/frontend/src/app/(dashboard)/users/page.tsx,76,Preferred semantic design-system token,CODE_CONFIRMED
TOK-03050,semantic-token,text-fg,apps/frontend/src/app/(dashboard)/users/page.tsx,76,Preferred semantic design-system token,CODE_CONFIRMED
TOK-03051,semantic-token,text-fg,apps/frontend/src/app/(dashboard)/users/page.tsx,76,Preferred semantic design-system token,CODE_CONFIRMED
TOK-03052,semantic-token,text-fg,apps/frontend/src/app/(dashboard)/users/page.tsx,96,Preferred semantic design-system token,CODE_CONFIRMED
TOK-03053,semantic-token,bg-brand-500,apps/frontend/src/app/(dashboard)/users/page.tsx,97,Preferred semantic design-system token,CODE_CONFIRMED
TOK-03054,semantic-token,text-bg,apps/frontend/src/app/(dashboard)/users/page.tsx,97,Preferred semantic design-system token,CODE_CONFIRMED
TOK-03055,semantic-token,bg-brand-400,apps/frontend/src/app/(dashboard)/users/page.tsx,97,Preferred semantic design-system token,CODE_CONFIRMED
TOK-03056,semantic-token,text-fg,apps/frontend/src/app/(dashboard)/users/page.tsx,99,Preferred semantic design-system token,CODE_CONFIRMED
TOK-03057,semantic-token,border-danger/20,apps/frontend/src/app/(dashboard)/users/page.tsx,100,Preferred semantic design-system token,CODE_CONFIRMED
TOK-03058,semantic-token,bg-danger/5,apps/frontend/src/app/(dashboard)/users/page.tsx,100,Preferred semantic design-system token,CODE_CONFIRMED
TOK-03059,semantic-token,text-danger,apps/frontend/src/app/(dashboard)/users/page.tsx,100,Preferred semantic design-system token,CODE_CONFIRMED
TOK-03060,semantic-token,text-danger/80,apps/frontend/src/app/(dashboard)/users/page.tsx,100,Preferred semantic design-system token,CODE_CONFIRMED
TOK-03061,semantic-token,border-border,apps/frontend/src/app/(dashboard)/users/page.tsx,102,Preferred semantic design-system token,CODE_CONFIRMED
TOK-03062,semantic-token,text-fg,apps/frontend/src/app/(dashboard)/users/page.tsx,102,Preferred semantic design-system token,CODE_CONFIRMED
TOK-03063,semantic-token,border-border,apps/frontend/src/app/(dashboard)/users/page.tsx,114,Preferred semantic design-system token,CODE_CONFIRMED
TOK-03064,semantic-token,bg-bg,apps/frontend/src/app/(dashboard)/users/page.tsx,114,Preferred semantic design-system token,CODE_CONFIRMED
TOK-03065,semantic-token,bg-brand-500/10,apps/frontend/src/app/(dashboard)/users/page.tsx,115,Preferred semantic design-system token,CODE_CONFIRMED
TOK-03066,semantic-token,text-brand-500,apps/frontend/src/app/(dashboard)/users/page.tsx,115,Preferred semantic design-system token,CODE_CONFIRMED
TOK-03067,semantic-token,text-fg,apps/frontend/src/app/(dashboard)/users/page.tsx,116,Preferred semantic design-system token,CODE_CONFIRMED
TOK-03068,semantic-token,bg-brand-500/10,apps/frontend/src/app/(dashboard)/users/page.tsx,117,Preferred semantic design-system token,CODE_CONFIRMED
TOK-03069,semantic-token,text-brand-500,apps/frontend/src/app/(dashboard)/users/page.tsx,117,Preferred semantic design-system token,CODE_CONFIRMED
TOK-03070,semantic-token,border-brand-500/20,apps/frontend/src/app/(dashboard)/users/page.tsx,117,Preferred semantic design-system token,CODE_CONFIRMED
TOK-03071,semantic-token,text-fg,apps/frontend/src/app/(dashboard)/users/page.tsx,118,Preferred semantic design-system token,CODE_CONFIRMED
TOK-03072,semantic-token,text-fg,apps/frontend/src/app/(dashboard)/users/page.tsx,119,Preferred semantic design-system token,CODE_CONFIRMED
TOK-03073,semantic-token,text-fg,apps/frontend/src/app/(dashboard)/users/page.tsx,119,Preferred semantic design-system token,CODE_CONFIRMED
TOK-03074,semantic-token,text-fg,apps/frontend/src/app/(dashboard)/users/page.tsx,149,Preferred semantic design-system token,CODE_CONFIRMED
TOK-03075,semantic-token,text-fg,apps/frontend/src/app/(dashboard)/users/page.tsx,149,Preferred semantic design-system token,CODE_CONFIRMED
TOK-03076,semantic-token,border-border,apps/frontend/src/app/(dashboard)/users/page.tsx,150,Preferred semantic design-system token,CODE_CONFIRMED
TOK-03077,semantic-token,bg-bg,apps/frontend/src/app/(dashboard)/users/page.tsx,150,Preferred semantic design-system token,CODE_CONFIRMED
TOK-03078,semantic-token,text-fg,apps/frontend/src/app/(dashboard)/users/page.tsx,152,Preferred semantic design-system token,CODE_CONFIRMED
TOK-03079,semantic-token,border-border,apps/frontend/src/app/(dashboard)/users/page.tsx,155,Preferred semantic design-system token,CODE_CONFIRMED
TOK-03080,semantic-token,bg-bg,apps/frontend/src/app/(dashboard)/users/page.tsx,155,Preferred semantic design-system token,CODE_CONFIRMED
TOK-03081,semantic-token,ring-brand-500/50,apps/frontend/src/app/(dashboard)/users/page.tsx,155,Preferred semantic design-system token,CODE_CONFIRMED
TOK-03082,semantic-token,border-border,apps/frontend/src/app/(dashboard)/users/page.tsx,157,Preferred semantic design-system token,CODE_CONFIRMED
TOK-03083,semantic-token,bg-bg,apps/frontend/src/app/(dashboard)/users/page.tsx,157,Preferred semantic design-system token,CODE_CONFIRMED
TOK-03084,semantic-token,ring-brand-500/50,apps/frontend/src/app/(dashboard)/users/page.tsx,157,Preferred semantic design-system token,CODE_CONFIRMED
TOK-03085,semantic-token,text-danger,apps/frontend/src/app/(dashboard)/users/page.tsx,158,Preferred semantic design-system token,CODE_CONFIRMED
TOK-03086,semantic-token,bg-brand-500,apps/frontend/src/app/(dashboard)/users/page.tsx,159,Preferred semantic design-system token,CODE_CONFIRMED
TOK-03087,semantic-token,text-bg,apps/frontend/src/app/(dashboard)/users/page.tsx,159,Preferred semantic design-system token,CODE_CONFIRMED
TOK-03088,semantic-token,bg-brand-400,apps/frontend/src/app/(dashboard)/users/page.tsx,159,Preferred semantic design-system token,CODE_CONFIRMED
TOK-03089,semantic-token,border-border,apps/frontend/src/app/(dashboard)/users/page.tsx,161,Preferred semantic design-system token,CODE_CONFIRMED
TOK-03090,semantic-token,bg-brand-500/10,apps/frontend/src/app/(dashboard)/users/page.tsx,165,Preferred semantic design-system token,CODE_CONFIRMED
TOK-03091,semantic-token,border-brand-500/20,apps/frontend/src/app/(dashboard)/users/page.tsx,165,Preferred semantic design-system token,CODE_CONFIRMED
TOK-03092,semantic-token,text-brand-500,apps/frontend/src/app/(dashboard)/users/page.tsx,166,Preferred semantic design-system token,CODE_CONFIRMED
TOK-03093,semantic-token,text-brand-500/60,apps/frontend/src/app/(dashboard)/users/page.tsx,167,Preferred semantic design-system token,CODE_CONFIRMED
TOK-03094,semantic-token,text-brand-500,apps/frontend/src/app/(dashboard)/users/page.tsx,167,Preferred semantic design-system token,CODE_CONFIRMED
TOK-03095,semantic-token,bg-brand-500/20,apps/frontend/src/app/(dashboard)/users/page.tsx,167,Preferred semantic design-system token,CODE_CONFIRMED
TOK-03096,semantic-token,text-fg,apps/frontend/src/app/(dashboard)/users/page.tsx,170,Preferred semantic design-system token,CODE_CONFIRMED
TOK-03097,semantic-token,bg-bg,apps/frontend/src/app/(dashboard)/users/page.tsx,175,Preferred semantic design-system token,CODE_CONFIRMED
TOK-03098,semantic-token,text-fg,apps/frontend/src/app/(dashboard)/users/page.tsx,175,Preferred semantic design-system token,CODE_CONFIRMED
TOK-03099,semantic-token,text-fg,apps/frontend/src/app/(dashboard)/users/page.tsx,175,Preferred semantic design-system token,CODE_CONFIRMED
TOK-03100,semantic-token,bg-brand-500/20,apps/frontend/src/app/(dashboard)/users/page.tsx,175,Preferred semantic design-system token,CODE_CONFIRMED
TOK-03101,semantic-token,border-border,apps/frontend/src/app/(dashboard)/users/page.tsx,175,Preferred semantic design-system token,CODE_CONFIRMED
TOK-03102,semantic-token,border-border,apps/frontend/src/app/(dashboard)/users/page.tsx,179,Preferred semantic design-system token,CODE_CONFIRMED
TOK-03103,semantic-token,text-danger,apps/frontend/src/app/(dashboard)/users/page.tsx,180,Preferred semantic design-system token,CODE_CONFIRMED
TOK-03104,semantic-token,text-fg,apps/frontend/src/app/(dashboard)/users/page.tsx,181,Preferred semantic design-system token,CODE_CONFIRMED
TOK-03105,semantic-token,border-danger/30,apps/frontend/src/app/(dashboard)/users/page.tsx,182,Preferred semantic design-system token,CODE_CONFIRMED
TOK-03106,semantic-token,text-danger,apps/frontend/src/app/(dashboard)/users/page.tsx,182,Preferred semantic design-system token,CODE_CONFIRMED
TOK-03107,semantic-token,bg-danger/5,apps/frontend/src/app/(dashboard)/users/page.tsx,182,Preferred semantic design-system token,CODE_CONFIRMED
TOK-03108,semantic-token,border-border,apps/frontend/src/app/(dashboard)/users/page.tsx,206,Preferred semantic design-system token,CODE_CONFIRMED
TOK-03109,semantic-token,bg-bg,apps/frontend/src/app/(dashboard)/users/page.tsx,206,Preferred semantic design-system token,CODE_CONFIRMED
TOK-03110,semantic-token,text-fg,apps/frontend/src/app/(dashboard)/users/page.tsx,207,Preferred semantic design-system token,CODE_CONFIRMED
TOK-03111,semantic-token,text-fg,apps/frontend/src/app/(dashboard)/users/page.tsx,207,Preferred semantic design-system token,CODE_CONFIRMED
TOK-03112,semantic-token,border-border,apps/frontend/src/app/(dashboard)/users/page.tsx,208,Preferred semantic design-system token,CODE_CONFIRMED
TOK-03113,semantic-token,bg-bg,apps/frontend/src/app/(dashboard)/users/page.tsx,208,Preferred semantic design-system token,CODE_CONFIRMED
TOK-03114,semantic-token,text-fg,apps/frontend/src/app/(dashboard)/users/page.tsx,208,Preferred semantic design-system token,CODE_CONFIRMED
TOK-03115,semantic-token,ring-brand-500/50,apps/frontend/src/app/(dashboard)/users/page.tsx,208,Preferred semantic design-system token,CODE_CONFIRMED
TOK-03116,semantic-token,border-border,apps/frontend/src/app/(dashboard)/users/page.tsx,209,Preferred semantic design-system token,CODE_CONFIRMED
TOK-03117,semantic-token,bg-bg,apps/frontend/src/app/(dashboard)/users/page.tsx,209,Preferred semantic design-system token,CODE_CONFIRMED
TOK-03118,semantic-token,text-fg,apps/frontend/src/app/(dashboard)/users/page.tsx,209,Preferred semantic design-system token,CODE_CONFIRMED
TOK-03119,semantic-token,ring-brand-500/50,apps/frontend/src/app/(dashboard)/users/page.tsx,209,Preferred semantic design-system token,CODE_CONFIRMED
TOK-03120,semantic-token,border-border,apps/frontend/src/app/(dashboard)/users/page.tsx,210,Preferred semantic design-system token,CODE_CONFIRMED
TOK-03121,semantic-token,bg-bg,apps/frontend/src/app/(dashboard)/users/page.tsx,210,Preferred semantic design-system token,CODE_CONFIRMED
TOK-03122,semantic-token,text-fg,apps/frontend/src/app/(dashboard)/users/page.tsx,210,Preferred semantic design-system token,CODE_CONFIRMED
TOK-03123,semantic-token,ring-brand-500/50,apps/frontend/src/app/(dashboard)/users/page.tsx,210,Preferred semantic design-system token,CODE_CONFIRMED
TOK-03124,semantic-token,bg-brand-500,apps/frontend/src/app/(dashboard)/users/page.tsx,211,Preferred semantic design-system token,CODE_CONFIRMED
TOK-03125,semantic-token,text-bg,apps/frontend/src/app/(dashboard)/users/page.tsx,211,Preferred semantic design-system token,CODE_CONFIRMED
TOK-03126,semantic-token,border-brand-500,apps/frontend/src/app/(dashboard)/users/page.tsx,211,Preferred semantic design-system token,CODE_CONFIRMED
TOK-03127,semantic-token,bg-bg,apps/frontend/src/app/(dashboard)/users/page.tsx,211,Preferred semantic design-system token,CODE_CONFIRMED
TOK-03128,semantic-token,text-fg,apps/frontend/src/app/(dashboard)/users/page.tsx,211,Preferred semantic design-system token,CODE_CONFIRMED
TOK-03129,semantic-token,text-fg,apps/frontend/src/app/(dashboard)/users/page.tsx,211,Preferred semantic design-system token,CODE_CONFIRMED
TOK-03130,semantic-token,border-border,apps/frontend/src/app/(dashboard)/users/page.tsx,211,Preferred semantic design-system token,CODE_CONFIRMED
TOK-03131,semantic-token,text-danger,apps/frontend/src/app/(dashboard)/users/page.tsx,212,Preferred semantic design-system token,CODE_CONFIRMED
TOK-03132,semantic-token,border-border,apps/frontend/src/app/(dashboard)/users/page.tsx,214,Preferred semantic design-system token,CODE_CONFIRMED
TOK-03133,semantic-token,text-fg,apps/frontend/src/app/(dashboard)/users/page.tsx,214,Preferred semantic design-system token,CODE_CONFIRMED
TOK-03134,semantic-token,bg-bg,apps/frontend/src/app/(dashboard)/users/page.tsx,214,Preferred semantic design-system token,CODE_CONFIRMED
TOK-03135,semantic-token,bg-brand-500,apps/frontend/src/app/(dashboard)/users/page.tsx,215,Preferred semantic design-system token,CODE_CONFIRMED
TOK-03136,semantic-token,text-bg,apps/frontend/src/app/(dashboard)/users/page.tsx,215,Preferred semantic design-system token,CODE_CONFIRMED
TOK-03137,semantic-token,bg-brand-400,apps/frontend/src/app/(dashboard)/users/page.tsx,215,Preferred semantic design-system token,CODE_CONFIRMED
TOK-03138,semantic-token,text-fg,apps/frontend/src/app/(dashboard)/users/page.tsx,227,Preferred semantic design-system token,CODE_CONFIRMED
TOK-03139,semantic-token,text-fg,apps/frontend/src/app/(dashboard)/users/page.tsx,236,Preferred semantic design-system token,CODE_CONFIRMED
TOK-03140,semantic-token,border-danger/20,apps/frontend/src/app/(dashboard)/users/page.tsx,237,Preferred semantic design-system token,CODE_CONFIRMED
TOK-03141,semantic-token,bg-danger/5,apps/frontend/src/app/(dashboard)/users/page.tsx,237,Preferred semantic design-system token,CODE_CONFIRMED
TOK-03142,semantic-token,text-danger,apps/frontend/src/app/(dashboard)/users/page.tsx,237,Preferred semantic design-system token,CODE_CONFIRMED
TOK-03143,semantic-token,text-fg,apps/frontend/src/app/(dashboard)/users/page.tsx,242,Preferred semantic design-system token,CODE_CONFIRMED
TOK-03144,semantic-token,bg-brand-500,apps/frontend/src/app/(dashboard)/users/page.tsx,242,Preferred semantic design-system token,CODE_CONFIRMED
TOK-03145,semantic-token,text-bg,apps/frontend/src/app/(dashboard)/users/page.tsx,242,Preferred semantic design-system token,CODE_CONFIRMED
TOK-03146,semantic-token,bg-brand-400,apps/frontend/src/app/(dashboard)/users/page.tsx,242,Preferred semantic design-system token,CODE_CONFIRMED
TOK-03147,semantic-token,border-border,apps/frontend/src/app/(dashboard)/users/page.tsx,244,Preferred semantic design-system token,CODE_CONFIRMED
TOK-03148,semantic-token,text-fg,apps/frontend/src/app/(dashboard)/users/page.tsx,244,Preferred semantic design-system token,CODE_CONFIRMED
TOK-03149,semantic-token,border-border,apps/frontend/src/app/(dashboard)/users/page.tsx,246,Preferred semantic design-system token,CODE_CONFIRMED
TOK-03150,semantic-token,bg-bg,apps/frontend/src/app/(dashboard)/users/page.tsx,246,Preferred semantic design-system token,CODE_CONFIRMED
TOK-03151,semantic-token,bg-bg/50,apps/frontend/src/app/(dashboard)/users/page.tsx,247,Preferred semantic design-system token,CODE_CONFIRMED
TOK-03152,semantic-token,bg-brand-500/10,apps/frontend/src/app/(dashboard)/users/page.tsx,248,Preferred semantic design-system token,CODE_CONFIRMED
TOK-03153,semantic-token,text-brand-500,apps/frontend/src/app/(dashboard)/users/page.tsx,248,Preferred semantic design-system token,CODE_CONFIRMED
TOK-03154,semantic-token,bg-bg,apps/frontend/src/app/(dashboard)/users/page.tsx,249,Preferred semantic design-system token,CODE_CONFIRMED
TOK-03155,semantic-token,text-fg,apps/frontend/src/app/(dashboard)/users/page.tsx,249,Preferred semantic design-system token,CODE_CONFIRMED
TOK-03156,semantic-token,text-fg,apps/frontend/src/app/(dashboard)/users/page.tsx,249,Preferred semantic design-system token,CODE_CONFIRMED
TOK-03157,semantic-token,text-fg,apps/frontend/src/app/(dashboard)/users/page.tsx,250,Preferred semantic design-system token,CODE_CONFIRMED
TOK-03158,semantic-token,text-danger,apps/frontend/src/app/(dashboard)/users/page.tsx,250,Preferred semantic design-system token,CODE_CONFIRMED
TOK-03159,semantic-token,bg-danger/10,apps/frontend/src/app/(dashboard)/users/page.tsx,250,Preferred semantic design-system token,CODE_CONFIRMED
TOK-03160,semantic-token,text-fg,apps/frontend/src/app/(dashboard)/users/page.tsx,251,Preferred semantic design-system token,CODE_CONFIRMED
TOK-03161,semantic-token,text-fg,apps/frontend/src/app/(dashboard)/users/page.tsx,251,Preferred semantic design-system token,CODE_CONFIRMED
TOK-03162,semantic-token,border-border,apps/frontend/src/app/(dashboard)/users/page.tsx,268,Preferred semantic design-system token,CODE_CONFIRMED
TOK-03163,semantic-token,text-fg,apps/frontend/src/app/(dashboard)/users/page.tsx,269,Preferred semantic design-system token,CODE_CONFIRMED
TOK-03164,semantic-token,text-fg,apps/frontend/src/app/(dashboard)/users/page.tsx,270,Preferred semantic design-system token,CODE_CONFIRMED
TOK-03165,semantic-token,text-brand-500,apps/frontend/src/app/(dashboard)/users/page.tsx,274,Preferred semantic design-system token,CODE_CONFIRMED
TOK-03166,semantic-token,text-brand-500,apps/frontend/src/app/(dashboard)/users/page.tsx,277,Preferred semantic design-system token,CODE_CONFIRMED
TOK-03167,semantic-token,bg-brand-500/10,apps/frontend/src/app/(dashboard)/users/page.tsx,277,Preferred semantic design-system token,CODE_CONFIRMED
TOK-03168,semantic-token,text-fg,apps/frontend/src/app/(dashboard)/users/page.tsx,277,Preferred semantic design-system token,CODE_CONFIRMED
TOK-03169,semantic-token,text-fg,apps/frontend/src/app/(dashboard)/users/page.tsx,277,Preferred semantic design-system token,CODE_CONFIRMED
TOK-03170,semantic-token,bg-bg,apps/frontend/src/app/(dashboard)/users/page.tsx,277,Preferred semantic design-system token,CODE_CONFIRMED
TOK-03171,semantic-token,border-brand-500/30,apps/frontend/src/app/(dashboard)/users/page.tsx,294,Preferred semantic design-system token,CODE_CONFIRMED
TOK-03172,semantic-token,bg-bg,apps/frontend/src/app/(dashboard)/users/page.tsx,294,Preferred semantic design-system token,CODE_CONFIRMED
TOK-03173,semantic-token,text-fg,apps/frontend/src/app/(dashboard)/users/page.tsx,295,Preferred semantic design-system token,CODE_CONFIRMED
TOK-03174,semantic-token,text-fg,apps/frontend/src/app/(dashboard)/users/page.tsx,295,Preferred semantic design-system token,CODE_CONFIRMED
TOK-03175,semantic-token,border-border,apps/frontend/src/app/(dashboard)/users/page.tsx,297,Preferred semantic design-system token,CODE_CONFIRMED
TOK-03176,semantic-token,bg-bg,apps/frontend/src/app/(dashboard)/users/page.tsx,297,Preferred semantic design-system token,CODE_CONFIRMED
TOK-03177,semantic-token,text-fg,apps/frontend/src/app/(dashboard)/users/page.tsx,297,Preferred semantic design-system token,CODE_CONFIRMED
TOK-03178,semantic-token,ring-brand-500/50,apps/frontend/src/app/(dashboard)/users/page.tsx,297,Preferred semantic design-system token,CODE_CONFIRMED
TOK-03179,semantic-token,border-border,apps/frontend/src/app/(dashboard)/users/page.tsx,298,Preferred semantic design-system token,CODE_CONFIRMED
TOK-03180,semantic-token,bg-bg,apps/frontend/src/app/(dashboard)/users/page.tsx,298,Preferred semantic design-system token,CODE_CONFIRMED
TOK-03181,semantic-token,text-fg,apps/frontend/src/app/(dashboard)/users/page.tsx,298,Preferred semantic design-system token,CODE_CONFIRMED
TOK-03182,semantic-token,ring-brand-500/50,apps/frontend/src/app/(dashboard)/users/page.tsx,298,Preferred semantic design-system token,CODE_CONFIRMED
TOK-03183,semantic-token,text-danger,apps/frontend/src/app/(dashboard)/users/page.tsx,299,Preferred semantic design-system token,CODE_CONFIRMED
TOK-03184,semantic-token,border-border,apps/frontend/src/app/(dashboard)/users/page.tsx,301,Preferred semantic design-system token,CODE_CONFIRMED
TOK-03185,semantic-token,text-fg,apps/frontend/src/app/(dashboard)/users/page.tsx,301,Preferred semantic design-system token,CODE_CONFIRMED
TOK-03186,semantic-token,bg-bg,apps/frontend/src/app/(dashboard)/users/page.tsx,301,Preferred semantic design-system token,CODE_CONFIRMED
TOK-03187,semantic-token,bg-brand-500,apps/frontend/src/app/(dashboard)/users/page.tsx,302,Preferred semantic design-system token,CODE_CONFIRMED
TOK-03188,semantic-token,text-bg,apps/frontend/src/app/(dashboard)/users/page.tsx,302,Preferred semantic design-system token,CODE_CONFIRMED
TOK-03189,semantic-token,bg-brand-400,apps/frontend/src/app/(dashboard)/users/page.tsx,302,Preferred semantic design-system token,CODE_CONFIRMED
TOK-03190,static-color,text-white,apps/frontend/src/app/(dashboard)/vault/page.tsx,109,Review light/dark contrast and accent bypass,REVIEW_REQUIRED
TOK-03191,static-color,bg-blue-500/10,apps/frontend/src/app/(dashboard)/vault/page.tsx,142,Review light/dark contrast and accent bypass,REVIEW_REQUIRED
TOK-03192,static-color,text-blue-500,apps/frontend/src/app/(dashboard)/vault/page.tsx,142,Review light/dark contrast and accent bypass,REVIEW_REQUIRED
TOK-03193,static-color,bg-green-500/10,apps/frontend/src/app/(dashboard)/vault/page.tsx,143,Review light/dark contrast and accent bypass,REVIEW_REQUIRED
TOK-03194,static-color,text-green-500,apps/frontend/src/app/(dashboard)/vault/page.tsx,143,Review light/dark contrast and accent bypass,REVIEW_REQUIRED
TOK-03195,static-color,bg-amber-500/10,apps/frontend/src/app/(dashboard)/vault/page.tsx,144,Review light/dark contrast and accent bypass,REVIEW_REQUIRED
TOK-03196,static-color,text-amber-500,apps/frontend/src/app/(dashboard)/vault/page.tsx,144,Review light/dark contrast and accent bypass,REVIEW_REQUIRED
TOK-03197,static-color,bg-blue-500/10,apps/frontend/src/app/(dashboard)/vault/page.tsx,225,Review light/dark contrast and accent bypass,REVIEW_REQUIRED
TOK-03198,static-color,text-blue-500,apps/frontend/src/app/(dashboard)/vault/page.tsx,225,Review light/dark contrast and accent bypass,REVIEW_REQUIRED
TOK-03199,static-color,bg-green-500/10,apps/frontend/src/app/(dashboard)/vault/page.tsx,226,Review light/dark contrast and accent bypass,REVIEW_REQUIRED
TOK-03200,static-color,text-green-500,apps/frontend/src/app/(dashboard)/vault/page.tsx,226,Review light/dark contrast and accent bypass,REVIEW_REQUIRED
TOK-03201,static-color,bg-amber-500/10,apps/frontend/src/app/(dashboard)/vault/page.tsx,227,Review light/dark contrast and accent bypass,REVIEW_REQUIRED
TOK-03202,static-color,text-amber-500,apps/frontend/src/app/(dashboard)/vault/page.tsx,227,Review light/dark contrast and accent bypass,REVIEW_REQUIRED
TOK-03203,static-color,text-green-500,apps/frontend/src/app/(dashboard)/vault/page.tsx,253,Review light/dark contrast and accent bypass,REVIEW_REQUIRED
TOK-03204,static-color,text-green-500,apps/frontend/src/app/(dashboard)/vault/page.tsx,277,Review light/dark contrast and accent bypass,REVIEW_REQUIRED
TOK-03205,static-color,text-green-500,apps/frontend/src/app/(dashboard)/vault/page.tsx,334,Review light/dark contrast and accent bypass,REVIEW_REQUIRED
TOK-03206,static-color,text-green-500,apps/frontend/src/app/(dashboard)/vault/page.tsx,356,Review light/dark contrast and accent bypass,REVIEW_REQUIRED
TOK-03207,static-color,bg-black/50,apps/frontend/src/app/(dashboard)/vault/page.tsx,393,Review light/dark contrast and accent bypass,REVIEW_REQUIRED
TOK-03208,static-color,text-white,apps/frontend/src/app/(dashboard)/vault/page.tsx,442,Review light/dark contrast and accent bypass,REVIEW_REQUIRED
TOK-03209,semantic-token,text-fg,apps/frontend/src/app/(dashboard)/vault/page.tsx,91,Preferred semantic design-system token,CODE_CONFIRMED
TOK-03210,semantic-token,bg-brand-500,apps/frontend/src/app/(dashboard)/vault/page.tsx,109,Preferred semantic design-system token,CODE_CONFIRMED
TOK-03211,semantic-token,bg-brand-600,apps/frontend/src/app/(dashboard)/vault/page.tsx,109,Preferred semantic design-system token,CODE_CONFIRMED
TOK-03212,semantic-token,text-fg,apps/frontend/src/app/(dashboard)/vault/page.tsx,120,Preferred semantic design-system token,CODE_CONFIRMED
TOK-03213,semantic-token,text-fg,apps/frontend/src/app/(dashboard)/vault/page.tsx,126,Preferred semantic design-system token,CODE_CONFIRMED
TOK-03214,semantic-token,text-brand-500,apps/frontend/src/app/(dashboard)/vault/page.tsx,130,Preferred semantic design-system token,CODE_CONFIRMED
TOK-03215,semantic-token,border-border,apps/frontend/src/app/(dashboard)/vault/page.tsx,137,Preferred semantic design-system token,CODE_CONFIRMED
TOK-03216,semantic-token,bg-bg,apps/frontend/src/app/(dashboard)/vault/page.tsx,137,Preferred semantic design-system token,CODE_CONFIRMED
TOK-03217,semantic-token,border-brand-500/50,apps/frontend/src/app/(dashboard)/vault/page.tsx,137,Preferred semantic design-system token,CODE_CONFIRMED
TOK-03218,semantic-token,bg-brand-500/10,apps/frontend/src/app/(dashboard)/vault/page.tsx,146,Preferred semantic design-system token,CODE_CONFIRMED
TOK-03219,semantic-token,text-brand-500,apps/frontend/src/app/(dashboard)/vault/page.tsx,146,Preferred semantic design-system token,CODE_CONFIRMED
TOK-03220,semantic-token,text-fg,apps/frontend/src/app/(dashboard)/vault/page.tsx,152,Preferred semantic design-system token,CODE_CONFIRMED
TOK-03221,semantic-token,text-fg,apps/frontend/src/app/(dashboard)/vault/page.tsx,158,Preferred semantic design-system token,CODE_CONFIRMED
TOK-03222,semantic-token,text-fg,apps/frontend/src/app/(dashboard)/vault/page.tsx,218,Preferred semantic design-system token,CODE_CONFIRMED
TOK-03223,semantic-token,text-fg,apps/frontend/src/app/(dashboard)/vault/page.tsx,218,Preferred semantic design-system token,CODE_CONFIRMED
TOK-03224,semantic-token,border-border,apps/frontend/src/app/(dashboard)/vault/page.tsx,221,Preferred semantic design-system token,CODE_CONFIRMED
TOK-03225,semantic-token,bg-bg,apps/frontend/src/app/(dashboard)/vault/page.tsx,221,Preferred semantic design-system token,CODE_CONFIRMED
TOK-03226,semantic-token,bg-brand-500/10,apps/frontend/src/app/(dashboard)/vault/page.tsx,229,Preferred semantic design-system token,CODE_CONFIRMED
TOK-03227,semantic-token,text-brand-500,apps/frontend/src/app/(dashboard)/vault/page.tsx,229,Preferred semantic design-system token,CODE_CONFIRMED
TOK-03228,semantic-token,text-fg,apps/frontend/src/app/(dashboard)/vault/page.tsx,235,Preferred semantic design-system token,CODE_CONFIRMED
TOK-03229,semantic-token,text-fg,apps/frontend/src/app/(dashboard)/vault/page.tsx,238,Preferred semantic design-system token,CODE_CONFIRMED
TOK-03230,semantic-token,text-danger,apps/frontend/src/app/(dashboard)/vault/page.tsx,238,Preferred semantic design-system token,CODE_CONFIRMED
TOK-03231,semantic-token,bg-danger/10,apps/frontend/src/app/(dashboard)/vault/page.tsx,238,Preferred semantic design-system token,CODE_CONFIRMED
TOK-03232,semantic-token,border-border,apps/frontend/src/app/(dashboard)/vault/page.tsx,244,Preferred semantic design-system token,CODE_CONFIRMED
TOK-03233,semantic-token,text-fg,apps/frontend/src/app/(dashboard)/vault/page.tsx,246,Preferred semantic design-system token,CODE_CONFIRMED
TOK-03234,semantic-token,text-fg,apps/frontend/src/app/(dashboard)/vault/page.tsx,250,Preferred semantic design-system token,CODE_CONFIRMED
TOK-03235,semantic-token,text-brand-500,apps/frontend/src/app/(dashboard)/vault/page.tsx,250,Preferred semantic design-system token,CODE_CONFIRMED
TOK-03236,semantic-token,border-border,apps/frontend/src/app/(dashboard)/vault/page.tsx,259,Preferred semantic design-system token,CODE_CONFIRMED
TOK-03237,semantic-token,text-fg,apps/frontend/src/app/(dashboard)/vault/page.tsx,261,Preferred semantic design-system token,CODE_CONFIRMED
TOK-03238,semantic-token,text-fg,apps/frontend/src/app/(dashboard)/vault/page.tsx,268,Preferred semantic design-system token,CODE_CONFIRMED
TOK-03239,semantic-token,text-brand-500,apps/frontend/src/app/(dashboard)/vault/page.tsx,268,Preferred semantic design-system token,CODE_CONFIRMED
TOK-03240,semantic-token,text-fg,apps/frontend/src/app/(dashboard)/vault/page.tsx,274,Preferred semantic design-system token,CODE_CONFIRMED
TOK-03241,semantic-token,text-brand-500,apps/frontend/src/app/(dashboard)/vault/page.tsx,274,Preferred semantic design-system token,CODE_CONFIRMED
TOK-03242,semantic-token,text-fg,apps/frontend/src/app/(dashboard)/vault/page.tsx,285,Preferred semantic design-system token,CODE_CONFIRMED
TOK-03243,semantic-token,text-brand-500,apps/frontend/src/app/(dashboard)/vault/page.tsx,287,Preferred semantic design-system token,CODE_CONFIRMED
TOK-03244,semantic-token,text-fg,apps/frontend/src/app/(dashboard)/vault/page.tsx,294,Preferred semantic design-system token,CODE_CONFIRMED
TOK-03245,semantic-token,border-border,apps/frontend/src/app/(dashboard)/vault/page.tsx,295,Preferred semantic design-system token,CODE_CONFIRMED
TOK-03246,semantic-token,bg-bg,apps/frontend/src/app/(dashboard)/vault/page.tsx,295,Preferred semantic design-system token,CODE_CONFIRMED
TOK-03247,semantic-token,text-fg,apps/frontend/src/app/(dashboard)/vault/page.tsx,303,Preferred semantic design-system token,CODE_CONFIRMED
TOK-03248,semantic-token,text-fg,apps/frontend/src/app/(dashboard)/vault/page.tsx,309,Preferred semantic design-system token,CODE_CONFIRMED
TOK-03249,semantic-token,border-border,apps/frontend/src/app/(dashboard)/vault/page.tsx,319,Preferred semantic design-system token,CODE_CONFIRMED
TOK-03250,semantic-token,bg-bg,apps/frontend/src/app/(dashboard)/vault/page.tsx,319,Preferred semantic design-system token,CODE_CONFIRMED
TOK-03251,semantic-token,text-brand-500,apps/frontend/src/app/(dashboard)/vault/page.tsx,321,Preferred semantic design-system token,CODE_CONFIRMED
TOK-03252,semantic-token,border-border,apps/frontend/src/app/(dashboard)/vault/page.tsx,326,Preferred semantic design-system token,CODE_CONFIRMED
TOK-03253,semantic-token,text-fg,apps/frontend/src/app/(dashboard)/vault/page.tsx,328,Preferred semantic design-system token,CODE_CONFIRMED
TOK-03254,semantic-token,text-fg,apps/frontend/src/app/(dashboard)/vault/page.tsx,332,Preferred semantic design-system token,CODE_CONFIRMED
TOK-03255,semantic-token,text-brand-500,apps/frontend/src/app/(dashboard)/vault/page.tsx,332,Preferred semantic design-system token,CODE_CONFIRMED
TOK-03256,semantic-token,border-border,apps/frontend/src/app/(dashboard)/vault/page.tsx,338,Preferred semantic design-system token,CODE_CONFIRMED
TOK-03257,semantic-token,text-brand-500,apps/frontend/src/app/(dashboard)/vault/page.tsx,340,Preferred semantic design-system token,CODE_CONFIRMED
TOK-03258,semantic-token,text-fg,apps/frontend/src/app/(dashboard)/vault/page.tsx,342,Preferred semantic design-system token,CODE_CONFIRMED
TOK-03259,semantic-token,text-brand-500,apps/frontend/src/app/(dashboard)/vault/page.tsx,345,Preferred semantic design-system token,CODE_CONFIRMED
TOK-03260,semantic-token,text-fg,apps/frontend/src/app/(dashboard)/vault/page.tsx,345,Preferred semantic design-system token,CODE_CONFIRMED
TOK-03261,semantic-token,text-fg,apps/frontend/src/app/(dashboard)/vault/page.tsx,353,Preferred semantic design-system token,CODE_CONFIRMED
TOK-03262,semantic-token,text-brand-500,apps/frontend/src/app/(dashboard)/vault/page.tsx,353,Preferred semantic design-system token,CODE_CONFIRMED
TOK-03263,semantic-token,text-fg,apps/frontend/src/app/(dashboard)/vault/page.tsx,359,Preferred semantic design-system token,CODE_CONFIRMED
TOK-03264,semantic-token,text-brand-500,apps/frontend/src/app/(dashboard)/vault/page.tsx,359,Preferred semantic design-system token,CODE_CONFIRMED
TOK-03265,semantic-token,border-border,apps/frontend/src/app/(dashboard)/vault/page.tsx,394,Preferred semantic design-system token,CODE_CONFIRMED
TOK-03266,semantic-token,bg-bg,apps/frontend/src/app/(dashboard)/vault/page.tsx,394,Preferred semantic design-system token,CODE_CONFIRMED
TOK-03267,semantic-token,border-border,apps/frontend/src/app/(dashboard)/vault/page.tsx,398,Preferred semantic design-system token,CODE_CONFIRMED
TOK-03268,semantic-token,bg-bg,apps/frontend/src/app/(dashboard)/vault/page.tsx,398,Preferred semantic design-system token,CODE_CONFIRMED
TOK-03269,semantic-token,ring-brand-500,apps/frontend/src/app/(dashboard)/vault/page.tsx,398,Preferred semantic design-system token,CODE_CONFIRMED
TOK-03270,semantic-token,border-border,apps/frontend/src/app/(dashboard)/vault/page.tsx,401,Preferred semantic design-system token,CODE_CONFIRMED
TOK-03271,semantic-token,bg-bg,apps/frontend/src/app/(dashboard)/vault/page.tsx,401,Preferred semantic design-system token,CODE_CONFIRMED
TOK-03272,semantic-token,ring-brand-500,apps/frontend/src/app/(dashboard)/vault/page.tsx,401,Preferred semantic design-system token,CODE_CONFIRMED
TOK-03273,semantic-token,border-border,apps/frontend/src/app/(dashboard)/vault/page.tsx,408,Preferred semantic design-system token,CODE_CONFIRMED
TOK-03274,semantic-token,bg-bg,apps/frontend/src/app/(dashboard)/vault/page.tsx,408,Preferred semantic design-system token,CODE_CONFIRMED
TOK-03275,semantic-token,ring-brand-500,apps/frontend/src/app/(dashboard)/vault/page.tsx,408,Preferred semantic design-system token,CODE_CONFIRMED
TOK-03276,semantic-token,border-border,apps/frontend/src/app/(dashboard)/vault/page.tsx,410,Preferred semantic design-system token,CODE_CONFIRMED
TOK-03277,semantic-token,bg-bg,apps/frontend/src/app/(dashboard)/vault/page.tsx,410,Preferred semantic design-system token,CODE_CONFIRMED
TOK-03278,semantic-token,ring-brand-500,apps/frontend/src/app/(dashboard)/vault/page.tsx,410,Preferred semantic design-system token,CODE_CONFIRMED
TOK-03279,semantic-token,border-border,apps/frontend/src/app/(dashboard)/vault/page.tsx,412,Preferred semantic design-system token,CODE_CONFIRMED
TOK-03280,semantic-token,bg-bg,apps/frontend/src/app/(dashboard)/vault/page.tsx,412,Preferred semantic design-system token,CODE_CONFIRMED
TOK-03281,semantic-token,ring-brand-500,apps/frontend/src/app/(dashboard)/vault/page.tsx,412,Preferred semantic design-system token,CODE_CONFIRMED
TOK-03282,semantic-token,border-border,apps/frontend/src/app/(dashboard)/vault/page.tsx,414,Preferred semantic design-system token,CODE_CONFIRMED
TOK-03283,semantic-token,bg-bg,apps/frontend/src/app/(dashboard)/vault/page.tsx,414,Preferred semantic design-system token,CODE_CONFIRMED
TOK-03284,semantic-token,ring-brand-500,apps/frontend/src/app/(dashboard)/vault/page.tsx,414,Preferred semantic design-system token,CODE_CONFIRMED
TOK-03285,semantic-token,border-border,apps/frontend/src/app/(dashboard)/vault/page.tsx,421,Preferred semantic design-system token,CODE_CONFIRMED
TOK-03286,semantic-token,bg-bg,apps/frontend/src/app/(dashboard)/vault/page.tsx,421,Preferred semantic design-system token,CODE_CONFIRMED
TOK-03287,semantic-token,ring-brand-500,apps/frontend/src/app/(dashboard)/vault/page.tsx,421,Preferred semantic design-system token,CODE_CONFIRMED
TOK-03288,semantic-token,border-border,apps/frontend/src/app/(dashboard)/vault/page.tsx,423,Preferred semantic design-system token,CODE_CONFIRMED
TOK-03289,semantic-token,bg-bg,apps/frontend/src/app/(dashboard)/vault/page.tsx,423,Preferred semantic design-system token,CODE_CONFIRMED
TOK-03290,semantic-token,ring-brand-500,apps/frontend/src/app/(dashboard)/vault/page.tsx,423,Preferred semantic design-system token,CODE_CONFIRMED
TOK-03291,semantic-token,border-border,apps/frontend/src/app/(dashboard)/vault/page.tsx,429,Preferred semantic design-system token,CODE_CONFIRMED
TOK-03292,semantic-token,bg-bg,apps/frontend/src/app/(dashboard)/vault/page.tsx,429,Preferred semantic design-system token,CODE_CONFIRMED
TOK-03293,semantic-token,ring-brand-500,apps/frontend/src/app/(dashboard)/vault/page.tsx,429,Preferred semantic design-system token,CODE_CONFIRMED
TOK-03294,semantic-token,border-border,apps/frontend/src/app/(dashboard)/vault/page.tsx,434,Preferred semantic design-system token,CODE_CONFIRMED
TOK-03295,semantic-token,bg-bg,apps/frontend/src/app/(dashboard)/vault/page.tsx,434,Preferred semantic design-system token,CODE_CONFIRMED
TOK-03296,semantic-token,ring-brand-500,apps/frontend/src/app/(dashboard)/vault/page.tsx,434,Preferred semantic design-system token,CODE_CONFIRMED
TOK-03297,semantic-token,border-border,apps/frontend/src/app/(dashboard)/vault/page.tsx,439,Preferred semantic design-system token,CODE_CONFIRMED
TOK-03298,semantic-token,bg-bg,apps/frontend/src/app/(dashboard)/vault/page.tsx,439,Preferred semantic design-system token,CODE_CONFIRMED
TOK-03299,semantic-token,bg-brand-500,apps/frontend/src/app/(dashboard)/vault/page.tsx,442,Preferred semantic design-system token,CODE_CONFIRMED
TOK-03300,semantic-token,bg-brand-600,apps/frontend/src/app/(dashboard)/vault/page.tsx,442,Preferred semantic design-system token,CODE_CONFIRMED
TOK-03301,semantic-token,bg-brand-500/10,apps/frontend/src/app/login/page.tsx,82,Preferred semantic design-system token,CODE_CONFIRMED
TOK-03302,semantic-token,text-brand-500,apps/frontend/src/app/login/page.tsx,83,Preferred semantic design-system token,CODE_CONFIRMED
TOK-03303,semantic-token,text-fg,apps/frontend/src/app/login/page.tsx,86,Preferred semantic design-system token,CODE_CONFIRMED
TOK-03304,semantic-token,border-border,apps/frontend/src/app/login/page.tsx,95,Preferred semantic design-system token,CODE_CONFIRMED
TOK-03305,semantic-token,bg-bg,apps/frontend/src/app/login/page.tsx,95,Preferred semantic design-system token,CODE_CONFIRMED
TOK-03306,semantic-token,border-border,apps/frontend/src/app/login/page.tsx,106,Preferred semantic design-system token,CODE_CONFIRMED
TOK-03307,semantic-token,bg-bg,apps/frontend/src/app/login/page.tsx,106,Preferred semantic design-system token,CODE_CONFIRMED
TOK-03308,semantic-token,border-brand-500,apps/frontend/src/app/login/page.tsx,106,Preferred semantic design-system token,CODE_CONFIRMED
TOK-03309,semantic-token,border-border,apps/frontend/src/app/login/page.tsx,120,Preferred semantic design-system token,CODE_CONFIRMED
TOK-03310,semantic-token,bg-bg,apps/frontend/src/app/login/page.tsx,120,Preferred semantic design-system token,CODE_CONFIRMED
TOK-03311,semantic-token,border-brand-500,apps/frontend/src/app/login/page.tsx,120,Preferred semantic design-system token,CODE_CONFIRMED
TOK-03312,semantic-token,border-danger/20,apps/frontend/src/app/login/page.tsx,125,Preferred semantic design-system token,CODE_CONFIRMED
TOK-03313,semantic-token,bg-danger/10,apps/frontend/src/app/login/page.tsx,125,Preferred semantic design-system token,CODE_CONFIRMED
TOK-03314,semantic-token,text-danger,apps/frontend/src/app/login/page.tsx,125,Preferred semantic design-system token,CODE_CONFIRMED
TOK-03315,semantic-token,bg-brand-500,apps/frontend/src/app/login/page.tsx,133,Preferred semantic design-system token,CODE_CONFIRMED
TOK-03316,semantic-token,text-bg,apps/frontend/src/app/login/page.tsx,133,Preferred semantic design-system token,CODE_CONFIRMED
TOK-03317,semantic-token,bg-brand-400,apps/frontend/src/app/login/page.tsx,133,Preferred semantic design-system token,CODE_CONFIRMED
TOK-03318,semantic-token,text-fg,apps/frontend/src/app/login/page.tsx,139,Preferred semantic design-system token,CODE_CONFIRMED
TOK-03319,semantic-token,text-brand-500,apps/frontend/src/app/login/page.tsx,140,Preferred semantic design-system token,CODE_CONFIRMED
TOK-03320,semantic-token,text-brand-500,apps/frontend/src/app/login/page.tsx,140,Preferred semantic design-system token,CODE_CONFIRMED
TOK-03321,semantic-token,text-brand-500,apps/frontend/src/app/page.tsx,8,Preferred semantic design-system token,CODE_CONFIRMED
TOK-03322,semantic-token,text-fg,apps/frontend/src/app/page.tsx,10,Preferred semantic design-system token,CODE_CONFIRMED
TOK-03323,semantic-token,text-fg,apps/frontend/src/app/page.tsx,13,Preferred semantic design-system token,CODE_CONFIRMED
TOK-03324,semantic-token,bg-brand-500,apps/frontend/src/app/page.tsx,19,Preferred semantic design-system token,CODE_CONFIRMED
TOK-03325,semantic-token,text-bg,apps/frontend/src/app/page.tsx,19,Preferred semantic design-system token,CODE_CONFIRMED
TOK-03326,semantic-token,bg-brand-400,apps/frontend/src/app/page.tsx,19,Preferred semantic design-system token,CODE_CONFIRMED
TOK-03327,semantic-token,border-border,apps/frontend/src/app/page.tsx,27,Preferred semantic design-system token,CODE_CONFIRMED
TOK-03328,semantic-token,text-fg,apps/frontend/src/app/page.tsx,27,Preferred semantic design-system token,CODE_CONFIRMED
TOK-03329,semantic-token,bg-bg,apps/frontend/src/app/page.tsx,27,Preferred semantic design-system token,CODE_CONFIRMED
TOK-03330,semantic-token,border-border,apps/frontend/src/components/calendar/AgendaView.tsx,33,Preferred semantic design-system token,CODE_CONFIRMED
TOK-03331,semantic-token,bg-bg,apps/frontend/src/components/calendar/AgendaView.tsx,33,Preferred semantic design-system token,CODE_CONFIRMED
TOK-03332,semantic-token,text-fg,apps/frontend/src/components/calendar/AgendaView.tsx,34,Preferred semantic design-system token,CODE_CONFIRMED
TOK-03333,semantic-token,text-bg,apps/frontend/src/components/calendar/AgendaView.tsx,35,Preferred semantic design-system token,CODE_CONFIRMED
TOK-03334,semantic-token,border-border,apps/frontend/src/components/calendar/AgendaView.tsx,65,Preferred semantic design-system token,CODE_CONFIRMED
TOK-03335,semantic-token,bg-bg,apps/frontend/src/components/calendar/AgendaView.tsx,65,Preferred semantic design-system token,CODE_CONFIRMED
TOK-03336,semantic-token,bg-bg,apps/frontend/src/components/calendar/AgendaView.tsx,65,Preferred semantic design-system token,CODE_CONFIRMED
TOK-03337,semantic-token,text-fg,apps/frontend/src/components/calendar/AgendaView.tsx,70,Preferred semantic design-system token,CODE_CONFIRMED
TOK-03338,static-color,bg-black/50,apps/frontend/src/components/calendar/CalendarSettingsPanel.tsx,56,Review light/dark contrast and accent bypass,REVIEW_REQUIRED
TOK-03339,static-color,text-white,apps/frontend/src/components/calendar/CalendarSettingsPanel.tsx,125,Review light/dark contrast and accent bypass,REVIEW_REQUIRED
TOK-03340,semantic-token,bg-bg,apps/frontend/src/components/calendar/CalendarSettingsPanel.tsx,58,Preferred semantic design-system token,CODE_CONFIRMED
TOK-03341,semantic-token,border-border,apps/frontend/src/components/calendar/CalendarSettingsPanel.tsx,58,Preferred semantic design-system token,CODE_CONFIRMED
TOK-03342,semantic-token,text-fg,apps/frontend/src/components/calendar/CalendarSettingsPanel.tsx,63,Preferred semantic design-system token,CODE_CONFIRMED
TOK-03343,semantic-token,text-fg,apps/frontend/src/components/calendar/CalendarSettingsPanel.tsx,63,Preferred semantic design-system token,CODE_CONFIRMED
TOK-03344,semantic-token,text-fg,apps/frontend/src/components/calendar/CalendarSettingsPanel.tsx,73,Preferred semantic design-system token,CODE_CONFIRMED
TOK-03345,semantic-token,text-bg,apps/frontend/src/components/calendar/CalendarSettingsPanel.tsx,80,Preferred semantic design-system token,CODE_CONFIRMED
TOK-03346,semantic-token,border-border,apps/frontend/src/components/calendar/CalendarSettingsPanel.tsx,80,Preferred semantic design-system token,CODE_CONFIRMED
TOK-03347,semantic-token,bg-bg,apps/frontend/src/components/calendar/CalendarSettingsPanel.tsx,80,Preferred semantic design-system token,CODE_CONFIRMED
TOK-03348,semantic-token,border-border,apps/frontend/src/components/calendar/CalendarSettingsPanel.tsx,113,Preferred semantic design-system token,CODE_CONFIRMED
TOK-03349,semantic-token,text-fg,apps/frontend/src/components/calendar/CalendarSettingsPanel.tsx,115,Preferred semantic design-system token,CODE_CONFIRMED
TOK-03350,semantic-token,border-fg,apps/frontend/src/components/calendar/CalendarSettingsPanel.tsx,121,Preferred semantic design-system token,CODE_CONFIRMED
TOK-03351,semantic-token,border-fg,apps/frontend/src/components/calendar/CalendarSettingsPanel.tsx,132,Preferred semantic design-system token,CODE_CONFIRMED
TOK-03352,semantic-token,border-border,apps/frontend/src/components/calendar/CalendarSettingsPanel.tsx,142,Preferred semantic design-system token,CODE_CONFIRMED
TOK-03353,semantic-token,border-border,apps/frontend/src/components/calendar/CalendarSettingsPanel.tsx,150,Preferred semantic design-system token,CODE_CONFIRMED
TOK-03354,semantic-token,text-fg,apps/frontend/src/components/calendar/CalendarSettingsPanel.tsx,158,Preferred semantic design-system token,CODE_CONFIRMED
TOK-03355,semantic-token,text-fg,apps/frontend/src/components/calendar/CalendarSettingsPanel.tsx,166,Preferred semantic design-system token,CODE_CONFIRMED
TOK-03356,semantic-token,text-fg,apps/frontend/src/components/calendar/CalendarSettingsPanel.tsx,180,Preferred semantic design-system token,CODE_CONFIRMED
TOK-03357,semantic-token,border-border,apps/frontend/src/components/calendar/CalendarSettingsPanel.tsx,194,Preferred semantic design-system token,CODE_CONFIRMED
TOK-03358,semantic-token,text-fg,apps/frontend/src/components/calendar/CalendarSettingsPanel.tsx,242,Preferred semantic design-system token,CODE_CONFIRMED
TOK-03359,semantic-token,text-fg,apps/frontend/src/components/calendar/CalendarSettingsPanel.tsx,248,Preferred semantic design-system token,CODE_CONFIRMED
TOK-03360,semantic-token,bg-success,apps/frontend/src/components/calendar/CalendarSettingsPanel.tsx,258,Preferred semantic design-system token,CODE_CONFIRMED
TOK-03361,semantic-token,text-fg,apps/frontend/src/components/calendar/CalendarSettingsPanel.tsx,262,Preferred semantic design-system token,CODE_CONFIRMED
TOK-03362,semantic-token,border-border,apps/frontend/src/components/calendar/CalendarSettingsPanel.tsx,267,Preferred semantic design-system token,CODE_CONFIRMED
TOK-03363,semantic-token,bg-bg,apps/frontend/src/components/calendar/CalendarSettingsPanel.tsx,267,Preferred semantic design-system token,CODE_CONFIRMED
TOK-03364,semantic-token,border-border,apps/frontend/src/components/calendar/CalendarSettingsPanel.tsx,272,Preferred semantic design-system token,CODE_CONFIRMED
TOK-03365,semantic-token,text-fg,apps/frontend/src/components/calendar/CalendarSettingsPanel.tsx,275,Preferred semantic design-system token,CODE_CONFIRMED
TOK-03366,semantic-token,text-fg,apps/frontend/src/components/calendar/CalendarSettingsPanel.tsx,277,Preferred semantic design-system token,CODE_CONFIRMED
TOK-03367,semantic-token,text-fg,apps/frontend/src/components/calendar/CalendarToolbar.tsx,67,Preferred semantic design-system token,CODE_CONFIRMED
TOK-03368,semantic-token,border-border,apps/frontend/src/components/calendar/CalendarToolbar.tsx,70,Preferred semantic design-system token,CODE_CONFIRMED
TOK-03369,semantic-token,bg-bg,apps/frontend/src/components/calendar/CalendarToolbar.tsx,70,Preferred semantic design-system token,CODE_CONFIRMED
TOK-03370,semantic-token,text-bg,apps/frontend/src/components/calendar/CalendarToolbar.tsx,77,Preferred semantic design-system token,CODE_CONFIRMED
TOK-03371,semantic-token,text-fg,apps/frontend/src/components/calendar/CalendarToolbar.tsx,77,Preferred semantic design-system token,CODE_CONFIRMED
TOK-03372,semantic-token,text-fg,apps/frontend/src/components/calendar/CalendarToolbar.tsx,77,Preferred semantic design-system token,CODE_CONFIRMED
TOK-03373,semantic-token,border-border,apps/frontend/src/components/calendar/CalendarToolbar.tsx,86,Preferred semantic design-system token,CODE_CONFIRMED
TOK-03374,semantic-token,bg-bg,apps/frontend/src/components/calendar/CalendarToolbar.tsx,86,Preferred semantic design-system token,CODE_CONFIRMED
TOK-03375,semantic-token,text-bg,apps/frontend/src/components/calendar/CalendarToolbar.tsx,92,Preferred semantic design-system token,CODE_CONFIRMED
TOK-03376,semantic-token,bg-bg,apps/frontend/src/components/calendar/CalendarToolbar.tsx,105,Preferred semantic design-system token,CODE_CONFIRMED
TOK-03377,semantic-token,bg-bg,apps/frontend/src/components/calendar/CalendarToolbar.tsx,112,Preferred semantic design-system token,CODE_CONFIRMED
TOK-03378,semantic-token,bg-bg,apps/frontend/src/components/calendar/CalendarToolbar.tsx,120,Preferred semantic design-system token,CODE_CONFIRMED
TOK-03379,semantic-token,border-border,apps/frontend/src/components/calendar/CalendarToolbar.tsx,136,Preferred semantic design-system token,CODE_CONFIRMED
TOK-03380,semantic-token,bg-bg,apps/frontend/src/components/calendar/CalendarToolbar.tsx,136,Preferred semantic design-system token,CODE_CONFIRMED
TOK-03381,semantic-token,border-border,apps/frontend/src/components/calendar/CalendarToolbar.tsx,146,Preferred semantic design-system token,CODE_CONFIRMED
TOK-03382,semantic-token,bg-bg,apps/frontend/src/components/calendar/CalendarToolbar.tsx,146,Preferred semantic design-system token,CODE_CONFIRMED
TOK-03383,semantic-token,border-border,apps/frontend/src/components/calendar/DayView.tsx,78,Preferred semantic design-system token,CODE_CONFIRMED
TOK-03384,semantic-token,bg-bg,apps/frontend/src/components/calendar/DayView.tsx,78,Preferred semantic design-system token,CODE_CONFIRMED
TOK-03385,semantic-token,border-border,apps/frontend/src/components/calendar/DayView.tsx,83,Preferred semantic design-system token,CODE_CONFIRMED
TOK-03386,semantic-token,border-border/60,apps/frontend/src/components/calendar/DayView.tsx,129,Preferred semantic design-system token,CODE_CONFIRMED
TOK-03387,semantic-token,text-fg,apps/frontend/src/components/calendar/DayView.tsx,130,Preferred semantic design-system token,CODE_CONFIRMED
TOK-03388,semantic-token,border-border,apps/frontend/src/components/calendar/DayView.tsx,148,Preferred semantic design-system token,CODE_CONFIRMED
TOK-03389,semantic-token,bg-bg,apps/frontend/src/components/calendar/DayView.tsx,148,Preferred semantic design-system token,CODE_CONFIRMED
TOK-03390,semantic-token,text-fg,apps/frontend/src/components/calendar/DayView.tsx,152,Preferred semantic design-system token,CODE_CONFIRMED
TOK-03391,semantic-token,text-bg,apps/frontend/src/components/calendar/DayView.tsx,153,Preferred semantic design-system token,CODE_CONFIRMED
TOK-03392,semantic-token,border-border,apps/frontend/src/components/calendar/DayView.tsx,165,Preferred semantic design-system token,CODE_CONFIRMED
TOK-03393,semantic-token,bg-bg,apps/frontend/src/components/calendar/DayView.tsx,165,Preferred semantic design-system token,CODE_CONFIRMED
TOK-03394,semantic-token,bg-bg,apps/frontend/src/components/calendar/DayView.tsx,165,Preferred semantic design-system token,CODE_CONFIRMED
TOK-03395,semantic-token,text-fg,apps/frontend/src/components/calendar/DayView.tsx,170,Preferred semantic design-system token,CODE_CONFIRMED
TOK-03396,static-color,bg-black/50,apps/frontend/src/components/calendar/EventDetailModal.tsx,25,Review light/dark contrast and accent bypass,REVIEW_REQUIRED
TOK-03397,semantic-token,bg-bg,apps/frontend/src/components/calendar/EventDetailModal.tsx,27,Preferred semantic design-system token,CODE_CONFIRMED
TOK-03398,semantic-token,border-border,apps/frontend/src/components/calendar/EventDetailModal.tsx,27,Preferred semantic design-system token,CODE_CONFIRMED
TOK-03399,semantic-token,text-fg,apps/frontend/src/components/calendar/EventDetailModal.tsx,35,Preferred semantic design-system token,CODE_CONFIRMED
TOK-03400,semantic-token,text-fg,apps/frontend/src/components/calendar/EventDetailModal.tsx,35,Preferred semantic design-system token,CODE_CONFIRMED
TOK-03401,semantic-token,text-fg,apps/frontend/src/components/calendar/EventDetailModal.tsx,47,Preferred semantic design-system token,CODE_CONFIRMED
TOK-03402,semantic-token,border-border,apps/frontend/src/components/calendar/EventDetailModal.tsx,50,Preferred semantic design-system token,CODE_CONFIRMED
TOK-03403,semantic-token,text-fg,apps/frontend/src/components/calendar/EventDetailModal.tsx,50,Preferred semantic design-system token,CODE_CONFIRMED
TOK-03404,semantic-token,text-fg,apps/frontend/src/components/calendar/EventDetailModal.tsx,55,Preferred semantic design-system token,CODE_CONFIRMED
TOK-03405,semantic-token,border-border,apps/frontend/src/components/calendar/EventDetailModal.tsx,64,Preferred semantic design-system token,CODE_CONFIRMED
TOK-03406,semantic-token,bg-bg,apps/frontend/src/components/calendar/EventDetailModal.tsx,64,Preferred semantic design-system token,CODE_CONFIRMED
TOK-03407,semantic-token,border-danger/30,apps/frontend/src/components/calendar/EventDetailModal.tsx,70,Preferred semantic design-system token,CODE_CONFIRMED
TOK-03408,semantic-token,text-danger,apps/frontend/src/components/calendar/EventDetailModal.tsx,70,Preferred semantic design-system token,CODE_CONFIRMED
TOK-03409,semantic-token,bg-danger/10,apps/frontend/src/components/calendar/EventDetailModal.tsx,70,Preferred semantic design-system token,CODE_CONFIRMED
TOK-03410,static-color,bg-black/50,apps/frontend/src/components/calendar/EventDialog.tsx,161,Review light/dark contrast and accent bypass,REVIEW_REQUIRED
TOK-03411,semantic-token,bg-bg,apps/frontend/src/components/calendar/EventDialog.tsx,163,Preferred semantic design-system token,CODE_CONFIRMED
TOK-03412,semantic-token,border-border,apps/frontend/src/components/calendar/EventDialog.tsx,163,Preferred semantic design-system token,CODE_CONFIRMED
TOK-03413,semantic-token,text-fg,apps/frontend/src/components/calendar/EventDialog.tsx,168,Preferred semantic design-system token,CODE_CONFIRMED
TOK-03414,semantic-token,text-fg,apps/frontend/src/components/calendar/EventDialog.tsx,168,Preferred semantic design-system token,CODE_CONFIRMED
TOK-03415,semantic-token,border-info/30,apps/frontend/src/components/calendar/EventDialog.tsx,174,Preferred semantic design-system token,CODE_CONFIRMED
TOK-03416,semantic-token,bg-info/10,apps/frontend/src/components/calendar/EventDialog.tsx,174,Preferred semantic design-system token,CODE_CONFIRMED
TOK-03417,semantic-token,text-info,apps/frontend/src/components/calendar/EventDialog.tsx,174,Preferred semantic design-system token,CODE_CONFIRMED
TOK-03418,semantic-token,text-fg,apps/frontend/src/components/calendar/EventDialog.tsx,182,Preferred semantic design-system token,CODE_CONFIRMED
TOK-03419,semantic-token,text-fg,apps/frontend/src/components/calendar/EventDialog.tsx,192,Preferred semantic design-system token,CODE_CONFIRMED
TOK-03420,semantic-token,text-fg,apps/frontend/src/components/calendar/EventDialog.tsx,222,Preferred semantic design-system token,CODE_CONFIRMED
TOK-03421,semantic-token,text-fg,apps/frontend/src/components/calendar/EventDialog.tsx,231,Preferred semantic design-system token,CODE_CONFIRMED
TOK-03422,semantic-token,text-fg,apps/frontend/src/components/calendar/EventDialog.tsx,242,Preferred semantic design-system token,CODE_CONFIRMED
TOK-03423,semantic-token,text-fg,apps/frontend/src/components/calendar/EventDialog.tsx,252,Preferred semantic design-system token,CODE_CONFIRMED
TOK-03424,semantic-token,text-fg,apps/frontend/src/components/calendar/EventDialog.tsx,263,Preferred semantic design-system token,CODE_CONFIRMED
TOK-03425,semantic-token,text-fg,apps/frontend/src/components/calendar/EventDialog.tsx,278,Preferred semantic design-system token,CODE_CONFIRMED
TOK-03426,semantic-token,border-fg,apps/frontend/src/components/calendar/EventDialog.tsx,285,Preferred semantic design-system token,CODE_CONFIRMED
TOK-03427,semantic-token,text-fg,apps/frontend/src/components/calendar/EventDialog.tsx,292,Preferred semantic design-system token,CODE_CONFIRMED
TOK-03428,semantic-token,text-danger,apps/frontend/src/components/calendar/EventDialog.tsx,298,Preferred semantic design-system token,CODE_CONFIRMED
TOK-03429,semantic-token,border-border,apps/frontend/src/components/calendar/EventDialog.tsx,303,Preferred semantic design-system token,CODE_CONFIRMED
TOK-03430,semantic-token,bg-bg,apps/frontend/src/components/calendar/EventDialog.tsx,303,Preferred semantic design-system token,CODE_CONFIRMED
TOK-03431,semantic-token,text-bg,apps/frontend/src/components/calendar/EventDialog.tsx,310,Preferred semantic design-system token,CODE_CONFIRMED
TOK-03432,semantic-token,bg-bg,apps/frontend/src/components/calendar/MonthPickerPopover.tsx,69,Preferred semantic design-system token,CODE_CONFIRMED
TOK-03433,semantic-token,border-border,apps/frontend/src/components/calendar/MonthPickerPopover.tsx,69,Preferred semantic design-system token,CODE_CONFIRMED
TOK-03434,semantic-token,bg-bg,apps/frontend/src/components/calendar/MonthPickerPopover.tsx,77,Preferred semantic design-system token,CODE_CONFIRMED
TOK-03435,semantic-token,bg-bg,apps/frontend/src/components/calendar/MonthPickerPopover.tsx,85,Preferred semantic design-system token,CODE_CONFIRMED
TOK-03436,semantic-token,bg-bg,apps/frontend/src/components/calendar/MonthPickerPopover.tsx,102,Preferred semantic design-system token,CODE_CONFIRMED
TOK-03437,semantic-token,text-bg,apps/frontend/src/components/calendar/MonthPickerPopover.tsx,103,Preferred semantic design-system token,CODE_CONFIRMED
TOK-03438,semantic-token,text-fg,apps/frontend/src/components/calendar/MonthPickerPopover.tsx,103,Preferred semantic design-system token,CODE_CONFIRMED
TOK-03439,semantic-token,border-border,apps/frontend/src/components/calendar/MonthPickerPopover.tsx,115,Preferred semantic design-system token,CODE_CONFIRMED
TOK-03440,semantic-token,bg-bg,apps/frontend/src/components/calendar/MonthPickerPopover.tsx,115,Preferred semantic design-system token,CODE_CONFIRMED
TOK-03441,semantic-token,border-border,apps/frontend/src/components/calendar/MonthView.tsx,46,Preferred semantic design-system token,CODE_CONFIRMED
TOK-03442,semantic-token,bg-bg,apps/frontend/src/components/calendar/MonthView.tsx,46,Preferred semantic design-system token,CODE_CONFIRMED
TOK-03443,semantic-token,border-border,apps/frontend/src/components/calendar/MonthView.tsx,47,Preferred semantic design-system token,CODE_CONFIRMED
TOK-03444,semantic-token,text-fg,apps/frontend/src/components/calendar/MonthView.tsx,47,Preferred semantic design-system token,CODE_CONFIRMED
TOK-03445,semantic-token,text-fg,apps/frontend/src/components/calendar/MonthView.tsx,48,Preferred semantic design-system token,CODE_CONFIRMED
TOK-03446,semantic-token,border-border,apps/frontend/src/components/calendar/MonthView.tsx,56,Preferred semantic design-system token,CODE_CONFIRMED
TOK-03447,semantic-token,border-border,apps/frontend/src/components/calendar/MonthView.tsx,58,Preferred semantic design-system token,CODE_CONFIRMED
TOK-03448,semantic-token,text-fg,apps/frontend/src/components/calendar/MonthView.tsx,59,Preferred semantic design-system token,CODE_CONFIRMED
TOK-03449,semantic-token,bg-bg,apps/frontend/src/components/calendar/MonthView.tsx,64,Preferred semantic design-system token,CODE_CONFIRMED
TOK-03450,semantic-token,border-border,apps/frontend/src/components/calendar/MonthView.tsx,75,Preferred semantic design-system token,CODE_CONFIRMED
TOK-03451,semantic-token,bg-bg,apps/frontend/src/components/calendar/MonthView.tsx,75,Preferred semantic design-system token,CODE_CONFIRMED
TOK-03452,semantic-token,text-bg,apps/frontend/src/components/calendar/MonthView.tsx,81,Preferred semantic design-system token,CODE_CONFIRMED
TOK-03453,semantic-token,text-fg,apps/frontend/src/components/calendar/MonthView.tsx,108,Preferred semantic design-system token,CODE_CONFIRMED
TOK-03454,semantic-token,border-border,apps/frontend/src/components/calendar/WeekView.tsx,59,Preferred semantic design-system token,CODE_CONFIRMED
TOK-03455,semantic-token,bg-bg,apps/frontend/src/components/calendar/WeekView.tsx,59,Preferred semantic design-system token,CODE_CONFIRMED
TOK-03456,semantic-token,border-border,apps/frontend/src/components/calendar/WeekView.tsx,61,Preferred semantic design-system token,CODE_CONFIRMED
TOK-03457,semantic-token,text-bg,apps/frontend/src/components/calendar/WeekView.tsx,71,Preferred semantic design-system token,CODE_CONFIRMED
TOK-03458,semantic-token,border-border,apps/frontend/src/components/calendar/WeekView.tsx,83,Preferred semantic design-system token,CODE_CONFIRMED
TOK-03459,semantic-token,text-fg,apps/frontend/src/components/calendar/WeekView.tsx,84,Preferred semantic design-system token,CODE_CONFIRMED
TOK-03460,semantic-token,border-border,apps/frontend/src/components/calendar/WeekView.tsx,86,Preferred semantic design-system token,CODE_CONFIRMED
TOK-03461,semantic-token,border-border,apps/frontend/src/components/calendar/WeekView.tsx,118,Preferred semantic design-system token,CODE_CONFIRMED
TOK-03462,semantic-token,border-border/60,apps/frontend/src/components/calendar/WeekView.tsx,150,Preferred semantic design-system token,CODE_CONFIRMED
TOK-03463,semantic-token,text-fg,apps/frontend/src/components/calendar/WeekView.tsx,151,Preferred semantic design-system token,CODE_CONFIRMED
TOK-03464,semantic-token,text-fg,apps/frontend/src/components/dashboard/dashboard-grid.tsx,126,Preferred semantic design-system token,CODE_CONFIRMED
TOK-03465,semantic-token,bg-bg,apps/frontend/src/components/dashboard/dashboard-grid.tsx,126,Preferred semantic design-system token,CODE_CONFIRMED
TOK-03466,semantic-token,border-border,apps/frontend/src/components/dashboard/dashboard-grid.tsx,126,Preferred semantic design-system token,CODE_CONFIRMED
TOK-03467,semantic-token,text-fg,apps/frontend/src/components/dashboard/dashboard-widget.tsx,80,Preferred semantic design-system token,CODE_CONFIRMED
TOK-03468,semantic-token,bg-bg,apps/frontend/src/components/dashboard/dashboard-widget.tsx,94,Preferred semantic design-system token,CODE_CONFIRMED
TOK-03469,semantic-token,border-border,apps/frontend/src/components/dashboard/dashboard-widget.tsx,94,Preferred semantic design-system token,CODE_CONFIRMED
TOK-03470,semantic-token,border-brand-500/50,apps/frontend/src/components/dashboard/drop-indicator.tsx,23,Preferred semantic design-system token,CODE_CONFIRMED
TOK-03471,semantic-token,bg-brand-500/5,apps/frontend/src/components/dashboard/drop-indicator.tsx,23,Preferred semantic design-system token,CODE_CONFIRMED
TOK-03472,semantic-token,border-border,apps/frontend/src/components/dashboard/drop-indicator.tsx,24,Preferred semantic design-system token,CODE_CONFIRMED
TOK-03473,semantic-token,bg-bg,apps/frontend/src/components/dashboard/drop-indicator.tsx,24,Preferred semantic design-system token,CODE_CONFIRMED
TOK-03474,semantic-token,text-fg,apps/frontend/src/components/dashboard/drop-indicator.tsx,32,Preferred semantic design-system token,CODE_CONFIRMED
TOK-03475,static-color,text-white,apps/frontend/src/components/dashboard/resize-preview.tsx,38,Review light/dark contrast and accent bypass,REVIEW_REQUIRED
TOK-03476,semantic-token,border-brand-500/60,apps/frontend/src/components/dashboard/resize-preview.tsx,26,Preferred semantic design-system token,CODE_CONFIRMED
TOK-03477,semantic-token,bg-brand-500/10,apps/frontend/src/components/dashboard/resize-preview.tsx,27,Preferred semantic design-system token,CODE_CONFIRMED
TOK-03478,semantic-token,bg-brand-500/80,apps/frontend/src/components/dashboard/resize-preview.tsx,38,Preferred semantic design-system token,CODE_CONFIRMED
TOK-03479,static-color,text-white,apps/frontend/src/components/dashboard/widget-add-button.tsx,34,Review light/dark contrast and accent bypass,REVIEW_REQUIRED
TOK-03480,semantic-token,bg-brand-500,apps/frontend/src/components/dashboard/widget-add-button.tsx,34,Preferred semantic design-system token,CODE_CONFIRMED
TOK-03481,semantic-token,bg-brand-600,apps/frontend/src/components/dashboard/widget-add-button.tsx,35,Preferred semantic design-system token,CODE_CONFIRMED
TOK-03482,semantic-token,bg-bg,apps/frontend/src/components/dashboard/widget-add-button.tsx,48,Preferred semantic design-system token,CODE_CONFIRMED
TOK-03483,semantic-token,border-border,apps/frontend/src/components/dashboard/widget-add-button.tsx,48,Preferred semantic design-system token,CODE_CONFIRMED
TOK-03484,semantic-token,text-fg,apps/frontend/src/components/dashboard/widget-add-button.tsx,62,Preferred semantic design-system token,CODE_CONFIRMED
TOK-03485,semantic-token,bg-bg,apps/frontend/src/components/dashboard/widget-add-button.tsx,62,Preferred semantic design-system token,CODE_CONFIRMED
TOK-03486,semantic-token,text-fg,apps/frontend/src/components/dashboard/widget-add-button.tsx,69,Preferred semantic design-system token,CODE_CONFIRMED
TOK-03487,static-color,bg-black/40,apps/frontend/src/components/dashboard/widget-content.tsx,98,Review light/dark contrast and accent bypass,REVIEW_REQUIRED
TOK-03488,static-color,text-white,apps/frontend/src/components/dashboard/widget-content.tsx,107,Review light/dark contrast and accent bypass,REVIEW_REQUIRED
TOK-03489,static-color,text-white,apps/frontend/src/components/dashboard/widget-content.tsx,256,Review light/dark contrast and accent bypass,REVIEW_REQUIRED
TOK-03490,static-color,text-white,apps/frontend/src/components/dashboard/widget-content.tsx,521,Review light/dark contrast and accent bypass,REVIEW_REQUIRED
TOK-03491,static-color,bg-black/50,apps/frontend/src/components/dashboard/widget-content.tsx,775,Review light/dark contrast and accent bypass,REVIEW_REQUIRED
TOK-03492,static-color,text-white,apps/frontend/src/components/dashboard/widget-content.tsx,775,Review light/dark contrast and accent bypass,REVIEW_REQUIRED
TOK-03493,static-color,bg-black/70,apps/frontend/src/components/dashboard/widget-content.tsx,775,Review light/dark contrast and accent bypass,REVIEW_REQUIRED
TOK-03494,static-color,bg-black/50,apps/frontend/src/components/dashboard/widget-content.tsx,781,Review light/dark contrast and accent bypass,REVIEW_REQUIRED
TOK-03495,static-color,text-white,apps/frontend/src/components/dashboard/widget-content.tsx,781,Review light/dark contrast and accent bypass,REVIEW_REQUIRED
TOK-03496,static-color,bg-black/70,apps/frontend/src/components/dashboard/widget-content.tsx,781,Review light/dark contrast and accent bypass,REVIEW_REQUIRED
TOK-03497,semantic-token,bg-bg,apps/frontend/src/components/dashboard/widget-content.tsx,101,Preferred semantic design-system token,CODE_CONFIRMED
TOK-03498,semantic-token,border-border,apps/frontend/src/components/dashboard/widget-content.tsx,101,Preferred semantic design-system token,CODE_CONFIRMED
TOK-03499,semantic-token,text-fg,apps/frontend/src/components/dashboard/widget-content.tsx,104,Preferred semantic design-system token,CODE_CONFIRMED
TOK-03500,semantic-token,text-fg,apps/frontend/src/components/dashboard/widget-content.tsx,128,Preferred semantic design-system token,CODE_CONFIRMED
TOK-03501,semantic-token,text-fg,apps/frontend/src/components/dashboard/widget-content.tsx,131,Preferred semantic design-system token,CODE_CONFIRMED
TOK-03502,semantic-token,text-fg,apps/frontend/src/components/dashboard/widget-content.tsx,144,Preferred semantic design-system token,CODE_CONFIRMED
TOK-03503,semantic-token,text-fg,apps/frontend/src/components/dashboard/widget-content.tsx,212,Preferred semantic design-system token,CODE_CONFIRMED
TOK-03504,semantic-token,text-fg,apps/frontend/src/components/dashboard/widget-content.tsx,214,Preferred semantic design-system token,CODE_CONFIRMED
TOK-03505,semantic-token,border-border,apps/frontend/src/components/dashboard/widget-content.tsx,217,Preferred semantic design-system token,CODE_CONFIRMED
TOK-03506,semantic-token,bg-bg,apps/frontend/src/components/dashboard/widget-content.tsx,217,Preferred semantic design-system token,CODE_CONFIRMED
TOK-03507,semantic-token,text-fg,apps/frontend/src/components/dashboard/widget-content.tsx,218,Preferred semantic design-system token,CODE_CONFIRMED
TOK-03508,semantic-token,text-success,apps/frontend/src/components/dashboard/widget-content.tsx,229,Preferred semantic design-system token,CODE_CONFIRMED
TOK-03509,semantic-token,text-danger,apps/frontend/src/components/dashboard/widget-content.tsx,233,Preferred semantic design-system token,CODE_CONFIRMED
TOK-03510,semantic-token,bg-danger/10,apps/frontend/src/components/dashboard/widget-content.tsx,233,Preferred semantic design-system token,CODE_CONFIRMED
TOK-03511,semantic-token,border-border,apps/frontend/src/components/dashboard/widget-content.tsx,243,Preferred semantic design-system token,CODE_CONFIRMED
TOK-03512,semantic-token,text-fg,apps/frontend/src/components/dashboard/widget-content.tsx,244,Preferred semantic design-system token,CODE_CONFIRMED
TOK-03513,semantic-token,border-border,apps/frontend/src/components/dashboard/widget-content.tsx,251,Preferred semantic design-system token,CODE_CONFIRMED
TOK-03514,semantic-token,bg-bg,apps/frontend/src/components/dashboard/widget-content.tsx,251,Preferred semantic design-system token,CODE_CONFIRMED
TOK-03515,semantic-token,text-fg,apps/frontend/src/components/dashboard/widget-content.tsx,251,Preferred semantic design-system token,CODE_CONFIRMED
TOK-03516,semantic-token,text-fg,apps/frontend/src/components/dashboard/widget-content.tsx,251,Preferred semantic design-system token,CODE_CONFIRMED
TOK-03517,semantic-token,text-fg,apps/frontend/src/components/dashboard/widget-content.tsx,264,Preferred semantic design-system token,CODE_CONFIRMED
TOK-03518,semantic-token,text-fg,apps/frontend/src/components/dashboard/widget-content.tsx,269,Preferred semantic design-system token,CODE_CONFIRMED
TOK-03519,semantic-token,border-border,apps/frontend/src/components/dashboard/widget-content.tsx,274,Preferred semantic design-system token,CODE_CONFIRMED
TOK-03520,semantic-token,bg-bg,apps/frontend/src/components/dashboard/widget-content.tsx,274,Preferred semantic design-system token,CODE_CONFIRMED
TOK-03521,semantic-token,text-fg,apps/frontend/src/components/dashboard/widget-content.tsx,274,Preferred semantic design-system token,CODE_CONFIRMED
TOK-03522,semantic-token,bg-bg,apps/frontend/src/components/dashboard/widget-content.tsx,274,Preferred semantic design-system token,CODE_CONFIRMED
TOK-03523,semantic-token,text-fg,apps/frontend/src/components/dashboard/widget-content.tsx,277,Preferred semantic design-system token,CODE_CONFIRMED
TOK-03524,semantic-token,text-fg,apps/frontend/src/components/dashboard/widget-content.tsx,311,Preferred semantic design-system token,CODE_CONFIRMED
TOK-03525,semantic-token,text-fg,apps/frontend/src/components/dashboard/widget-content.tsx,313,Preferred semantic design-system token,CODE_CONFIRMED
TOK-03526,semantic-token,text-fg,apps/frontend/src/components/dashboard/widget-content.tsx,315,Preferred semantic design-system token,CODE_CONFIRMED
TOK-03527,semantic-token,text-fg,apps/frontend/src/components/dashboard/widget-content.tsx,318,Preferred semantic design-system token,CODE_CONFIRMED
TOK-03528,semantic-token,text-fg,apps/frontend/src/components/dashboard/widget-content.tsx,330,Preferred semantic design-system token,CODE_CONFIRMED
TOK-03529,semantic-token,border-border,apps/frontend/src/components/dashboard/widget-content.tsx,334,Preferred semantic design-system token,CODE_CONFIRMED
TOK-03530,semantic-token,text-fg,apps/frontend/src/components/dashboard/widget-content.tsx,335,Preferred semantic design-system token,CODE_CONFIRMED
TOK-03531,semantic-token,text-fg,apps/frontend/src/components/dashboard/widget-content.tsx,345,Preferred semantic design-system token,CODE_CONFIRMED
TOK-03532,semantic-token,text-fg,apps/frontend/src/components/dashboard/widget-content.tsx,371,Preferred semantic design-system token,CODE_CONFIRMED
TOK-03533,semantic-token,text-fg,apps/frontend/src/components/dashboard/widget-content.tsx,492,Preferred semantic design-system token,CODE_CONFIRMED
TOK-03534,semantic-token,text-fg,apps/frontend/src/components/dashboard/widget-content.tsx,493,Preferred semantic design-system token,CODE_CONFIRMED
TOK-03535,semantic-token,text-fg,apps/frontend/src/components/dashboard/widget-content.tsx,501,Preferred semantic design-system token,CODE_CONFIRMED
TOK-03536,semantic-token,bg-bg,apps/frontend/src/components/dashboard/widget-content.tsx,521,Preferred semantic design-system token,CODE_CONFIRMED
TOK-03537,semantic-token,border-border,apps/frontend/src/components/dashboard/widget-content.tsx,540,Preferred semantic design-system token,CODE_CONFIRMED
TOK-03538,semantic-token,bg-bg,apps/frontend/src/components/dashboard/widget-content.tsx,540,Preferred semantic design-system token,CODE_CONFIRMED
TOK-03539,semantic-token,border-border,apps/frontend/src/components/dashboard/widget-content.tsx,546,Preferred semantic design-system token,CODE_CONFIRMED
TOK-03540,semantic-token,bg-bg,apps/frontend/src/components/dashboard/widget-content.tsx,546,Preferred semantic design-system token,CODE_CONFIRMED
TOK-03541,semantic-token,text-fg,apps/frontend/src/components/dashboard/widget-content.tsx,547,Preferred semantic design-system token,CODE_CONFIRMED
TOK-03542,semantic-token,border-border,apps/frontend/src/components/dashboard/widget-content.tsx,547,Preferred semantic design-system token,CODE_CONFIRMED
TOK-03543,semantic-token,text-fg,apps/frontend/src/components/dashboard/widget-content.tsx,549,Preferred semantic design-system token,CODE_CONFIRMED
TOK-03544,semantic-token,bg-bg,apps/frontend/src/components/dashboard/widget-content.tsx,556,Preferred semantic design-system token,CODE_CONFIRMED
TOK-03545,semantic-token,text-fg,apps/frontend/src/components/dashboard/widget-content.tsx,559,Preferred semantic design-system token,CODE_CONFIRMED
TOK-03546,semantic-token,text-fg,apps/frontend/src/components/dashboard/widget-content.tsx,560,Preferred semantic design-system token,CODE_CONFIRMED
TOK-03547,semantic-token,text-fg,apps/frontend/src/components/dashboard/widget-content.tsx,636,Preferred semantic design-system token,CODE_CONFIRMED
TOK-03548,semantic-token,text-fg,apps/frontend/src/components/dashboard/widget-content.tsx,639,Preferred semantic design-system token,CODE_CONFIRMED
TOK-03549,semantic-token,text-fg,apps/frontend/src/components/dashboard/widget-content.tsx,646,Preferred semantic design-system token,CODE_CONFIRMED
TOK-03550,semantic-token,border-border,apps/frontend/src/components/dashboard/widget-content.tsx,653,Preferred semantic design-system token,CODE_CONFIRMED
TOK-03551,semantic-token,text-fg,apps/frontend/src/components/dashboard/widget-content.tsx,653,Preferred semantic design-system token,CODE_CONFIRMED
TOK-03552,semantic-token,text-fg,apps/frontend/src/components/dashboard/widget-content.tsx,653,Preferred semantic design-system token,CODE_CONFIRMED
TOK-03553,semantic-token,text-fg,apps/frontend/src/components/dashboard/widget-content.tsx,661,Preferred semantic design-system token,CODE_CONFIRMED
TOK-03554,semantic-token,border-border,apps/frontend/src/components/dashboard/widget-content.tsx,665,Preferred semantic design-system token,CODE_CONFIRMED
TOK-03555,semantic-token,text-fg,apps/frontend/src/components/dashboard/widget-content.tsx,666,Preferred semantic design-system token,CODE_CONFIRMED
TOK-03556,semantic-token,text-fg,apps/frontend/src/components/dashboard/widget-content.tsx,676,Preferred semantic design-system token,CODE_CONFIRMED
TOK-03557,semantic-token,text-fg,apps/frontend/src/components/dashboard/widget-content.tsx,678,Preferred semantic design-system token,CODE_CONFIRMED
TOK-03558,semantic-token,text-fg,apps/frontend/src/components/dashboard/widget-content.tsx,736,Preferred semantic design-system token,CODE_CONFIRMED
TOK-03559,semantic-token,text-fg,apps/frontend/src/components/dashboard/widget-content.tsx,739,Preferred semantic design-system token,CODE_CONFIRMED
TOK-03560,semantic-token,bg-bg,apps/frontend/src/components/dashboard/widget-content.tsx,746,Preferred semantic design-system token,CODE_CONFIRMED
TOK-03561,semantic-token,text-fg,apps/frontend/src/components/dashboard/widget-content.tsx,766,Preferred semantic design-system token,CODE_CONFIRMED
TOK-03562,semantic-token,text-fg,apps/frontend/src/components/dashboard/widget-content.tsx,790,Preferred semantic design-system token,CODE_CONFIRMED
TOK-03563,semantic-token,text-fg,apps/frontend/src/components/dashboard/widget-content.tsx,797,Preferred semantic design-system token,CODE_CONFIRMED
TOK-03564,semantic-token,text-fg,apps/frontend/src/components/dashboard/widget-content.tsx,797,Preferred semantic design-system token,CODE_CONFIRMED
TOK-03565,semantic-token,text-fg,apps/frontend/src/components/dashboard/widget-content.tsx,802,Preferred semantic design-system token,CODE_CONFIRMED
TOK-03566,semantic-token,text-fg,apps/frontend/src/components/dashboard/widget-content.tsx,816,Preferred semantic design-system token,CODE_CONFIRMED
TOK-03567,static-color,bg-black/60,apps/frontend/src/components/dashboard/widget-editor-dialog.tsx,39,Review light/dark contrast and accent bypass,REVIEW_REQUIRED
TOK-03568,static-color,text-red-500,apps/frontend/src/components/dashboard/widget-editor-dialog.tsx,95,Review light/dark contrast and accent bypass,REVIEW_REQUIRED
TOK-03569,static-color,text-white,apps/frontend/src/components/dashboard/widget-editor-dialog.tsx,108,Review light/dark contrast and accent bypass,REVIEW_REQUIRED
TOK-03570,semantic-token,bg-bg,apps/frontend/src/components/dashboard/widget-editor-dialog.tsx,45,Preferred semantic design-system token,CODE_CONFIRMED
TOK-03571,semantic-token,border-border,apps/frontend/src/components/dashboard/widget-editor-dialog.tsx,45,Preferred semantic design-system token,CODE_CONFIRMED
TOK-03572,semantic-token,border-border,apps/frontend/src/components/dashboard/widget-editor-dialog.tsx,52,Preferred semantic design-system token,CODE_CONFIRMED
TOK-03573,semantic-token,bg-bg,apps/frontend/src/components/dashboard/widget-editor-dialog.tsx,52,Preferred semantic design-system token,CODE_CONFIRMED
TOK-03574,semantic-token,border-border,apps/frontend/src/components/dashboard/widget-editor-dialog.tsx,59,Preferred semantic design-system token,CODE_CONFIRMED
TOK-03575,semantic-token,bg-bg,apps/frontend/src/components/dashboard/widget-editor-dialog.tsx,59,Preferred semantic design-system token,CODE_CONFIRMED
TOK-03576,semantic-token,text-fg,apps/frontend/src/components/dashboard/widget-editor-dialog.tsx,62,Preferred semantic design-system token,CODE_CONFIRMED
TOK-03577,semantic-token,border-border,apps/frontend/src/components/dashboard/widget-editor-dialog.tsx,72,Preferred semantic design-system token,CODE_CONFIRMED
TOK-03578,semantic-token,bg-bg,apps/frontend/src/components/dashboard/widget-editor-dialog.tsx,72,Preferred semantic design-system token,CODE_CONFIRMED
TOK-03579,semantic-token,border-border,apps/frontend/src/components/dashboard/widget-editor-dialog.tsx,80,Preferred semantic design-system token,CODE_CONFIRMED
TOK-03580,semantic-token,bg-bg,apps/frontend/src/components/dashboard/widget-editor-dialog.tsx,80,Preferred semantic design-system token,CODE_CONFIRMED
TOK-03581,semantic-token,border-border,apps/frontend/src/components/dashboard/widget-editor-dialog.tsx,88,Preferred semantic design-system token,CODE_CONFIRMED
TOK-03582,semantic-token,bg-bg,apps/frontend/src/components/dashboard/widget-editor-dialog.tsx,88,Preferred semantic design-system token,CODE_CONFIRMED
TOK-03583,semantic-token,border-border,apps/frontend/src/components/dashboard/widget-editor-dialog.tsx,95,Preferred semantic design-system token,CODE_CONFIRMED
TOK-03584,semantic-token,bg-bg,apps/frontend/src/components/dashboard/widget-editor-dialog.tsx,95,Preferred semantic design-system token,CODE_CONFIRMED
TOK-03585,semantic-token,bg-brand-500,apps/frontend/src/components/dashboard/widget-editor-dialog.tsx,108,Preferred semantic design-system token,CODE_CONFIRMED
TOK-03586,semantic-token,bg-brand-600,apps/frontend/src/components/dashboard/widget-editor-dialog.tsx,108,Preferred semantic design-system token,CODE_CONFIRMED
TOK-03587,semantic-token,border-border,apps/frontend/src/components/dashboard/widget-editor-dialog.tsx,116,Preferred semantic design-system token,CODE_CONFIRMED
TOK-03588,semantic-token,bg-bg,apps/frontend/src/components/dashboard/widget-editor-dialog.tsx,116,Preferred semantic design-system token,CODE_CONFIRMED
TOK-03589,semantic-token,text-fg,apps/frontend/src/components/dashboard/widget-header.tsx,22,Preferred semantic design-system token,CODE_CONFIRMED
TOK-03590,semantic-token,text-fg,apps/frontend/src/components/dashboard/widget-header.tsx,24,Preferred semantic design-system token,CODE_CONFIRMED
TOK-03591,semantic-token,bg-bg,apps/frontend/src/components/dashboard/widget-header.tsx,24,Preferred semantic design-system token,CODE_CONFIRMED
TOK-03592,semantic-token,text-fg,apps/frontend/src/components/dashboard/widget-header.tsx,36,Preferred semantic design-system token,CODE_CONFIRMED
TOK-03593,semantic-token,text-fg,apps/frontend/src/components/dashboard/widget-header.tsx,44,Preferred semantic design-system token,CODE_CONFIRMED
TOK-03594,semantic-token,text-fg,apps/frontend/src/components/dashboard/widget-header.tsx,46,Preferred semantic design-system token,CODE_CONFIRMED
TOK-03595,semantic-token,bg-bg,apps/frontend/src/components/dashboard/widget-header.tsx,46,Preferred semantic design-system token,CODE_CONFIRMED
TOK-03596,semantic-token,text-fg,apps/frontend/src/components/dashboard/widget-header.tsx,58,Preferred semantic design-system token,CODE_CONFIRMED
TOK-03597,semantic-token,text-danger,apps/frontend/src/components/dashboard/widget-header.tsx,60,Preferred semantic design-system token,CODE_CONFIRMED
TOK-03598,semantic-token,bg-danger/10,apps/frontend/src/components/dashboard/widget-header.tsx,60,Preferred semantic design-system token,CODE_CONFIRMED
TOK-03599,semantic-token,bg-fg,apps/frontend/src/components/dashboard/widget-resize-handle.tsx,21,Preferred semantic design-system token,CODE_CONFIRMED
TOK-03600,semantic-token,bg-fg,apps/frontend/src/components/dashboard/widget-resize-handle.tsx,21,Preferred semantic design-system token,CODE_CONFIRMED
TOK-03601,semantic-token,text-fg,apps/frontend/src/components/dashboard/widget-resize-handle.tsx,28,Preferred semantic design-system token,CODE_CONFIRMED
TOK-03602,static-color,bg-black/40,apps/frontend/src/components/email/ComposeDialog.tsx,114,Review light/dark contrast and accent bypass,REVIEW_REQUIRED
TOK-03603,static-color,text-white,apps/frontend/src/components/email/ComposeDialog.tsx,206,Review light/dark contrast and accent bypass,REVIEW_REQUIRED
TOK-03604,semantic-token,border-border,apps/frontend/src/components/email/ComposeDialog.tsx,115,Preferred semantic design-system token,CODE_CONFIRMED
TOK-03605,semantic-token,bg-bg,apps/frontend/src/components/email/ComposeDialog.tsx,115,Preferred semantic design-system token,CODE_CONFIRMED
TOK-03606,semantic-token,border-border,apps/frontend/src/components/email/ComposeDialog.tsx,116,Preferred semantic design-system token,CODE_CONFIRMED
TOK-03607,semantic-token,text-fg,apps/frontend/src/components/email/ComposeDialog.tsx,120,Preferred semantic design-system token,CODE_CONFIRMED
TOK-03608,semantic-token,bg-bg,apps/frontend/src/components/email/ComposeDialog.tsx,120,Preferred semantic design-system token,CODE_CONFIRMED
TOK-03609,semantic-token,text-fg,apps/frontend/src/components/email/ComposeDialog.tsx,120,Preferred semantic design-system token,CODE_CONFIRMED
TOK-03610,semantic-token,border-border,apps/frontend/src/components/email/ComposeDialog.tsx,135,Preferred semantic design-system token,CODE_CONFIRMED
TOK-03611,semantic-token,bg-bg,apps/frontend/src/components/email/ComposeDialog.tsx,135,Preferred semantic design-system token,CODE_CONFIRMED
TOK-03612,semantic-token,text-fg,apps/frontend/src/components/email/ComposeDialog.tsx,135,Preferred semantic design-system token,CODE_CONFIRMED
TOK-03613,semantic-token,text-fg,apps/frontend/src/components/email/ComposeDialog.tsx,135,Preferred semantic design-system token,CODE_CONFIRMED
TOK-03614,semantic-token,border-brand-500/50,apps/frontend/src/components/email/ComposeDialog.tsx,135,Preferred semantic design-system token,CODE_CONFIRMED
TOK-03615,semantic-token,text-fg,apps/frontend/src/components/email/ComposeDialog.tsx,140,Preferred semantic design-system token,CODE_CONFIRMED
TOK-03616,semantic-token,text-brand-500,apps/frontend/src/components/email/ComposeDialog.tsx,140,Preferred semantic design-system token,CODE_CONFIRMED
TOK-03617,semantic-token,text-fg,apps/frontend/src/components/email/ComposeDialog.tsx,145,Preferred semantic design-system token,CODE_CONFIRMED
TOK-03618,semantic-token,text-brand-500,apps/frontend/src/components/email/ComposeDialog.tsx,145,Preferred semantic design-system token,CODE_CONFIRMED
TOK-03619,semantic-token,border-border,apps/frontend/src/components/email/ComposeDialog.tsx,157,Preferred semantic design-system token,CODE_CONFIRMED
TOK-03620,semantic-token,bg-bg,apps/frontend/src/components/email/ComposeDialog.tsx,157,Preferred semantic design-system token,CODE_CONFIRMED
TOK-03621,semantic-token,text-fg,apps/frontend/src/components/email/ComposeDialog.tsx,157,Preferred semantic design-system token,CODE_CONFIRMED
TOK-03622,semantic-token,text-fg,apps/frontend/src/components/email/ComposeDialog.tsx,157,Preferred semantic design-system token,CODE_CONFIRMED
TOK-03623,semantic-token,border-brand-500/50,apps/frontend/src/components/email/ComposeDialog.tsx,157,Preferred semantic design-system token,CODE_CONFIRMED
TOK-03624,semantic-token,border-border,apps/frontend/src/components/email/ComposeDialog.tsx,168,Preferred semantic design-system token,CODE_CONFIRMED
TOK-03625,semantic-token,bg-bg,apps/frontend/src/components/email/ComposeDialog.tsx,168,Preferred semantic design-system token,CODE_CONFIRMED
TOK-03626,semantic-token,text-fg,apps/frontend/src/components/email/ComposeDialog.tsx,168,Preferred semantic design-system token,CODE_CONFIRMED
TOK-03627,semantic-token,text-fg,apps/frontend/src/components/email/ComposeDialog.tsx,168,Preferred semantic design-system token,CODE_CONFIRMED
TOK-03628,semantic-token,border-brand-500/50,apps/frontend/src/components/email/ComposeDialog.tsx,168,Preferred semantic design-system token,CODE_CONFIRMED
TOK-03629,semantic-token,border-border,apps/frontend/src/components/email/ComposeDialog.tsx,178,Preferred semantic design-system token,CODE_CONFIRMED
TOK-03630,semantic-token,bg-bg,apps/frontend/src/components/email/ComposeDialog.tsx,178,Preferred semantic design-system token,CODE_CONFIRMED
TOK-03631,semantic-token,text-fg,apps/frontend/src/components/email/ComposeDialog.tsx,178,Preferred semantic design-system token,CODE_CONFIRMED
TOK-03632,semantic-token,text-fg,apps/frontend/src/components/email/ComposeDialog.tsx,178,Preferred semantic design-system token,CODE_CONFIRMED
TOK-03633,semantic-token,border-brand-500/50,apps/frontend/src/components/email/ComposeDialog.tsx,178,Preferred semantic design-system token,CODE_CONFIRMED
TOK-03634,semantic-token,border-border,apps/frontend/src/components/email/ComposeDialog.tsx,187,Preferred semantic design-system token,CODE_CONFIRMED
TOK-03635,semantic-token,bg-bg,apps/frontend/src/components/email/ComposeDialog.tsx,187,Preferred semantic design-system token,CODE_CONFIRMED
TOK-03636,semantic-token,text-fg,apps/frontend/src/components/email/ComposeDialog.tsx,187,Preferred semantic design-system token,CODE_CONFIRMED
TOK-03637,semantic-token,text-fg,apps/frontend/src/components/email/ComposeDialog.tsx,187,Preferred semantic design-system token,CODE_CONFIRMED
TOK-03638,semantic-token,border-brand-500/50,apps/frontend/src/components/email/ComposeDialog.tsx,187,Preferred semantic design-system token,CODE_CONFIRMED
TOK-03639,semantic-token,text-danger,apps/frontend/src/components/email/ComposeDialog.tsx,192,Preferred semantic design-system token,CODE_CONFIRMED
TOK-03640,semantic-token,border-border,apps/frontend/src/components/email/ComposeDialog.tsx,195,Preferred semantic design-system token,CODE_CONFIRMED
TOK-03641,semantic-token,border-border,apps/frontend/src/components/email/ComposeDialog.tsx,199,Preferred semantic design-system token,CODE_CONFIRMED
TOK-03642,semantic-token,bg-bg,apps/frontend/src/components/email/ComposeDialog.tsx,199,Preferred semantic design-system token,CODE_CONFIRMED
TOK-03643,semantic-token,text-fg,apps/frontend/src/components/email/ComposeDialog.tsx,199,Preferred semantic design-system token,CODE_CONFIRMED
TOK-03644,semantic-token,bg-bg,apps/frontend/src/components/email/ComposeDialog.tsx,199,Preferred semantic design-system token,CODE_CONFIRMED
TOK-03645,semantic-token,text-fg,apps/frontend/src/components/email/ComposeDialog.tsx,199,Preferred semantic design-system token,CODE_CONFIRMED
TOK-03646,semantic-token,bg-brand-500,apps/frontend/src/components/email/ComposeDialog.tsx,206,Preferred semantic design-system token,CODE_CONFIRMED
TOK-03647,semantic-token,bg-brand-600,apps/frontend/src/components/email/ComposeDialog.tsx,206,Preferred semantic design-system token,CODE_CONFIRMED
TOK-03648,semantic-token,text-fg,apps/frontend/src/components/email/ComposeDialog.tsx,227,Preferred semantic design-system token,CODE_CONFIRMED
TOK-03649,static-color,text-white,apps/frontend/src/components/email/FolderSidebar.tsx,26,Review light/dark contrast and accent bypass,REVIEW_REQUIRED
TOK-03650,static-color,text-white,apps/frontend/src/components/email/FolderSidebar.tsx,49,Review light/dark contrast and accent bypass,REVIEW_REQUIRED
TOK-03651,semantic-token,border-border,apps/frontend/src/components/email/FolderSidebar.tsx,22,Preferred semantic design-system token,CODE_CONFIRMED
TOK-03652,semantic-token,bg-bg,apps/frontend/src/components/email/FolderSidebar.tsx,22,Preferred semantic design-system token,CODE_CONFIRMED
TOK-03653,semantic-token,bg-brand-500,apps/frontend/src/components/email/FolderSidebar.tsx,26,Preferred semantic design-system token,CODE_CONFIRMED
TOK-03654,semantic-token,bg-brand-600,apps/frontend/src/components/email/FolderSidebar.tsx,26,Preferred semantic design-system token,CODE_CONFIRMED
TOK-03655,semantic-token,bg-brand-500/10,apps/frontend/src/components/email/FolderSidebar.tsx,42,Preferred semantic design-system token,CODE_CONFIRMED
TOK-03656,semantic-token,text-brand-500,apps/frontend/src/components/email/FolderSidebar.tsx,42,Preferred semantic design-system token,CODE_CONFIRMED
TOK-03657,semantic-token,text-fg,apps/frontend/src/components/email/FolderSidebar.tsx,43,Preferred semantic design-system token,CODE_CONFIRMED
TOK-03658,semantic-token,bg-bg,apps/frontend/src/components/email/FolderSidebar.tsx,43,Preferred semantic design-system token,CODE_CONFIRMED
TOK-03659,semantic-token,text-fg,apps/frontend/src/components/email/FolderSidebar.tsx,43,Preferred semantic design-system token,CODE_CONFIRMED
TOK-03660,semantic-token,bg-brand-500,apps/frontend/src/components/email/FolderSidebar.tsx,49,Preferred semantic design-system token,CODE_CONFIRMED
TOK-03661,semantic-token,border-border,apps/frontend/src/components/email/ReadingPane.tsx,44,Preferred semantic design-system token,CODE_CONFIRMED
TOK-03662,semantic-token,bg-bg,apps/frontend/src/components/email/ReadingPane.tsx,44,Preferred semantic design-system token,CODE_CONFIRMED
TOK-03663,semantic-token,text-fg,apps/frontend/src/components/email/ReadingPane.tsx,44,Preferred semantic design-system token,CODE_CONFIRMED
TOK-03664,semantic-token,text-fg,apps/frontend/src/components/email/ReadingPane.tsx,44,Preferred semantic design-system token,CODE_CONFIRMED
TOK-03665,semantic-token,text-danger,apps/frontend/src/components/email/ReadingPane.tsx,45,Preferred semantic design-system token,CODE_CONFIRMED
TOK-03666,semantic-token,text-fg,apps/frontend/src/components/email/ReadingPane.tsx,45,Preferred semantic design-system token,CODE_CONFIRMED
TOK-03667,semantic-token,text-fg,apps/frontend/src/components/email/ReadingPane.tsx,66,Preferred semantic design-system token,CODE_CONFIRMED
TOK-03668,semantic-token,border-border,apps/frontend/src/components/email/ReadingPane.tsx,79,Preferred semantic design-system token,CODE_CONFIRMED
TOK-03669,semantic-token,border-border,apps/frontend/src/components/email/ReadingPane.tsx,87,Preferred semantic design-system token,CODE_CONFIRMED
TOK-03670,semantic-token,bg-border,apps/frontend/src/components/email/ReadingPane.tsx,97,Preferred semantic design-system token,CODE_CONFIRMED
TOK-03671,semantic-token,text-fg,apps/frontend/src/components/email/ReadingPane.tsx,121,Preferred semantic design-system token,CODE_CONFIRMED
TOK-03672,semantic-token,text-fg,apps/frontend/src/components/email/ReadingPane.tsx,122,Preferred semantic design-system token,CODE_CONFIRMED
TOK-03673,semantic-token,text-fg,apps/frontend/src/components/email/ReadingPane.tsx,124,Preferred semantic design-system token,CODE_CONFIRMED
TOK-03674,semantic-token,border-border,apps/frontend/src/components/email/ReadingPane.tsx,136,Preferred semantic design-system token,CODE_CONFIRMED
TOK-03675,semantic-token,bg-bg,apps/frontend/src/components/email/ReadingPane.tsx,136,Preferred semantic design-system token,CODE_CONFIRMED
TOK-03676,semantic-token,text-fg,apps/frontend/src/components/email/ReadingPane.tsx,136,Preferred semantic design-system token,CODE_CONFIRMED
TOK-03677,semantic-token,bg-bg,apps/frontend/src/components/email/ReadingPane.tsx,136,Preferred semantic design-system token,CODE_CONFIRMED
TOK-03678,semantic-token,text-fg,apps/frontend/src/components/email/ReadingPane.tsx,136,Preferred semantic design-system token,CODE_CONFIRMED
TOK-03679,semantic-token,text-fg,apps/frontend/src/components/email/ReadingPane.tsx,141,Preferred semantic design-system token,CODE_CONFIRMED
TOK-03680,semantic-token,text-fg,apps/frontend/src/components/email/ReadingPane.tsx,142,Preferred semantic design-system token,CODE_CONFIRMED
TOK-03681,semantic-token,text-fg,apps/frontend/src/components/email/ReadingPane.tsx,157,Preferred semantic design-system token,CODE_CONFIRMED
TOK-03682,semantic-token,border-border,apps/frontend/src/components/email/ThreadList.tsx,31,Preferred semantic design-system token,CODE_CONFIRMED
TOK-03683,semantic-token,bg-brand-500/10,apps/frontend/src/components/email/ThreadList.tsx,32,Preferred semantic design-system token,CODE_CONFIRMED
TOK-03684,semantic-token,bg-bg,apps/frontend/src/components/email/ThreadList.tsx,32,Preferred semantic design-system token,CODE_CONFIRMED
TOK-03685,semantic-token,bg-bg,apps/frontend/src/components/email/ThreadList.tsx,32,Preferred semantic design-system token,CODE_CONFIRMED
TOK-03686,semantic-token,bg-bg,apps/frontend/src/components/email/ThreadList.tsx,32,Preferred semantic design-system token,CODE_CONFIRMED
TOK-03687,semantic-token,text-fg,apps/frontend/src/components/email/ThreadList.tsx,39,Preferred semantic design-system token,CODE_CONFIRMED
TOK-03688,semantic-token,text-fg,apps/frontend/src/components/email/ThreadList.tsx,39,Preferred semantic design-system token,CODE_CONFIRMED
TOK-03689,semantic-token,text-fg,apps/frontend/src/components/email/ThreadList.tsx,44,Preferred semantic design-system token,CODE_CONFIRMED
TOK-03690,semantic-token,text-fg,apps/frontend/src/components/email/ThreadList.tsx,52,Preferred semantic design-system token,CODE_CONFIRMED
TOK-03691,semantic-token,text-fg,apps/frontend/src/components/email/ThreadList.tsx,52,Preferred semantic design-system token,CODE_CONFIRMED
TOK-03692,semantic-token,text-fg,apps/frontend/src/components/email/ThreadList.tsx,57,Preferred semantic design-system token,CODE_CONFIRMED
TOK-03693,semantic-token,text-fg,apps/frontend/src/components/email/ThreadList.tsx,59,Preferred semantic design-system token,CODE_CONFIRMED
TOK-03694,semantic-token,text-fg,apps/frontend/src/components/email/ThreadList.tsx,78,Preferred semantic design-system token,CODE_CONFIRMED
TOK-03695,semantic-token,text-danger,apps/frontend/src/components/email/ThreadList.tsx,83,Preferred semantic design-system token,CODE_CONFIRMED
TOK-03696,semantic-token,text-fg,apps/frontend/src/components/email/ThreadList.tsx,88,Preferred semantic design-system token,CODE_CONFIRMED
TOK-03697,semantic-token,border-border,apps/frontend/src/components/email/ThreadList.tsx,102,Preferred semantic design-system token,CODE_CONFIRMED
TOK-03698,semantic-token,border-border,apps/frontend/src/components/email/ThreadList.tsx,106,Preferred semantic design-system token,CODE_CONFIRMED
TOK-03699,semantic-token,bg-bg,apps/frontend/src/components/email/ThreadList.tsx,106,Preferred semantic design-system token,CODE_CONFIRMED
TOK-03700,semantic-token,text-fg,apps/frontend/src/components/email/ThreadList.tsx,106,Preferred semantic design-system token,CODE_CONFIRMED
TOK-03701,semantic-token,bg-bg,apps/frontend/src/components/email/ThreadList.tsx,106,Preferred semantic design-system token,CODE_CONFIRMED
TOK-03702,semantic-token,bg-brand-500/10,apps/frontend/src/components/integrations/GoogleAccountCard.tsx,30,Preferred semantic design-system token,CODE_CONFIRMED
TOK-03703,semantic-token,text-brand-500,apps/frontend/src/components/integrations/GoogleAccountCard.tsx,30,Preferred semantic design-system token,CODE_CONFIRMED
TOK-03704,semantic-token,bg-brand-500/10,apps/frontend/src/components/integrations/GoogleAccountCard.tsx,35,Preferred semantic design-system token,CODE_CONFIRMED
TOK-03705,semantic-token,text-brand-500,apps/frontend/src/components/integrations/GoogleAccountCard.tsx,35,Preferred semantic design-system token,CODE_CONFIRMED
TOK-03706,semantic-token,border-border,apps/frontend/src/components/integrations/GoogleAccountCard.tsx,79,Preferred semantic design-system token,CODE_CONFIRMED
TOK-03707,semantic-token,bg-bg,apps/frontend/src/components/integrations/GoogleAccountCard.tsx,79,Preferred semantic design-system token,CODE_CONFIRMED
TOK-03708,semantic-token,text-fg,apps/frontend/src/components/integrations/GoogleAccountCard.tsx,80,Preferred semantic design-system token,CODE_CONFIRMED
TOK-03709,semantic-token,border-danger/20,apps/frontend/src/components/integrations/GoogleAccountCard.tsx,89,Preferred semantic design-system token,CODE_CONFIRMED
TOK-03710,semantic-token,bg-danger/5,apps/frontend/src/components/integrations/GoogleAccountCard.tsx,89,Preferred semantic design-system token,CODE_CONFIRMED
TOK-03711,semantic-token,text-danger,apps/frontend/src/components/integrations/GoogleAccountCard.tsx,89,Preferred semantic design-system token,CODE_CONFIRMED
TOK-03712,semantic-token,text-danger/80,apps/frontend/src/components/integrations/GoogleAccountCard.tsx,93,Preferred semantic design-system token,CODE_CONFIRMED
TOK-03713,semantic-token,border-border,apps/frontend/src/components/integrations/GoogleAccountCard.tsx,102,Preferred semantic design-system token,CODE_CONFIRMED
TOK-03714,semantic-token,bg-bg,apps/frontend/src/components/integrations/GoogleAccountCard.tsx,102,Preferred semantic design-system token,CODE_CONFIRMED
TOK-03715,semantic-token,text-brand-500,apps/frontend/src/components/integrations/GoogleAccountCard.tsx,105,Preferred semantic design-system token,CODE_CONFIRMED
TOK-03716,semantic-token,bg-success/10,apps/frontend/src/components/integrations/GoogleAccountCard.tsx,108,Preferred semantic design-system token,CODE_CONFIRMED
TOK-03717,semantic-token,text-success,apps/frontend/src/components/integrations/GoogleAccountCard.tsx,108,Preferred semantic design-system token,CODE_CONFIRMED
TOK-03718,semantic-token,bg-success,apps/frontend/src/components/integrations/GoogleAccountCard.tsx,109,Preferred semantic design-system token,CODE_CONFIRMED
TOK-03719,semantic-token,border-success/30,apps/frontend/src/components/integrations/GoogleAccountCard.tsx,115,Preferred semantic design-system token,CODE_CONFIRMED
TOK-03720,semantic-token,bg-success/10,apps/frontend/src/components/integrations/GoogleAccountCard.tsx,115,Preferred semantic design-system token,CODE_CONFIRMED
TOK-03721,semantic-token,text-success,apps/frontend/src/components/integrations/GoogleAccountCard.tsx,115,Preferred semantic design-system token,CODE_CONFIRMED
TOK-03722,semantic-token,text-fg,apps/frontend/src/components/integrations/GoogleAccountCard.tsx,122,Preferred semantic design-system token,CODE_CONFIRMED
TOK-03723,semantic-token,bg-brand-500,apps/frontend/src/components/integrations/GoogleAccountCard.tsx,129,Preferred semantic design-system token,CODE_CONFIRMED
TOK-03724,semantic-token,text-bg,apps/frontend/src/components/integrations/GoogleAccountCard.tsx,129,Preferred semantic design-system token,CODE_CONFIRMED
TOK-03725,semantic-token,bg-brand-400,apps/frontend/src/components/integrations/GoogleAccountCard.tsx,129,Preferred semantic design-system token,CODE_CONFIRMED
TOK-03726,semantic-token,text-danger,apps/frontend/src/components/integrations/GoogleAccountCard.tsx,142,Preferred semantic design-system token,CODE_CONFIRMED
TOK-03727,semantic-token,text-fg,apps/frontend/src/components/integrations/GoogleAccountCard.tsx,148,Preferred semantic design-system token,CODE_CONFIRMED
TOK-03728,semantic-token,text-fg,apps/frontend/src/components/integrations/GoogleAccountCard.tsx,152,Preferred semantic design-system token,CODE_CONFIRMED
TOK-03729,semantic-token,border-danger/30,apps/frontend/src/components/integrations/GoogleAccountCard.tsx,160,Preferred semantic design-system token,CODE_CONFIRMED
TOK-03730,semantic-token,text-danger,apps/frontend/src/components/integrations/GoogleAccountCard.tsx,160,Preferred semantic design-system token,CODE_CONFIRMED
TOK-03731,semantic-token,bg-danger/5,apps/frontend/src/components/integrations/GoogleAccountCard.tsx,160,Preferred semantic design-system token,CODE_CONFIRMED
TOK-03732,semantic-token,text-danger,apps/frontend/src/components/integrations/GoogleAccountCard.tsx,173,Preferred semantic design-system token,CODE_CONFIRMED
TOK-03733,static-color,bg-black/90,apps/frontend/src/components/jellyfin/AudioTrackSelector.tsx,15,Review light/dark contrast and accent bypass,REVIEW_REQUIRED
TOK-03734,static-color,text-white/50,apps/frontend/src/components/jellyfin/AudioTrackSelector.tsx,17,Review light/dark contrast and accent bypass,REVIEW_REQUIRED
TOK-03735,static-color,text-white/50,apps/frontend/src/components/jellyfin/AudioTrackSelector.tsx,18,Review light/dark contrast and accent bypass,REVIEW_REQUIRED
TOK-03736,static-color,text-white,apps/frontend/src/components/jellyfin/AudioTrackSelector.tsx,18,Review light/dark contrast and accent bypass,REVIEW_REQUIRED
TOK-03737,static-color,bg-white/10,apps/frontend/src/components/jellyfin/AudioTrackSelector.tsx,28,Review light/dark contrast and accent bypass,REVIEW_REQUIRED
TOK-03738,static-color,text-white,apps/frontend/src/components/jellyfin/AudioTrackSelector.tsx,28,Review light/dark contrast and accent bypass,REVIEW_REQUIRED
TOK-03739,static-color,bg-white/5,apps/frontend/src/components/jellyfin/AudioTrackSelector.tsx,28,Review light/dark contrast and accent bypass,REVIEW_REQUIRED
TOK-03740,semantic-token,text-brand-500,apps/frontend/src/components/jellyfin/AudioTrackSelector.tsx,28,Preferred semantic design-system token,CODE_CONFIRMED
TOK-03741,static-color,bg-black/70,apps/frontend/src/components/jellyfin/GestureHandler.tsx,159,Review light/dark contrast and accent bypass,REVIEW_REQUIRED
TOK-03742,static-color,text-white,apps/frontend/src/components/jellyfin/GestureHandler.tsx,162,Review light/dark contrast and accent bypass,REVIEW_REQUIRED
TOK-03743,static-color,text-white,apps/frontend/src/components/jellyfin/GestureHandler.tsx,163,Review light/dark contrast and accent bypass,REVIEW_REQUIRED
TOK-03744,static-color,text-white,apps/frontend/src/components/jellyfin/GestureHandler.tsx,165,Review light/dark contrast and accent bypass,REVIEW_REQUIRED
TOK-03745,static-color,text-white,apps/frontend/src/components/jellyfin/GestureHandler.tsx,166,Review light/dark contrast and accent bypass,REVIEW_REQUIRED
TOK-03746,static-color,text-white,apps/frontend/src/components/jellyfin/GestureHandler.tsx,168,Review light/dark contrast and accent bypass,REVIEW_REQUIRED
TOK-03747,semantic-token,text-fg,apps/frontend/src/components/jellyfin/media/CastSection.tsx,28,Preferred semantic design-system token,CODE_CONFIRMED
TOK-03748,semantic-token,text-fg,apps/frontend/src/components/jellyfin/media/CastSection.tsx,52,Preferred semantic design-system token,CODE_CONFIRMED
TOK-03749,semantic-token,text-fg,apps/frontend/src/components/jellyfin/media/CastSection.tsx,57,Preferred semantic design-system token,CODE_CONFIRMED
TOK-03750,semantic-token,border-border,apps/frontend/src/components/jellyfin/media/CastSection.tsx,70,Preferred semantic design-system token,CODE_CONFIRMED
TOK-03751,semantic-token,bg-bg,apps/frontend/src/components/jellyfin/media/CastSection.tsx,70,Preferred semantic design-system token,CODE_CONFIRMED
TOK-03752,semantic-token,border-brand-500/30,apps/frontend/src/components/jellyfin/media/CastSection.tsx,70,Preferred semantic design-system token,CODE_CONFIRMED
TOK-03753,semantic-token,bg-bg,apps/frontend/src/components/jellyfin/media/CastSection.tsx,72,Preferred semantic design-system token,CODE_CONFIRMED
TOK-03754,semantic-token,text-fg,apps/frontend/src/components/jellyfin/media/CastSection.tsx,73,Preferred semantic design-system token,CODE_CONFIRMED
TOK-03755,semantic-token,text-fg,apps/frontend/src/components/jellyfin/media/CastSection.tsx,77,Preferred semantic design-system token,CODE_CONFIRMED
TOK-03756,static-color,bg-black/60,apps/frontend/src/components/jellyfin/media/ContentRow.tsx,81,Review light/dark contrast and accent bypass,REVIEW_REQUIRED
TOK-03757,static-color,text-white,apps/frontend/src/components/jellyfin/media/ContentRow.tsx,81,Review light/dark contrast and accent bypass,REVIEW_REQUIRED
TOK-03758,static-color,bg-black/80,apps/frontend/src/components/jellyfin/media/ContentRow.tsx,81,Review light/dark contrast and accent bypass,REVIEW_REQUIRED
TOK-03759,static-color,bg-black/60,apps/frontend/src/components/jellyfin/media/ContentRow.tsx,115,Review light/dark contrast and accent bypass,REVIEW_REQUIRED
TOK-03760,static-color,text-white,apps/frontend/src/components/jellyfin/media/ContentRow.tsx,115,Review light/dark contrast and accent bypass,REVIEW_REQUIRED
TOK-03761,static-color,bg-black/80,apps/frontend/src/components/jellyfin/media/ContentRow.tsx,115,Review light/dark contrast and accent bypass,REVIEW_REQUIRED
TOK-03762,semantic-token,border-border,apps/frontend/src/components/jellyfin/media/ContentRow.tsx,52,Preferred semantic design-system token,CODE_CONFIRMED
TOK-03763,semantic-token,bg-bg,apps/frontend/src/components/jellyfin/media/ContentRow.tsx,52,Preferred semantic design-system token,CODE_CONFIRMED
TOK-03764,semantic-token,bg-bg,apps/frontend/src/components/jellyfin/media/ContentRow.tsx,53,Preferred semantic design-system token,CODE_CONFIRMED
TOK-03765,semantic-token,bg-bg,apps/frontend/src/components/jellyfin/media/ContentRow.tsx,55,Preferred semantic design-system token,CODE_CONFIRMED
TOK-03766,semantic-token,bg-bg,apps/frontend/src/components/jellyfin/media/ContentRow.tsx,56,Preferred semantic design-system token,CODE_CONFIRMED
TOK-03767,static-color,bg-black/30,apps/frontend/src/components/jellyfin/media/DetailHeader.tsx,69,Review light/dark contrast and accent bypass,REVIEW_REQUIRED
TOK-03768,static-color,text-white/70,apps/frontend/src/components/jellyfin/media/DetailHeader.tsx,69,Review light/dark contrast and accent bypass,REVIEW_REQUIRED
TOK-03769,static-color,text-white,apps/frontend/src/components/jellyfin/media/DetailHeader.tsx,69,Review light/dark contrast and accent bypass,REVIEW_REQUIRED
TOK-03770,static-color,bg-white/10,apps/frontend/src/components/jellyfin/media/DetailHeader.tsx,69,Review light/dark contrast and accent bypass,REVIEW_REQUIRED
TOK-03771,static-color,text-white,apps/frontend/src/components/jellyfin/media/DetailHeader.tsx,103,Review light/dark contrast and accent bypass,REVIEW_REQUIRED
TOK-03772,static-color,text-white/90,apps/frontend/src/components/jellyfin/media/DetailHeader.tsx,108,Review light/dark contrast and accent bypass,REVIEW_REQUIRED
TOK-03773,static-color,text-yellow-400,apps/frontend/src/components/jellyfin/media/DetailHeader.tsx,118,Review light/dark contrast and accent bypass,REVIEW_REQUIRED
TOK-03774,static-color,bg-black/25,apps/frontend/src/components/jellyfin/media/DetailHeader.tsx,130,Review light/dark contrast and accent bypass,REVIEW_REQUIRED
TOK-03775,static-color,text-white/90,apps/frontend/src/components/jellyfin/media/DetailHeader.tsx,130,Review light/dark contrast and accent bypass,REVIEW_REQUIRED
TOK-03776,static-color,text-white,apps/frontend/src/components/jellyfin/media/DetailHeader.tsx,143,Review light/dark contrast and accent bypass,REVIEW_REQUIRED
TOK-03777,static-color,bg-white,apps/frontend/src/components/jellyfin/media/DetailHeader.tsx,151,Review light/dark contrast and accent bypass,REVIEW_REQUIRED
TOK-03778,static-color,text-black,apps/frontend/src/components/jellyfin/media/DetailHeader.tsx,151,Review light/dark contrast and accent bypass,REVIEW_REQUIRED
TOK-03779,static-color,bg-white/90,apps/frontend/src/components/jellyfin/media/DetailHeader.tsx,151,Review light/dark contrast and accent bypass,REVIEW_REQUIRED
TOK-03780,static-color,border-red-500,apps/frontend/src/components/jellyfin/media/DetailHeader.tsx,164,Review light/dark contrast and accent bypass,REVIEW_REQUIRED
TOK-03781,static-color,bg-red-500/25,apps/frontend/src/components/jellyfin/media/DetailHeader.tsx,164,Review light/dark contrast and accent bypass,REVIEW_REQUIRED
TOK-03782,static-color,text-red-300,apps/frontend/src/components/jellyfin/media/DetailHeader.tsx,164,Review light/dark contrast and accent bypass,REVIEW_REQUIRED
TOK-03783,static-color,bg-black/25,apps/frontend/src/components/jellyfin/media/DetailHeader.tsx,165,Review light/dark contrast and accent bypass,REVIEW_REQUIRED
TOK-03784,static-color,text-white/90,apps/frontend/src/components/jellyfin/media/DetailHeader.tsx,165,Review light/dark contrast and accent bypass,REVIEW_REQUIRED
TOK-03785,static-color,text-white,apps/frontend/src/components/jellyfin/media/DetailHeader.tsx,165,Review light/dark contrast and accent bypass,REVIEW_REQUIRED
TOK-03786,semantic-token,bg-bg,apps/frontend/src/components/jellyfin/media/DetailHeader.tsx,91,Preferred semantic design-system token,CODE_CONFIRMED
TOK-03787,semantic-token,text-fg,apps/frontend/src/components/jellyfin/media/DetailHeader.tsx,92,Preferred semantic design-system token,CODE_CONFIRMED
TOK-03788,semantic-token,bg-brand-500,apps/frontend/src/components/jellyfin/media/DetailHeader.tsx,143,Preferred semantic design-system token,CODE_CONFIRMED
TOK-03789,semantic-token,bg-brand-400,apps/frontend/src/components/jellyfin/media/DetailHeader.tsx,143,Preferred semantic design-system token,CODE_CONFIRMED
TOK-03790,static-color,bg-black/40,apps/frontend/src/components/jellyfin/media/EpisodeList.tsx,60,Review light/dark contrast and accent bypass,REVIEW_REQUIRED
TOK-03791,static-color,bg-black/0,apps/frontend/src/components/jellyfin/media/EpisodeList.tsx,69,Review light/dark contrast and accent bypass,REVIEW_REQUIRED
TOK-03792,static-color,bg-black/40,apps/frontend/src/components/jellyfin/media/EpisodeList.tsx,69,Review light/dark contrast and accent bypass,REVIEW_REQUIRED
TOK-03793,static-color,text-white,apps/frontend/src/components/jellyfin/media/EpisodeList.tsx,70,Review light/dark contrast and accent bypass,REVIEW_REQUIRED
TOK-03794,static-color,bg-black/60,apps/frontend/src/components/jellyfin/media/EpisodeList.tsx,73,Review light/dark contrast and accent bypass,REVIEW_REQUIRED
TOK-03795,static-color,text-green-400,apps/frontend/src/components/jellyfin/media/EpisodeList.tsx,97,Review light/dark contrast and accent bypass,REVIEW_REQUIRED
TOK-03796,static-color,text-green-400,apps/frontend/src/components/jellyfin/media/EpisodeList.tsx,101,Review light/dark contrast and accent bypass,REVIEW_REQUIRED
TOK-03797,semantic-token,border-border,apps/frontend/src/components/jellyfin/media/EpisodeList.tsx,47,Preferred semantic design-system token,CODE_CONFIRMED
TOK-03798,semantic-token,bg-bg,apps/frontend/src/components/jellyfin/media/EpisodeList.tsx,47,Preferred semantic design-system token,CODE_CONFIRMED
TOK-03799,semantic-token,border-brand-500/30,apps/frontend/src/components/jellyfin/media/EpisodeList.tsx,48,Preferred semantic design-system token,CODE_CONFIRMED
TOK-03800,semantic-token,bg-brand-500/5,apps/frontend/src/components/jellyfin/media/EpisodeList.tsx,48,Preferred semantic design-system token,CODE_CONFIRMED
TOK-03801,semantic-token,ring-brand-500,apps/frontend/src/components/jellyfin/media/EpisodeList.tsx,49,Preferred semantic design-system token,CODE_CONFIRMED
TOK-03802,semantic-token,bg-brand-500,apps/frontend/src/components/jellyfin/media/EpisodeList.tsx,74,Preferred semantic design-system token,CODE_CONFIRMED
TOK-03803,semantic-token,text-fg,apps/frontend/src/components/jellyfin/media/EpisodeList.tsx,84,Preferred semantic design-system token,CODE_CONFIRMED
TOK-03804,semantic-token,bg-bg,apps/frontend/src/components/jellyfin/media/EpisodeList.tsx,94,Preferred semantic design-system token,CODE_CONFIRMED
TOK-03805,semantic-token,text-fg,apps/frontend/src/components/jellyfin/media/EpisodeList.tsx,98,Preferred semantic design-system token,CODE_CONFIRMED
TOK-03806,semantic-token,text-fg,apps/frontend/src/components/jellyfin/media/EpisodeList.tsx,98,Preferred semantic design-system token,CODE_CONFIRMED
TOK-03807,semantic-token,text-fg,apps/frontend/src/components/jellyfin/media/EpisodeList.tsx,103,Preferred semantic design-system token,CODE_CONFIRMED
TOK-03808,semantic-token,text-fg,apps/frontend/src/components/jellyfin/media/EpisodeList.tsx,106,Preferred semantic design-system token,CODE_CONFIRMED
TOK-03809,semantic-token,text-fg,apps/frontend/src/components/jellyfin/media/EpisodeList.tsx,114,Preferred semantic design-system token,CODE_CONFIRMED
TOK-03810,semantic-token,text-fg,apps/frontend/src/components/jellyfin/media/GenreContentRow.tsx,61,Preferred semantic design-system token,CODE_CONFIRMED
TOK-03811,static-color,text-white,apps/frontend/src/components/jellyfin/media/HeroBanner.tsx,81,Review light/dark contrast and accent bypass,REVIEW_REQUIRED
TOK-03812,static-color,text-white/80,apps/frontend/src/components/jellyfin/media/HeroBanner.tsx,86,Review light/dark contrast and accent bypass,REVIEW_REQUIRED
TOK-03813,static-color,text-yellow-400,apps/frontend/src/components/jellyfin/media/HeroBanner.tsx,93,Review light/dark contrast and accent bypass,REVIEW_REQUIRED
TOK-03814,static-color,text-white/70,apps/frontend/src/components/jellyfin/media/HeroBanner.tsx,106,Review light/dark contrast and accent bypass,REVIEW_REQUIRED
TOK-03815,static-color,bg-white,apps/frontend/src/components/jellyfin/media/HeroBanner.tsx,115,Review light/dark contrast and accent bypass,REVIEW_REQUIRED
TOK-03816,static-color,text-black,apps/frontend/src/components/jellyfin/media/HeroBanner.tsx,115,Review light/dark contrast and accent bypass,REVIEW_REQUIRED
TOK-03817,static-color,bg-white/90,apps/frontend/src/components/jellyfin/media/HeroBanner.tsx,115,Review light/dark contrast and accent bypass,REVIEW_REQUIRED
TOK-03818,static-color,bg-white/15,apps/frontend/src/components/jellyfin/media/HeroBanner.tsx,122,Review light/dark contrast and accent bypass,REVIEW_REQUIRED
TOK-03819,static-color,text-white,apps/frontend/src/components/jellyfin/media/HeroBanner.tsx,122,Review light/dark contrast and accent bypass,REVIEW_REQUIRED
TOK-03820,static-color,bg-white/25,apps/frontend/src/components/jellyfin/media/HeroBanner.tsx,122,Review light/dark contrast and accent bypass,REVIEW_REQUIRED
TOK-03821,static-color,bg-white,apps/frontend/src/components/jellyfin/media/HeroBanner.tsx,140,Review light/dark contrast and accent bypass,REVIEW_REQUIRED
TOK-03822,static-color,bg-white/40,apps/frontend/src/components/jellyfin/media/HeroBanner.tsx,140,Review light/dark contrast and accent bypass,REVIEW_REQUIRED
TOK-03823,static-color,bg-white/60,apps/frontend/src/components/jellyfin/media/HeroBanner.tsx,140,Review light/dark contrast and accent bypass,REVIEW_REQUIRED
TOK-03824,semantic-token,border-border,apps/frontend/src/components/jellyfin/media/JellyfinPageWrapper.tsx,17,Preferred semantic design-system token,CODE_CONFIRMED
TOK-03825,semantic-token,bg-bg,apps/frontend/src/components/jellyfin/media/JellyfinPageWrapper.tsx,17,Preferred semantic design-system token,CODE_CONFIRMED
TOK-03826,semantic-token,text-fg,apps/frontend/src/components/jellyfin/media/JellyfinPageWrapper.tsx,17,Preferred semantic design-system token,CODE_CONFIRMED
TOK-03827,semantic-token,text-fg,apps/frontend/src/components/jellyfin/media/JellyfinPageWrapper.tsx,17,Preferred semantic design-system token,CODE_CONFIRMED
TOK-03828,semantic-token,border-brand-500/30,apps/frontend/src/components/jellyfin/media/JellyfinPageWrapper.tsx,17,Preferred semantic design-system token,CODE_CONFIRMED
TOK-03829,static-color,bg-black/40,apps/frontend/src/components/jellyfin/media/MediaCard.tsx,81,Review light/dark contrast and accent bypass,REVIEW_REQUIRED
TOK-03830,static-color,bg-green-500/80,apps/frontend/src/components/jellyfin/media/MediaCard.tsx,111,Review light/dark contrast and accent bypass,REVIEW_REQUIRED
TOK-03831,static-color,text-white,apps/frontend/src/components/jellyfin/media/MediaCard.tsx,111,Review light/dark contrast and accent bypass,REVIEW_REQUIRED
TOK-03832,static-color,bg-yellow-500/80,apps/frontend/src/components/jellyfin/media/MediaCard.tsx,116,Review light/dark contrast and accent bypass,REVIEW_REQUIRED
TOK-03833,static-color,text-white,apps/frontend/src/components/jellyfin/media/MediaCard.tsx,116,Review light/dark contrast and accent bypass,REVIEW_REQUIRED
TOK-03834,static-color,text-white,apps/frontend/src/components/jellyfin/media/MediaCard.tsx,122,Review light/dark contrast and accent bypass,REVIEW_REQUIRED
TOK-03835,static-color,bg-black/40,apps/frontend/src/components/jellyfin/media/MediaCard.tsx,130,Review light/dark contrast and accent bypass,REVIEW_REQUIRED
TOK-03836,static-color,bg-black/0,apps/frontend/src/components/jellyfin/media/MediaCard.tsx,139,Review light/dark contrast and accent bypass,REVIEW_REQUIRED
TOK-03837,static-color,bg-black/40,apps/frontend/src/components/jellyfin/media/MediaCard.tsx,139,Review light/dark contrast and accent bypass,REVIEW_REQUIRED
TOK-03838,static-color,bg-white/20,apps/frontend/src/components/jellyfin/media/MediaCard.tsx,140,Review light/dark contrast and accent bypass,REVIEW_REQUIRED
TOK-03839,static-color,text-white,apps/frontend/src/components/jellyfin/media/MediaCard.tsx,141,Review light/dark contrast and accent bypass,REVIEW_REQUIRED
TOK-03840,static-color,text-yellow-400,apps/frontend/src/components/jellyfin/media/MediaCard.tsx,150,Review light/dark contrast and accent bypass,REVIEW_REQUIRED
TOK-03841,static-color,text-white/70,apps/frontend/src/components/jellyfin/media/MediaCard.tsx,156,Review light/dark contrast and accent bypass,REVIEW_REQUIRED
TOK-03842,static-color,text-white/70,apps/frontend/src/components/jellyfin/media/MediaCard.tsx,159,Review light/dark contrast and accent bypass,REVIEW_REQUIRED
TOK-03843,static-color,text-white/80,apps/frontend/src/components/jellyfin/media/MediaCard.tsx,162,Review light/dark contrast and accent bypass,REVIEW_REQUIRED
TOK-03844,static-color,bg-blue-500/10,apps/frontend/src/components/jellyfin/media/MediaCard.tsx,182,Review light/dark contrast and accent bypass,REVIEW_REQUIRED
TOK-03845,static-color,text-blue-400,apps/frontend/src/components/jellyfin/media/MediaCard.tsx,182,Review light/dark contrast and accent bypass,REVIEW_REQUIRED
TOK-03846,semantic-token,border-border,apps/frontend/src/components/jellyfin/media/MediaCard.tsx,74,Preferred semantic design-system token,CODE_CONFIRMED
TOK-03847,semantic-token,bg-bg,apps/frontend/src/components/jellyfin/media/MediaCard.tsx,74,Preferred semantic design-system token,CODE_CONFIRMED
TOK-03848,semantic-token,border-brand-500/30,apps/frontend/src/components/jellyfin/media/MediaCard.tsx,75,Preferred semantic design-system token,CODE_CONFIRMED
TOK-03849,semantic-token,ring-brand-500,apps/frontend/src/components/jellyfin/media/MediaCard.tsx,76,Preferred semantic design-system token,CODE_CONFIRMED
TOK-03850,semantic-token,bg-bg,apps/frontend/src/components/jellyfin/media/MediaCard.tsx,103,Preferred semantic design-system token,CODE_CONFIRMED
TOK-03851,semantic-token,text-fg,apps/frontend/src/components/jellyfin/media/MediaCard.tsx,104,Preferred semantic design-system token,CODE_CONFIRMED
TOK-03852,semantic-token,bg-brand-500/80,apps/frontend/src/components/jellyfin/media/MediaCard.tsx,122,Preferred semantic design-system token,CODE_CONFIRMED
TOK-03853,semantic-token,bg-brand-500,apps/frontend/src/components/jellyfin/media/MediaCard.tsx,132,Preferred semantic design-system token,CODE_CONFIRMED
TOK-03854,semantic-token,text-fg,apps/frontend/src/components/jellyfin/media/MediaCard.tsx,174,Preferred semantic design-system token,CODE_CONFIRMED
TOK-03855,semantic-token,border-border,apps/frontend/src/components/jellyfin/media/MediaCard.tsx,218,Preferred semantic design-system token,CODE_CONFIRMED
TOK-03856,semantic-token,bg-bg,apps/frontend/src/components/jellyfin/media/MediaCard.tsx,218,Preferred semantic design-system token,CODE_CONFIRMED
TOK-03857,semantic-token,bg-bg,apps/frontend/src/components/jellyfin/media/MediaCard.tsx,219,Preferred semantic design-system token,CODE_CONFIRMED
TOK-03858,semantic-token,bg-bg,apps/frontend/src/components/jellyfin/media/MediaCard.tsx,221,Preferred semantic design-system token,CODE_CONFIRMED
TOK-03859,semantic-token,bg-bg,apps/frontend/src/components/jellyfin/media/MediaCard.tsx,222,Preferred semantic design-system token,CODE_CONFIRMED
TOK-03860,semantic-token,border-border,apps/frontend/src/components/jellyfin/media/MediaCard.tsx,232,Preferred semantic design-system token,CODE_CONFIRMED
TOK-03861,semantic-token,text-fg,apps/frontend/src/components/jellyfin/media/MediaCard.tsx,233,Preferred semantic design-system token,CODE_CONFIRMED
TOK-03862,static-color,bg-black/60,apps/frontend/src/components/jellyfin/media/SearchOverlay.tsx,93,Review light/dark contrast and accent bypass,REVIEW_REQUIRED
TOK-03863,static-color,text-blue-400,apps/frontend/src/components/jellyfin/media/SearchOverlay.tsx,144,Review light/dark contrast and accent bypass,REVIEW_REQUIRED
TOK-03864,static-color,text-green-400,apps/frontend/src/components/jellyfin/media/SearchOverlay.tsx,174,Review light/dark contrast and accent bypass,REVIEW_REQUIRED
TOK-03865,semantic-token,text-fg,apps/frontend/src/components/jellyfin/media/SearchOverlay.tsx,99,Preferred semantic design-system token,CODE_CONFIRMED
TOK-03866,semantic-token,border-brand-500/50,apps/frontend/src/components/jellyfin/media/SearchOverlay.tsx,106,Preferred semantic design-system token,CODE_CONFIRMED
TOK-03867,semantic-token,bg-bg,apps/frontend/src/components/jellyfin/media/SearchOverlay.tsx,106,Preferred semantic design-system token,CODE_CONFIRMED
TOK-03868,semantic-token,text-fg,apps/frontend/src/components/jellyfin/media/SearchOverlay.tsx,106,Preferred semantic design-system token,CODE_CONFIRMED
TOK-03869,semantic-token,border-brand-500,apps/frontend/src/components/jellyfin/media/SearchOverlay.tsx,106,Preferred semantic design-system token,CODE_CONFIRMED
TOK-03870,semantic-token,text-fg,apps/frontend/src/components/jellyfin/media/SearchOverlay.tsx,110,Preferred semantic design-system token,CODE_CONFIRMED
TOK-03871,semantic-token,text-fg,apps/frontend/src/components/jellyfin/media/SearchOverlay.tsx,110,Preferred semantic design-system token,CODE_CONFIRMED
TOK-03872,semantic-token,bg-bg,apps/frontend/src/components/jellyfin/media/SearchOverlay.tsx,110,Preferred semantic design-system token,CODE_CONFIRMED
TOK-03873,semantic-token,border-border,apps/frontend/src/components/jellyfin/media/SearchOverlay.tsx,117,Preferred semantic design-system token,CODE_CONFIRMED
TOK-03874,semantic-token,bg-bg,apps/frontend/src/components/jellyfin/media/SearchOverlay.tsx,117,Preferred semantic design-system token,CODE_CONFIRMED
TOK-03875,semantic-token,text-fg,apps/frontend/src/components/jellyfin/media/SearchOverlay.tsx,120,Preferred semantic design-system token,CODE_CONFIRMED
TOK-03876,semantic-token,text-fg,apps/frontend/src/components/jellyfin/media/SearchOverlay.tsx,127,Preferred semantic design-system token,CODE_CONFIRMED
TOK-03877,semantic-token,text-fg,apps/frontend/src/components/jellyfin/media/SearchOverlay.tsx,130,Preferred semantic design-system token,CODE_CONFIRMED
TOK-03878,semantic-token,text-fg,apps/frontend/src/components/jellyfin/media/SearchOverlay.tsx,138,Preferred semantic design-system token,CODE_CONFIRMED
TOK-03879,semantic-token,border-border,apps/frontend/src/components/jellyfin/media/SearchOverlay.tsx,232,Preferred semantic design-system token,CODE_CONFIRMED
TOK-03880,semantic-token,bg-bg,apps/frontend/src/components/jellyfin/media/SearchOverlay.tsx,232,Preferred semantic design-system token,CODE_CONFIRMED
TOK-03881,semantic-token,text-fg,apps/frontend/src/components/jellyfin/media/SearchOverlay.tsx,232,Preferred semantic design-system token,CODE_CONFIRMED
TOK-03882,semantic-token,text-fg,apps/frontend/src/components/jellyfin/media/SearchOverlay.tsx,232,Preferred semantic design-system token,CODE_CONFIRMED
TOK-03883,semantic-token,border-brand-500/30,apps/frontend/src/components/jellyfin/media/SearchOverlay.tsx,232,Preferred semantic design-system token,CODE_CONFIRMED
TOK-03884,semantic-token,border-border,apps/frontend/src/components/jellyfin/media/SearchOverlay.tsx,237,Preferred semantic design-system token,CODE_CONFIRMED
TOK-03885,semantic-token,text-fg,apps/frontend/src/components/jellyfin/media/SearchOverlay.tsx,237,Preferred semantic design-system token,CODE_CONFIRMED
TOK-03886,semantic-token,border-border,apps/frontend/src/components/jellyfin/media/SeasonPicker.tsx,34,Preferred semantic design-system token,CODE_CONFIRMED
TOK-03887,semantic-token,bg-bg,apps/frontend/src/components/jellyfin/media/SeasonPicker.tsx,34,Preferred semantic design-system token,CODE_CONFIRMED
TOK-03888,semantic-token,border-brand-500/30,apps/frontend/src/components/jellyfin/media/SeasonPicker.tsx,34,Preferred semantic design-system token,CODE_CONFIRMED
TOK-03889,semantic-token,border-border,apps/frontend/src/components/jellyfin/media/SeasonPicker.tsx,43,Preferred semantic design-system token,CODE_CONFIRMED
TOK-03890,semantic-token,bg-bg,apps/frontend/src/components/jellyfin/media/SeasonPicker.tsx,43,Preferred semantic design-system token,CODE_CONFIRMED
TOK-03891,semantic-token,bg-brand-500/10,apps/frontend/src/components/jellyfin/media/SeasonPicker.tsx,51,Preferred semantic design-system token,CODE_CONFIRMED
TOK-03892,semantic-token,bg-brand-500/10,apps/frontend/src/components/jellyfin/media/SeasonPicker.tsx,52,Preferred semantic design-system token,CODE_CONFIRMED
TOK-03893,semantic-token,text-brand-400,apps/frontend/src/components/jellyfin/media/SeasonPicker.tsx,52,Preferred semantic design-system token,CODE_CONFIRMED
TOK-03894,semantic-token,text-fg,apps/frontend/src/components/jellyfin/media/SimilarSection.tsx,31,Preferred semantic design-system token,CODE_CONFIRMED
TOK-03895,static-color,bg-black/25,apps/frontend/src/components/jellyfin/media/WatchlistButton.tsx,128,Review light/dark contrast and accent bypass,REVIEW_REQUIRED
TOK-03896,static-color,text-white/90,apps/frontend/src/components/jellyfin/media/WatchlistButton.tsx,128,Review light/dark contrast and accent bypass,REVIEW_REQUIRED
TOK-03897,static-color,text-white,apps/frontend/src/components/jellyfin/media/WatchlistButton.tsx,128,Review light/dark contrast and accent bypass,REVIEW_REQUIRED
TOK-03898,static-color,bg-black/70,apps/frontend/src/components/jellyfin/media/WatchlistButton.tsx,135,Review light/dark contrast and accent bypass,REVIEW_REQUIRED
TOK-03899,static-color,text-white,apps/frontend/src/components/jellyfin/media/WatchlistButton.tsx,135,Review light/dark contrast and accent bypass,REVIEW_REQUIRED
TOK-03900,semantic-token,border-brand-500,apps/frontend/src/components/jellyfin/media/WatchlistButton.tsx,127,Preferred semantic design-system token,CODE_CONFIRMED
TOK-03901,semantic-token,bg-brand-500/25,apps/frontend/src/components/jellyfin/media/WatchlistButton.tsx,127,Preferred semantic design-system token,CODE_CONFIRMED
TOK-03902,semantic-token,text-brand-300,apps/frontend/src/components/jellyfin/media/WatchlistButton.tsx,127,Preferred semantic design-system token,CODE_CONFIRMED
TOK-03903,semantic-token,border-border,apps/frontend/src/components/jellyfin/media/WatchlistPicker.tsx,79,Preferred semantic design-system token,CODE_CONFIRMED
TOK-03904,semantic-token,bg-bg,apps/frontend/src/components/jellyfin/media/WatchlistPicker.tsx,79,Preferred semantic design-system token,CODE_CONFIRMED
TOK-03905,semantic-token,text-fg,apps/frontend/src/components/jellyfin/media/WatchlistPicker.tsx,80,Preferred semantic design-system token,CODE_CONFIRMED
TOK-03906,semantic-token,bg-bg,apps/frontend/src/components/jellyfin/media/WatchlistPicker.tsx,89,Preferred semantic design-system token,CODE_CONFIRMED
TOK-03907,semantic-token,text-brand-400,apps/frontend/src/components/jellyfin/media/WatchlistPicker.tsx,91,Preferred semantic design-system token,CODE_CONFIRMED
TOK-03908,semantic-token,text-fg,apps/frontend/src/components/jellyfin/media/WatchlistPicker.tsx,91,Preferred semantic design-system token,CODE_CONFIRMED
TOK-03909,semantic-token,text-fg,apps/frontend/src/components/jellyfin/media/WatchlistPicker.tsx,93,Preferred semantic design-system token,CODE_CONFIRMED
TOK-03910,semantic-token,text-fg,apps/frontend/src/components/jellyfin/media/WatchlistPicker.tsx,98,Preferred semantic design-system token,CODE_CONFIRMED
TOK-03911,semantic-token,border-border,apps/frontend/src/components/jellyfin/media/WatchlistPicker.tsx,100,Preferred semantic design-system token,CODE_CONFIRMED
TOK-03912,semantic-token,border-border,apps/frontend/src/components/jellyfin/media/WatchlistPicker.tsx,111,Preferred semantic design-system token,CODE_CONFIRMED
TOK-03913,semantic-token,bg-bg,apps/frontend/src/components/jellyfin/media/WatchlistPicker.tsx,111,Preferred semantic design-system token,CODE_CONFIRMED
TOK-03914,semantic-token,border-brand-500/50,apps/frontend/src/components/jellyfin/media/WatchlistPicker.tsx,111,Preferred semantic design-system token,CODE_CONFIRMED
TOK-03915,semantic-token,text-brand-400,apps/frontend/src/components/jellyfin/media/WatchlistPicker.tsx,115,Preferred semantic design-system token,CODE_CONFIRMED
TOK-03916,static-color,text-white,apps/frontend/src/components/jellyfin/MusicPlayerBar.tsx,111,Review light/dark contrast and accent bypass,REVIEW_REQUIRED
TOK-03917,static-color,text-white,apps/frontend/src/components/jellyfin/MusicPlayerBar.tsx,111,Review light/dark contrast and accent bypass,REVIEW_REQUIRED
TOK-03918,static-color,bg-white/10,apps/frontend/src/components/jellyfin/MusicPlayerBar.tsx,137,Review light/dark contrast and accent bypass,REVIEW_REQUIRED
TOK-03919,static-color,bg-white/10,apps/frontend/src/components/jellyfin/MusicPlayerBar.tsx,156,Review light/dark contrast and accent bypass,REVIEW_REQUIRED
TOK-03920,semantic-token,border-border,apps/frontend/src/components/jellyfin/MusicPlayerBar.tsx,79,Preferred semantic design-system token,CODE_CONFIRMED
TOK-03921,semantic-token,bg-bg,apps/frontend/src/components/jellyfin/MusicPlayerBar.tsx,79,Preferred semantic design-system token,CODE_CONFIRMED
TOK-03922,semantic-token,bg-bg,apps/frontend/src/components/jellyfin/MusicPlayerBar.tsx,83,Preferred semantic design-system token,CODE_CONFIRMED
TOK-03923,semantic-token,text-fg,apps/frontend/src/components/jellyfin/MusicPlayerBar.tsx,87,Preferred semantic design-system token,CODE_CONFIRMED
TOK-03924,semantic-token,text-fg,apps/frontend/src/components/jellyfin/MusicPlayerBar.tsx,91,Preferred semantic design-system token,CODE_CONFIRMED
TOK-03925,semantic-token,text-fg,apps/frontend/src/components/jellyfin/MusicPlayerBar.tsx,92,Preferred semantic design-system token,CODE_CONFIRMED
TOK-03926,semantic-token,text-brand-500,apps/frontend/src/components/jellyfin/MusicPlayerBar.tsx,100,Preferred semantic design-system token,CODE_CONFIRMED
TOK-03927,semantic-token,text-fg,apps/frontend/src/components/jellyfin/MusicPlayerBar.tsx,100,Preferred semantic design-system token,CODE_CONFIRMED
TOK-03928,semantic-token,text-fg,apps/frontend/src/components/jellyfin/MusicPlayerBar.tsx,100,Preferred semantic design-system token,CODE_CONFIRMED
TOK-03929,semantic-token,text-fg,apps/frontend/src/components/jellyfin/MusicPlayerBar.tsx,103,Preferred semantic design-system token,CODE_CONFIRMED
TOK-03930,semantic-token,text-fg,apps/frontend/src/components/jellyfin/MusicPlayerBar.tsx,103,Preferred semantic design-system token,CODE_CONFIRMED
TOK-03931,semantic-token,bg-brand-500,apps/frontend/src/components/jellyfin/MusicPlayerBar.tsx,108,Preferred semantic design-system token,CODE_CONFIRMED
TOK-03932,semantic-token,bg-brand-400,apps/frontend/src/components/jellyfin/MusicPlayerBar.tsx,108,Preferred semantic design-system token,CODE_CONFIRMED
TOK-03933,semantic-token,text-fg,apps/frontend/src/components/jellyfin/MusicPlayerBar.tsx,113,Preferred semantic design-system token,CODE_CONFIRMED
TOK-03934,semantic-token,text-fg,apps/frontend/src/components/jellyfin/MusicPlayerBar.tsx,113,Preferred semantic design-system token,CODE_CONFIRMED
TOK-03935,semantic-token,text-brand-500,apps/frontend/src/components/jellyfin/MusicPlayerBar.tsx,118,Preferred semantic design-system token,CODE_CONFIRMED
TOK-03936,semantic-token,text-fg,apps/frontend/src/components/jellyfin/MusicPlayerBar.tsx,118,Preferred semantic design-system token,CODE_CONFIRMED
TOK-03937,semantic-token,text-fg,apps/frontend/src/components/jellyfin/MusicPlayerBar.tsx,118,Preferred semantic design-system token,CODE_CONFIRMED
TOK-03938,semantic-token,text-fg,apps/frontend/src/components/jellyfin/MusicPlayerBar.tsx,128,Preferred semantic design-system token,CODE_CONFIRMED
TOK-03939,semantic-token,bg-brand-500,apps/frontend/src/components/jellyfin/MusicPlayerBar.tsx,137,Preferred semantic design-system token,CODE_CONFIRMED
TOK-03940,semantic-token,text-fg,apps/frontend/src/components/jellyfin/MusicPlayerBar.tsx,139,Preferred semantic design-system token,CODE_CONFIRMED
TOK-03941,semantic-token,text-fg,apps/frontend/src/components/jellyfin/MusicPlayerBar.tsx,146,Preferred semantic design-system token,CODE_CONFIRMED
TOK-03942,semantic-token,text-fg,apps/frontend/src/components/jellyfin/MusicPlayerBar.tsx,146,Preferred semantic design-system token,CODE_CONFIRMED
TOK-03943,semantic-token,bg-brand-500,apps/frontend/src/components/jellyfin/MusicPlayerBar.tsx,156,Preferred semantic design-system token,CODE_CONFIRMED
TOK-03944,semantic-token,text-danger,apps/frontend/src/components/jellyfin/MusicPlayerBar.tsx,161,Preferred semantic design-system token,CODE_CONFIRMED
TOK-03945,semantic-token,text-brand-500,apps/frontend/src/components/jellyfin/MusicPlayerBar.tsx,166,Preferred semantic design-system token,CODE_CONFIRMED
TOK-03946,semantic-token,bg-brand-500/10,apps/frontend/src/components/jellyfin/MusicPlayerBar.tsx,166,Preferred semantic design-system token,CODE_CONFIRMED
TOK-03947,semantic-token,text-fg,apps/frontend/src/components/jellyfin/MusicPlayerBar.tsx,166,Preferred semantic design-system token,CODE_CONFIRMED
TOK-03948,semantic-token,text-fg,apps/frontend/src/components/jellyfin/MusicPlayerBar.tsx,166,Preferred semantic design-system token,CODE_CONFIRMED
TOK-03949,semantic-token,text-fg,apps/frontend/src/components/jellyfin/MusicPlayerBar.tsx,172,Preferred semantic design-system token,CODE_CONFIRMED
TOK-03950,semantic-token,text-fg,apps/frontend/src/components/jellyfin/MusicPlayerBar.tsx,172,Preferred semantic design-system token,CODE_CONFIRMED
TOK-03951,semantic-token,border-border,apps/frontend/src/components/jellyfin/MusicPlayerBar.tsx,201,Preferred semantic design-system token,CODE_CONFIRMED
TOK-03952,semantic-token,bg-bg,apps/frontend/src/components/jellyfin/MusicPlayerBar.tsx,201,Preferred semantic design-system token,CODE_CONFIRMED
TOK-03953,semantic-token,border-border,apps/frontend/src/components/jellyfin/MusicPlayerBar.tsx,203,Preferred semantic design-system token,CODE_CONFIRMED
TOK-03954,semantic-token,text-fg,apps/frontend/src/components/jellyfin/MusicPlayerBar.tsx,205,Preferred semantic design-system token,CODE_CONFIRMED
TOK-03955,semantic-token,text-fg,apps/frontend/src/components/jellyfin/MusicPlayerBar.tsx,205,Preferred semantic design-system token,CODE_CONFIRMED
TOK-03956,semantic-token,bg-brand-500/5,apps/frontend/src/components/jellyfin/MusicPlayerBar.tsx,211,Preferred semantic design-system token,CODE_CONFIRMED
TOK-03957,semantic-token,border-border,apps/frontend/src/components/jellyfin/MusicPlayerBar.tsx,211,Preferred semantic design-system token,CODE_CONFIRMED
TOK-03958,semantic-token,bg-bg,apps/frontend/src/components/jellyfin/MusicPlayerBar.tsx,212,Preferred semantic design-system token,CODE_CONFIRMED
TOK-03959,semantic-token,text-fg,apps/frontend/src/components/jellyfin/MusicPlayerBar.tsx,216,Preferred semantic design-system token,CODE_CONFIRMED
TOK-03960,semantic-token,text-fg,apps/frontend/src/components/jellyfin/MusicPlayerBar.tsx,220,Preferred semantic design-system token,CODE_CONFIRMED
TOK-03961,semantic-token,text-fg,apps/frontend/src/components/jellyfin/MusicPlayerBar.tsx,221,Preferred semantic design-system token,CODE_CONFIRMED
TOK-03962,semantic-token,bg-brand-500,apps/frontend/src/components/jellyfin/MusicPlayerBar.tsx,225,Preferred semantic design-system token,CODE_CONFIRMED
TOK-03963,semantic-token,bg-brand-500,apps/frontend/src/components/jellyfin/MusicPlayerBar.tsx,226,Preferred semantic design-system token,CODE_CONFIRMED
TOK-03964,semantic-token,bg-brand-500,apps/frontend/src/components/jellyfin/MusicPlayerBar.tsx,227,Preferred semantic design-system token,CODE_CONFIRMED
TOK-03965,semantic-token,text-fg,apps/frontend/src/components/jellyfin/MusicPlayerBar.tsx,235,Preferred semantic design-system token,CODE_CONFIRMED
TOK-03966,semantic-token,bg-bg,apps/frontend/src/components/jellyfin/MusicPlayerBar.tsx,246,Preferred semantic design-system token,CODE_CONFIRMED
TOK-03967,semantic-token,bg-brand-500/5,apps/frontend/src/components/jellyfin/MusicPlayerBar.tsx,247,Preferred semantic design-system token,CODE_CONFIRMED
TOK-03968,semantic-token,text-brand-500,apps/frontend/src/components/jellyfin/MusicPlayerBar.tsx,252,Preferred semantic design-system token,CODE_CONFIRMED
TOK-03969,semantic-token,text-fg,apps/frontend/src/components/jellyfin/MusicPlayerBar.tsx,252,Preferred semantic design-system token,CODE_CONFIRMED
TOK-03970,semantic-token,text-brand-500,apps/frontend/src/components/jellyfin/MusicPlayerBar.tsx,257,Preferred semantic design-system token,CODE_CONFIRMED
TOK-03971,semantic-token,text-fg,apps/frontend/src/components/jellyfin/MusicPlayerBar.tsx,257,Preferred semantic design-system token,CODE_CONFIRMED
TOK-03972,semantic-token,text-fg,apps/frontend/src/components/jellyfin/MusicPlayerBar.tsx,258,Preferred semantic design-system token,CODE_CONFIRMED
TOK-03973,semantic-token,text-fg,apps/frontend/src/components/jellyfin/MusicPlayerBar.tsx,261,Preferred semantic design-system token,CODE_CONFIRMED
TOK-03974,semantic-token,text-fg,apps/frontend/src/components/jellyfin/MusicPlayerBar.tsx,265,Preferred semantic design-system token,CODE_CONFIRMED
TOK-03975,semantic-token,text-danger,apps/frontend/src/components/jellyfin/MusicPlayerBar.tsx,265,Preferred semantic design-system token,CODE_CONFIRMED
TOK-03976,static-color,bg-white/20,apps/frontend/src/components/jellyfin/PlayerControls.tsx,117,Review light/dark contrast and accent bypass,REVIEW_REQUIRED
TOK-03977,static-color,bg-white/30,apps/frontend/src/components/jellyfin/PlayerControls.tsx,122,Review light/dark contrast and accent bypass,REVIEW_REQUIRED
TOK-03978,static-color,text-white,apps/frontend/src/components/jellyfin/PlayerControls.tsx,136,Review light/dark contrast and accent bypass,REVIEW_REQUIRED
TOK-03979,static-color,bg-white/10,apps/frontend/src/components/jellyfin/PlayerControls.tsx,138,Review light/dark contrast and accent bypass,REVIEW_REQUIRED
TOK-03980,static-color,bg-white/10,apps/frontend/src/components/jellyfin/PlayerControls.tsx,142,Review light/dark contrast and accent bypass,REVIEW_REQUIRED
TOK-03981,static-color,bg-white/10,apps/frontend/src/components/jellyfin/PlayerControls.tsx,145,Review light/dark contrast and accent bypass,REVIEW_REQUIRED
TOK-03982,static-color,bg-white/10,apps/frontend/src/components/jellyfin/PlayerControls.tsx,160,Review light/dark contrast and accent bypass,REVIEW_REQUIRED
TOK-03983,static-color,bg-white/20,apps/frontend/src/components/jellyfin/PlayerControls.tsx,171,Review light/dark contrast and accent bypass,REVIEW_REQUIRED
TOK-03984,static-color,bg-white,apps/frontend/src/components/jellyfin/PlayerControls.tsx,173,Review light/dark contrast and accent bypass,REVIEW_REQUIRED
TOK-03985,static-color,bg-white/10,apps/frontend/src/components/jellyfin/PlayerControls.tsx,184,Review light/dark contrast and accent bypass,REVIEW_REQUIRED
TOK-03986,static-color,bg-white/10,apps/frontend/src/components/jellyfin/PlayerControls.tsx,196,Review light/dark contrast and accent bypass,REVIEW_REQUIRED
TOK-03987,static-color,bg-white/10,apps/frontend/src/components/jellyfin/PlayerControls.tsx,206,Review light/dark contrast and accent bypass,REVIEW_REQUIRED
TOK-03988,static-color,bg-white/10,apps/frontend/src/components/jellyfin/PlayerControls.tsx,216,Review light/dark contrast and accent bypass,REVIEW_REQUIRED
TOK-03989,static-color,bg-white/10,apps/frontend/src/components/jellyfin/PlayerControls.tsx,223,Review light/dark contrast and accent bypass,REVIEW_REQUIRED
TOK-03990,static-color,bg-white/10,apps/frontend/src/components/jellyfin/PlayerControls.tsx,232,Review light/dark contrast and accent bypass,REVIEW_REQUIRED
TOK-03991,static-color,bg-black/90,apps/frontend/src/components/jellyfin/PlayerControls.tsx,237,Review light/dark contrast and accent bypass,REVIEW_REQUIRED
TOK-03992,static-color,text-white/50,apps/frontend/src/components/jellyfin/PlayerControls.tsx,238,Review light/dark contrast and accent bypass,REVIEW_REQUIRED
TOK-03993,static-color,bg-white/10,apps/frontend/src/components/jellyfin/PlayerControls.tsx,244,Review light/dark contrast and accent bypass,REVIEW_REQUIRED
TOK-03994,static-color,text-white,apps/frontend/src/components/jellyfin/PlayerControls.tsx,244,Review light/dark contrast and accent bypass,REVIEW_REQUIRED
TOK-03995,static-color,bg-white/5,apps/frontend/src/components/jellyfin/PlayerControls.tsx,244,Review light/dark contrast and accent bypass,REVIEW_REQUIRED
TOK-03996,static-color,bg-white/10,apps/frontend/src/components/jellyfin/PlayerControls.tsx,257,Review light/dark contrast and accent bypass,REVIEW_REQUIRED
TOK-03997,semantic-token,bg-brand-500,apps/frontend/src/components/jellyfin/PlayerControls.tsx,126,Preferred semantic design-system token,CODE_CONFIRMED
TOK-03998,semantic-token,bg-brand-500,apps/frontend/src/components/jellyfin/PlayerControls.tsx,130,Preferred semantic design-system token,CODE_CONFIRMED
TOK-03999,semantic-token,text-brand-500,apps/frontend/src/components/jellyfin/PlayerControls.tsx,185,Preferred semantic design-system token,CODE_CONFIRMED
TOK-04000,semantic-token,text-brand-500,apps/frontend/src/components/jellyfin/PlayerControls.tsx,207,Preferred semantic design-system token,CODE_CONFIRMED
TOK-04001,semantic-token,text-brand-500,apps/frontend/src/components/jellyfin/PlayerControls.tsx,244,Preferred semantic design-system token,CODE_CONFIRMED
TOK-04002,static-color,bg-black/90,apps/frontend/src/components/jellyfin/SubtitleSelector.tsx,15,Review light/dark contrast and accent bypass,REVIEW_REQUIRED
TOK-04003,static-color,text-white/50,apps/frontend/src/components/jellyfin/SubtitleSelector.tsx,17,Review light/dark contrast and accent bypass,REVIEW_REQUIRED
TOK-04004,static-color,text-white/50,apps/frontend/src/components/jellyfin/SubtitleSelector.tsx,18,Review light/dark contrast and accent bypass,REVIEW_REQUIRED
TOK-04005,static-color,text-white,apps/frontend/src/components/jellyfin/SubtitleSelector.tsx,18,Review light/dark contrast and accent bypass,REVIEW_REQUIRED
TOK-04006,static-color,bg-white/10,apps/frontend/src/components/jellyfin/SubtitleSelector.tsx,26,Review light/dark contrast and accent bypass,REVIEW_REQUIRED
TOK-04007,static-color,text-white,apps/frontend/src/components/jellyfin/SubtitleSelector.tsx,26,Review light/dark contrast and accent bypass,REVIEW_REQUIRED
TOK-04008,static-color,bg-white/5,apps/frontend/src/components/jellyfin/SubtitleSelector.tsx,26,Review light/dark contrast and accent bypass,REVIEW_REQUIRED
TOK-04009,static-color,bg-white/10,apps/frontend/src/components/jellyfin/SubtitleSelector.tsx,38,Review light/dark contrast and accent bypass,REVIEW_REQUIRED
TOK-04010,static-color,text-white,apps/frontend/src/components/jellyfin/SubtitleSelector.tsx,38,Review light/dark contrast and accent bypass,REVIEW_REQUIRED
TOK-04011,static-color,bg-white/5,apps/frontend/src/components/jellyfin/SubtitleSelector.tsx,38,Review light/dark contrast and accent bypass,REVIEW_REQUIRED
TOK-04012,static-color,text-white/40,apps/frontend/src/components/jellyfin/SubtitleSelector.tsx,44,Review light/dark contrast and accent bypass,REVIEW_REQUIRED
TOK-04013,semantic-token,text-brand-500,apps/frontend/src/components/jellyfin/SubtitleSelector.tsx,26,Preferred semantic design-system token,CODE_CONFIRMED
TOK-04014,semantic-token,text-brand-500,apps/frontend/src/components/jellyfin/SubtitleSelector.tsx,38,Preferred semantic design-system token,CODE_CONFIRMED
TOK-04015,static-color,bg-black,apps/frontend/src/components/jellyfin/VideoPlayer.tsx,400,Review light/dark contrast and accent bypass,REVIEW_REQUIRED
TOK-04016,static-color,text-white/60,apps/frontend/src/components/jellyfin/VideoPlayer.tsx,427,Review light/dark contrast and accent bypass,REVIEW_REQUIRED
TOK-04017,static-color,text-white,apps/frontend/src/components/jellyfin/VideoPlayer.tsx,434,Review light/dark contrast and accent bypass,REVIEW_REQUIRED
TOK-04018,static-color,text-white,apps/frontend/src/components/music/nowplaying/NowPlayingView.tsx,210,Review light/dark contrast and accent bypass,REVIEW_REQUIRED
TOK-04019,static-color,text-white,apps/frontend/src/components/music/nowplaying/NowPlayingView.tsx,396,Review light/dark contrast and accent bypass,REVIEW_REQUIRED
TOK-04020,static-color,text-white,apps/frontend/src/components/music/nowplaying/NowPlayingView.tsx,415,Review light/dark contrast and accent bypass,REVIEW_REQUIRED
TOK-04021,static-color,text-white,apps/frontend/src/components/music/nowplaying/NowPlayingView.tsx,730,Review light/dark contrast and accent bypass,REVIEW_REQUIRED
TOK-04022,static-color,text-white,apps/frontend/src/components/music/nowplaying/NowPlayingView.tsx,739,Review light/dark contrast and accent bypass,REVIEW_REQUIRED
TOK-04023,static-color,text-white,apps/frontend/src/components/music/nowplaying/NowPlayingView.tsx,802,Review light/dark contrast and accent bypass,REVIEW_REQUIRED
TOK-04024,static-color,text-white/60,apps/frontend/src/components/music/nowplaying/NowPlayingView.tsx,879,Review light/dark contrast and accent bypass,REVIEW_REQUIRED
TOK-04025,static-color,text-white,apps/frontend/src/components/music/nowplaying/NowPlayingView.tsx,879,Review light/dark contrast and accent bypass,REVIEW_REQUIRED
TOK-04026,static-color,text-white,apps/frontend/src/components/music/nowplaying/NowPlayingView.tsx,903,Review light/dark contrast and accent bypass,REVIEW_REQUIRED
TOK-04027,static-color,text-white,apps/frontend/src/components/music/nowplaying/NowPlayingView.tsx,940,Review light/dark contrast and accent bypass,REVIEW_REQUIRED
TOK-04028,static-color,text-white,apps/frontend/src/components/music/nowplaying/NowPlayingView.tsx,945,Review light/dark contrast and accent bypass,REVIEW_REQUIRED
TOK-04029,static-color,bg-white,apps/frontend/src/components/music/nowplaying/NowPlayingView.tsx,950,Review light/dark contrast and accent bypass,REVIEW_REQUIRED
TOK-04030,static-color,text-black,apps/frontend/src/components/music/nowplaying/NowPlayingView.tsx,953,Review light/dark contrast and accent bypass,REVIEW_REQUIRED
TOK-04031,static-color,text-black,apps/frontend/src/components/music/nowplaying/NowPlayingView.tsx,955,Review light/dark contrast and accent bypass,REVIEW_REQUIRED
TOK-04032,static-color,text-white,apps/frontend/src/components/music/nowplaying/NowPlayingView.tsx,958,Review light/dark contrast and accent bypass,REVIEW_REQUIRED
TOK-04033,static-color,text-white,apps/frontend/src/components/music/nowplaying/NowPlayingView.tsx,966,Review light/dark contrast and accent bypass,REVIEW_REQUIRED
TOK-04034,static-color,bg-white/10,apps/frontend/src/components/music/player/LyricsOverlay.tsx,150,Review light/dark contrast and accent bypass,REVIEW_REQUIRED
TOK-04035,static-color,bg-white/10,apps/frontend/src/components/music/player/MiniPlayer.tsx,178,Review light/dark contrast and accent bypass,REVIEW_REQUIRED
TOK-04036,static-color,bg-white/20,apps/frontend/src/components/music/player/MiniPlayer.tsx,196,Review light/dark contrast and accent bypass,REVIEW_REQUIRED
TOK-04037,static-color,text-black,apps/frontend/src/components/music/player/MiniPlayer.tsx,226,Review light/dark contrast and accent bypass,REVIEW_REQUIRED
TOK-04038,static-color,text-black,apps/frontend/src/components/music/player/MiniPlayer.tsx,236,Review light/dark contrast and accent bypass,REVIEW_REQUIRED
TOK-04039,static-color,text-black,apps/frontend/src/components/music/player/MiniPlayer.tsx,238,Review light/dark contrast and accent bypass,REVIEW_REQUIRED
TOK-04040,static-color,text-red-400,apps/frontend/src/components/music/player/MusicPlayerBar.tsx,444,Review light/dark contrast and accent bypass,REVIEW_REQUIRED
TOK-04041,static-color,text-black,apps/frontend/src/components/music/player/MusicPlayerBar.tsx,452,Review light/dark contrast and accent bypass,REVIEW_REQUIRED
TOK-04042,static-color,text-black,apps/frontend/src/components/music/player/PlayerCenter.tsx,65,Review light/dark contrast and accent bypass,REVIEW_REQUIRED
TOK-04043,static-color,text-black,apps/frontend/src/components/music/player/PlayerCenter.tsx,123,Review light/dark contrast and accent bypass,REVIEW_REQUIRED
TOK-04044,static-color,text-black,apps/frontend/src/components/music/player/PlayerCenter.tsx,133,Review light/dark contrast and accent bypass,REVIEW_REQUIRED
TOK-04045,static-color,text-black,apps/frontend/src/components/music/player/PlayerCenter.tsx,135,Review light/dark contrast and accent bypass,REVIEW_REQUIRED
TOK-04046,static-color,bg-white/20,apps/frontend/src/components/music/player/PlayerCenter.tsx,258,Review light/dark contrast and accent bypass,REVIEW_REQUIRED
TOK-04047,static-color,bg-white,apps/frontend/src/components/music/player/PlayerCenter.tsx,269,Review light/dark contrast and accent bypass,REVIEW_REQUIRED
TOK-04048,static-color,bg-white/40,apps/frontend/src/components/music/player/PlayerCenter.tsx,282,Review light/dark contrast and accent bypass,REVIEW_REQUIRED
TOK-04049,static-color,bg-white/5,apps/frontend/src/components/music/player/PlayerRight.tsx,120,Review light/dark contrast and accent bypass,REVIEW_REQUIRED
TOK-04050,static-color,text-black,apps/frontend/src/components/music/player/PlayerRight.tsx,251,Review light/dark contrast and accent bypass,REVIEW_REQUIRED
TOK-04051,static-color,bg-black/60,apps/frontend/src/components/music/playlist/CreatePlaylistDialog.tsx,59,Review light/dark contrast and accent bypass,REVIEW_REQUIRED
TOK-04052,static-color,text-red-400,apps/frontend/src/components/music/playlist/CreatePlaylistDialog.tsx,102,Review light/dark contrast and accent bypass,REVIEW_REQUIRED
TOK-04053,static-color,text-white,apps/frontend/src/components/music/playlist/CreatePlaylistDialog.tsx,118,Review light/dark contrast and accent bypass,REVIEW_REQUIRED
TOK-04054,static-color,text-black,apps/frontend/src/components/music/playlist/PlaylistHeader.tsx,196,Review light/dark contrast and accent bypass,REVIEW_REQUIRED
TOK-04055,static-color,text-red-400,apps/frontend/src/components/music/playlist/PlaylistHeader.tsx,240,Review light/dark contrast and accent bypass,REVIEW_REQUIRED
TOK-04056,static-color,text-red-400,apps/frontend/src/components/music/playlist/PlaylistHeader.tsx,274,Review light/dark contrast and accent bypass,REVIEW_REQUIRED
TOK-04057,static-color,bg-red-500/10,apps/frontend/src/components/music/playlist/PlaylistHeader.tsx,274,Review light/dark contrast and accent bypass,REVIEW_REQUIRED
TOK-04058,static-color,text-white,apps/frontend/src/components/music/playlist/PlaylistSongTable.tsx,402,Review light/dark contrast and accent bypass,REVIEW_REQUIRED
TOK-04059,static-color,text-red-400,apps/frontend/src/components/music/playlist/PlaylistSongTable.tsx,577,Review light/dark contrast and accent bypass,REVIEW_REQUIRED
TOK-04060,static-color,text-red-400,apps/frontend/src/components/music/playlist/PlaylistSongTable.tsx,681,Review light/dark contrast and accent bypass,REVIEW_REQUIRED
TOK-04061,static-color,bg-red-500/10,apps/frontend/src/components/music/playlist/PlaylistSongTable.tsx,681,Review light/dark contrast and accent bypass,REVIEW_REQUIRED
TOK-04062,static-color,text-black,apps/frontend/src/components/music/shared/MusicCard.tsx,87,Review light/dark contrast and accent bypass,REVIEW_REQUIRED
TOK-04063,static-color,text-white,apps/frontend/src/components/music/shared/MusicCard.tsx,140,Review light/dark contrast and accent bypass,REVIEW_REQUIRED
TOK-04064,static-color,text-white,apps/frontend/src/components/music/shared/MusicCard.tsx,157,Review light/dark contrast and accent bypass,REVIEW_REQUIRED
TOK-04065,static-color,text-white,apps/frontend/src/components/music/shared/SongRow.tsx,118,Review light/dark contrast and accent bypass,REVIEW_REQUIRED
TOK-04066,static-color,text-black,apps/frontend/src/components/music/shared/TrackTable.tsx,468,Review light/dark contrast and accent bypass,REVIEW_REQUIRED
TOK-04067,static-color,text-black,apps/frontend/src/components/music/shared/TrackTable.tsx,556,Review light/dark contrast and accent bypass,REVIEW_REQUIRED
TOK-04068,static-color,bg-white,apps/frontend/src/components/music/shared/TrackTable.tsx,583,Review light/dark contrast and accent bypass,REVIEW_REQUIRED
TOK-04069,static-color,text-black,apps/frontend/src/components/music/shared/TrackTable.tsx,583,Review light/dark contrast and accent bypass,REVIEW_REQUIRED
TOK-04070,static-color,text-white,apps/frontend/src/components/music/shared/TrackTable.tsx,584,Review light/dark contrast and accent bypass,REVIEW_REQUIRED
TOK-04071,static-color,text-black,apps/frontend/src/components/music/shared/TrackTable.tsx,906,Review light/dark contrast and accent bypass,REVIEW_REQUIRED
TOK-04072,semantic-token,border-border,apps/frontend/src/components/music/sidebar/MusicSidebar.tsx,158,Preferred semantic design-system token,CODE_CONFIRMED
TOK-04073,semantic-token,bg-bg,apps/frontend/src/components/music/sidebar/MusicSidebar.tsx,158,Preferred semantic design-system token,CODE_CONFIRMED
TOK-04074,semantic-token,text-fg,apps/frontend/src/components/music/sidebar/MusicSidebar.tsx,158,Preferred semantic design-system token,CODE_CONFIRMED
TOK-04075,semantic-token,bg-bg,apps/frontend/src/components/music/sidebar/MusicSidebar.tsx,158,Preferred semantic design-system token,CODE_CONFIRMED
TOK-04076,semantic-token,text-fg,apps/frontend/src/components/music/sidebar/MusicSidebar.tsx,158,Preferred semantic design-system token,CODE_CONFIRMED
TOK-04077,semantic-token,bg-bg,apps/frontend/src/components/sidebar.tsx,189,Preferred semantic design-system token,CODE_CONFIRMED
TOK-04078,semantic-token,border-border,apps/frontend/src/components/sidebar.tsx,189,Preferred semantic design-system token,CODE_CONFIRMED
TOK-04079,semantic-token,text-fg,apps/frontend/src/components/sidebar.tsx,189,Preferred semantic design-system token,CODE_CONFIRMED
TOK-04080,semantic-token,border-border,apps/frontend/src/components/sidebar.tsx,197,Preferred semantic design-system token,CODE_CONFIRMED
TOK-04081,semantic-token,bg-bg,apps/frontend/src/components/sidebar.tsx,197,Preferred semantic design-system token,CODE_CONFIRMED
TOK-04082,semantic-token,border-border,apps/frontend/src/components/sidebar.tsx,206,Preferred semantic design-system token,CODE_CONFIRMED
TOK-04083,semantic-token,text-fg,apps/frontend/src/components/sidebar.tsx,215,Preferred semantic design-system token,CODE_CONFIRMED
TOK-04084,semantic-token,text-fg,apps/frontend/src/components/sidebar.tsx,215,Preferred semantic design-system token,CODE_CONFIRMED
TOK-04085,semantic-token,bg-bg,apps/frontend/src/components/sidebar.tsx,215,Preferred semantic design-system token,CODE_CONFIRMED
TOK-04086,semantic-token,border-border,apps/frontend/src/components/sidebar.tsx,226,Preferred semantic design-system token,CODE_CONFIRMED
TOK-04087,semantic-token,bg-bg,apps/frontend/src/components/sidebar.tsx,226,Preferred semantic design-system token,CODE_CONFIRMED
TOK-04088,semantic-token,text-fg,apps/frontend/src/components/sidebar.tsx,226,Preferred semantic design-system token,CODE_CONFIRMED
TOK-04089,semantic-token,text-fg,apps/frontend/src/components/sidebar.tsx,226,Preferred semantic design-system token,CODE_CONFIRMED
TOK-04090,semantic-token,bg-bg,apps/frontend/src/components/sidebar.tsx,226,Preferred semantic design-system token,CODE_CONFIRMED
TOK-04091,semantic-token,text-fg,apps/frontend/src/components/sidebar.tsx,248,Preferred semantic design-system token,CODE_CONFIRMED
TOK-04092,semantic-token,text-fg,apps/frontend/src/components/sidebar.tsx,249,Preferred semantic design-system token,CODE_CONFIRMED
TOK-04093,semantic-token,text-fg,apps/frontend/src/components/sidebar.tsx,249,Preferred semantic design-system token,CODE_CONFIRMED
TOK-04094,semantic-token,bg-bg,apps/frontend/src/components/sidebar.tsx,249,Preferred semantic design-system token,CODE_CONFIRMED
TOK-04095,semantic-token,text-fg,apps/frontend/src/components/sidebar.tsx,258,Preferred semantic design-system token,CODE_CONFIRMED
TOK-04096,semantic-token,text-fg,apps/frontend/src/components/sidebar.tsx,276,Preferred semantic design-system token,CODE_CONFIRMED
TOK-04097,semantic-token,text-fg,apps/frontend/src/components/sidebar.tsx,276,Preferred semantic design-system token,CODE_CONFIRMED
TOK-04098,semantic-token,bg-bg,apps/frontend/src/components/sidebar.tsx,276,Preferred semantic design-system token,CODE_CONFIRMED
TOK-04099,semantic-token,text-fg,apps/frontend/src/components/sidebar.tsx,299,Preferred semantic design-system token,CODE_CONFIRMED
TOK-04100,semantic-token,bg-bg,apps/frontend/src/components/sidebar.tsx,299,Preferred semantic design-system token,CODE_CONFIRMED
TOK-04101,semantic-token,text-fg,apps/frontend/src/components/sidebar.tsx,314,Preferred semantic design-system token,CODE_CONFIRMED
TOK-04102,semantic-token,text-fg,apps/frontend/src/components/sidebar.tsx,314,Preferred semantic design-system token,CODE_CONFIRMED
TOK-04103,semantic-token,bg-bg,apps/frontend/src/components/sidebar.tsx,314,Preferred semantic design-system token,CODE_CONFIRMED
TOK-04104,semantic-token,text-fg,apps/frontend/src/components/sidebar.tsx,326,Preferred semantic design-system token,CODE_CONFIRMED
TOK-04105,semantic-token,border-border,apps/frontend/src/components/sidebar.tsx,338,Preferred semantic design-system token,CODE_CONFIRMED
TOK-04106,semantic-token,text-fg,apps/frontend/src/components/sidebar.tsx,340,Preferred semantic design-system token,CODE_CONFIRMED
TOK-04107,semantic-token,text-fg,apps/frontend/src/components/sidebar.tsx,347,Preferred semantic design-system token,CODE_CONFIRMED
TOK-04108,semantic-token,text-fg,apps/frontend/src/components/sidebar.tsx,347,Preferred semantic design-system token,CODE_CONFIRMED
TOK-04109,semantic-token,bg-bg,apps/frontend/src/components/sidebar.tsx,347,Preferred semantic design-system token,CODE_CONFIRMED
TOK-04110,semantic-token,text-fg,apps/frontend/src/components/sidebar.tsx,359,Preferred semantic design-system token,CODE_CONFIRMED
TOK-04111,semantic-token,border-border,apps/frontend/src/components/sidebar.tsx,375,Preferred semantic design-system token,CODE_CONFIRMED
TOK-04112,semantic-token,text-fg,apps/frontend/src/components/sidebar.tsx,385,Preferred semantic design-system token,CODE_CONFIRMED
TOK-04113,semantic-token,text-fg,apps/frontend/src/components/sidebar.tsx,385,Preferred semantic design-system token,CODE_CONFIRMED
TOK-04114,semantic-token,bg-bg,apps/frontend/src/components/sidebar.tsx,385,Preferred semantic design-system token,CODE_CONFIRMED
TOK-04115,semantic-token,border-border,apps/frontend/src/components/sidebar.tsx,399,Preferred semantic design-system token,CODE_CONFIRMED
TOK-04116,semantic-token,bg-bg,apps/frontend/src/components/sidebar.tsx,399,Preferred semantic design-system token,CODE_CONFIRMED
TOK-04117,semantic-token,text-fg,apps/frontend/src/components/sidebar.tsx,404,Preferred semantic design-system token,CODE_CONFIRMED
TOK-04118,semantic-token,bg-bg,apps/frontend/src/components/sidebar.tsx,404,Preferred semantic design-system token,CODE_CONFIRMED
TOK-04119,semantic-token,text-fg,apps/frontend/src/components/sidebar.tsx,414,Preferred semantic design-system token,CODE_CONFIRMED
TOK-04120,semantic-token,bg-bg,apps/frontend/src/components/sidebar.tsx,414,Preferred semantic design-system token,CODE_CONFIRMED
TOK-04121,semantic-token,border-border,apps/frontend/src/components/theme-toggle.tsx,18,Preferred semantic design-system token,CODE_CONFIRMED
TOK-04122,semantic-token,bg-bg,apps/frontend/src/components/theme-toggle.tsx,18,Preferred semantic design-system token,CODE_CONFIRMED
TOK-04123,semantic-token,bg-brand-500/10,apps/frontend/src/components/theme-toggle.tsx,32,Preferred semantic design-system token,CODE_CONFIRMED
TOK-04124,semantic-token,text-brand-500,apps/frontend/src/components/theme-toggle.tsx,32,Preferred semantic design-system token,CODE_CONFIRMED
TOK-04125,semantic-token,text-fg,apps/frontend/src/components/theme-toggle.tsx,33,Preferred semantic design-system token,CODE_CONFIRMED
TOK-04126,semantic-token,text-fg,apps/frontend/src/components/theme-toggle.tsx,33,Preferred semantic design-system token,CODE_CONFIRMED
TOK-04127,semantic-token,bg-bg,apps/frontend/src/components/theme-toggle.tsx,33,Preferred semantic design-system token,CODE_CONFIRMED
TOK-04128,semantic-token,bg-bg,apps/frontend/src/app/globals.css,138,Preferred semantic design-system token,CODE_CONFIRMED
TOK-04129,semantic-token,bg-bg,apps/frontend/src/app/globals.css,139,Preferred semantic design-system token,CODE_CONFIRMED
TOK-04130,semantic-token,bg-bg,apps/frontend/src/app/globals.css,140,Preferred semantic design-system token,CODE_CONFIRMED
TOK-04131,semantic-token,text-fg,apps/frontend/src/app/globals.css,141,Preferred semantic design-system token,CODE_CONFIRMED
TOK-04132,semantic-token,text-fg,apps/frontend/src/app/globals.css,142,Preferred semantic design-system token,CODE_CONFIRMED
TOK-04133,semantic-token,text-fg,apps/frontend/src/app/globals.css,143,Preferred semantic design-system token,CODE_CONFIRMED
TOK-04134,semantic-token,border-border,apps/frontend/src/app/globals.css,144,Preferred semantic design-system token,CODE_CONFIRMED
TOK-04135,semantic-token,border-border,apps/frontend/src/app/globals.css,145,Preferred semantic design-system token,CODE_CONFIRMED
TOK-04136,semantic-token,border-border,apps/frontend/src/app/globals.css,148,Preferred semantic design-system token,CODE_CONFIRMED
TOK-04137,semantic-token,bg-bg,apps/frontend/src/app/globals.css,148,Preferred semantic design-system token,CODE_CONFIRMED
TOK-04138,semantic-token,ring-brand-500/50,apps/frontend/src/app/globals.css,149,Preferred semantic design-system token,CODE_CONFIRMED
TOK-04139,semantic-token,text-fg,apps/frontend/src/app/globals.css,150,Preferred semantic design-system token,CODE_CONFIRMED
