id,route,kind,source_file,line,snippet,expected_behavior,status,evidence,notes
INT-00001,/contacts,click-handler,apps/frontend/src/app/(dashboard)/contacts/page.tsx,92,"<div className=""fixed inset-0 z-50 flex items-center justify-center bg-black/50"" onClick={onClose}>",Review live behavior and state/API effect,PARTIAL_CODE_ONLY,apps/frontend/src/app/(dashboard)/contacts/page.tsx:92,Source-inventoried and route rendered; control not individually mutated during safe audit
INT-00002,/contacts,click-handler,apps/frontend/src/app/(dashboard)/contacts/page.tsx,95,onClick={(e) => e.stopPropagation()},Review live behavior and state/API effect,PARTIAL_CODE_ONLY,apps/frontend/src/app/(dashboard)/contacts/page.tsx:95,Source-inventoried and route rendered; control not individually mutated during safe audit
INT-00003,/contacts,input,apps/frontend/src/app/(dashboard)/contacts/page.tsx,101,<input,Review live behavior and state/API effect,PARTIAL_CODE_ONLY,apps/frontend/src/app/(dashboard)/contacts/page.tsx:101,Source-inventoried and route rendered; control not individually mutated during safe audit
INT-00004,/contacts,change-handler,apps/frontend/src/app/(dashboard)/contacts/page.tsx,105,onChange={(e) => setName(e.target.value)},Review live behavior and state/API effect,PARTIAL_CODE_ONLY,apps/frontend/src/app/(dashboard)/contacts/page.tsx:105,Source-inventoried and route rendered; control not individually mutated during safe audit
INT-00005,/contacts,input,apps/frontend/src/app/(dashboard)/contacts/page.tsx,110,<input,Review live behavior and state/API effect,PARTIAL_CODE_ONLY,apps/frontend/src/app/(dashboard)/contacts/page.tsx:110,Source-inventoried and route rendered; control not individually mutated during safe audit
INT-00006,/contacts,change-handler,apps/frontend/src/app/(dashboard)/contacts/page.tsx,115,onChange={(e) => setEmail(e.target.value)},Review live behavior and state/API effect,PARTIAL_CODE_ONLY,apps/frontend/src/app/(dashboard)/contacts/page.tsx:115,Source-inventoried and route rendered; control not individually mutated during safe audit
INT-00007,/contacts,input,apps/frontend/src/app/(dashboard)/contacts/page.tsx,120,<input,Review live behavior and state/API effect,PARTIAL_CODE_ONLY,apps/frontend/src/app/(dashboard)/contacts/page.tsx:120,Source-inventoried and route rendered; control not individually mutated during safe audit
INT-00008,/contacts,change-handler,apps/frontend/src/app/(dashboard)/contacts/page.tsx,124,onChange={(e) => setPhone(e.target.value)},Review live behavior and state/API effect,PARTIAL_CODE_ONLY,apps/frontend/src/app/(dashboard)/contacts/page.tsx:124,Source-inventoried and route rendered; control not individually mutated during safe audit
INT-00009,/contacts,textarea,apps/frontend/src/app/(dashboard)/contacts/page.tsx,129,<textarea,Review live behavior and state/API effect,PARTIAL_CODE_ONLY,apps/frontend/src/app/(dashboard)/contacts/page.tsx:129,Source-inventoried and route rendered; control not individually mutated during safe audit
INT-00010,/contacts,change-handler,apps/frontend/src/app/(dashboard)/contacts/page.tsx,133,onChange={(e) => setNotes(e.target.value)},Review live behavior and state/API effect,PARTIAL_CODE_ONLY,apps/frontend/src/app/(dashboard)/contacts/page.tsx:133,Source-inventoried and route rendered; control not individually mutated during safe audit
INT-00011,/contacts,button,apps/frontend/src/app/(dashboard)/contacts/page.tsx,140,<button,Review live behavior and state/API effect,PARTIAL_CODE_ONLY,apps/frontend/src/app/(dashboard)/contacts/page.tsx:140,Source-inventoried and route rendered; control not individually mutated during safe audit
INT-00012,/contacts,click-handler,apps/frontend/src/app/(dashboard)/contacts/page.tsx,143,onClick={() => setColor(color === c ? '' : c)},Review live behavior and state/API effect,PARTIAL_CODE_ONLY,apps/frontend/src/app/(dashboard)/contacts/page.tsx:143,Source-inventoried and route rendered; control not individually mutated during safe audit
INT-00013,/contacts,button,apps/frontend/src/app/(dashboard)/contacts/page.tsx,152,<button,Review live behavior and state/API effect,PARTIAL_CODE_ONLY,apps/frontend/src/app/(dashboard)/contacts/page.tsx:152,Source-inventoried and route rendered; control not individually mutated during safe audit
INT-00014,/contacts,click-handler,apps/frontend/src/app/(dashboard)/contacts/page.tsx,153,onClick={() => mutation.mutate()},Review live behavior and state/API effect,PARTIAL_CODE_ONLY,apps/frontend/src/app/(dashboard)/contacts/page.tsx:153,Source-inventoried and route rendered; control not individually mutated during safe audit
INT-00015,/contacts,button,apps/frontend/src/app/(dashboard)/contacts/page.tsx,192,<button,Review live behavior and state/API effect,PARTIAL_CODE_ONLY,apps/frontend/src/app/(dashboard)/contacts/page.tsx:192,Source-inventoried and route rendered; control not individually mutated during safe audit
INT-00016,/contacts,click-handler,apps/frontend/src/app/(dashboard)/contacts/page.tsx,193,onClick={onEdit},Review live behavior and state/API effect,PARTIAL_CODE_ONLY,apps/frontend/src/app/(dashboard)/contacts/page.tsx:193,Source-inventoried and route rendered; control not individually mutated during safe audit
INT-00017,/contacts,button,apps/frontend/src/app/(dashboard)/contacts/page.tsx,199,<button,Review live behavior and state/API effect,PARTIAL_CODE_ONLY,apps/frontend/src/app/(dashboard)/contacts/page.tsx:199,Source-inventoried and route rendered; control not individually mutated during safe audit
INT-00018,/contacts,click-handler,apps/frontend/src/app/(dashboard)/contacts/page.tsx,200,onClick={onDelete},Review live behavior and state/API effect,PARTIAL_CODE_ONLY,apps/frontend/src/app/(dashboard)/contacts/page.tsx:200,Source-inventoried and route rendered; control not individually mutated during safe audit
INT-00019,/contacts,button,apps/frontend/src/app/(dashboard)/contacts/page.tsx,271,<button,Review live behavior and state/API effect,PARTIAL_CODE_ONLY,apps/frontend/src/app/(dashboard)/contacts/page.tsx:271,Source-inventoried and route rendered; control not individually mutated during safe audit
INT-00020,/contacts,click-handler,apps/frontend/src/app/(dashboard)/contacts/page.tsx,272,onClick={() => { setEditing(null); setShowForm(true); }},Review live behavior and state/API effect,PARTIAL_CODE_ONLY,apps/frontend/src/app/(dashboard)/contacts/page.tsx:272,Source-inventoried and route rendered; control not individually mutated during safe audit
INT-00021,/contacts,input,apps/frontend/src/app/(dashboard)/contacts/page.tsx,282,<input,Review live behavior and state/API effect,PARTIAL_CODE_ONLY,apps/frontend/src/app/(dashboard)/contacts/page.tsx:282,Source-inventoried and route rendered; control not individually mutated during safe audit
INT-00022,/contacts,change-handler,apps/frontend/src/app/(dashboard)/contacts/page.tsx,286,onChange={(e) => setSearch(e.target.value)},Review live behavior and state/API effect,PARTIAL_CODE_ONLY,apps/frontend/src/app/(dashboard)/contacts/page.tsx:286,Source-inventoried and route rendered; control not individually mutated during safe audit
INT-00023,/contacts,button,apps/frontend/src/app/(dashboard)/contacts/page.tsx,308,<button,Review live behavior and state/API effect,PARTIAL_CODE_ONLY,apps/frontend/src/app/(dashboard)/contacts/page.tsx:308,Source-inventoried and route rendered; control not individually mutated during safe audit
INT-00024,/contacts,click-handler,apps/frontend/src/app/(dashboard)/contacts/page.tsx,309,onClick={() => refetch()},Review live behavior and state/API effect,PARTIAL_CODE_ONLY,apps/frontend/src/app/(dashboard)/contacts/page.tsx:309,Source-inventoried and route rendered; control not individually mutated during safe audit
INT-00025,/dashboard,button,apps/frontend/src/app/(dashboard)/dashboard/page.tsx,53,<button,Review live behavior and state/API effect,PARTIAL_CODE_ONLY,apps/frontend/src/app/(dashboard)/dashboard/page.tsx:53,Source-inventoried and route rendered; control not individually mutated during safe audit
INT-00026,/dashboard,click-handler,apps/frontend/src/app/(dashboard)/dashboard/page.tsx,54,onClick={() => setEditMode(!editMode)},Review live behavior and state/API effect,PARTIAL_CODE_ONLY,apps/frontend/src/app/(dashboard)/dashboard/page.tsx:54,Source-inventoried and route rendered; control not individually mutated during safe audit
INT-00027,/dashboard,button,apps/frontend/src/app/(dashboard)/dashboard/page.tsx,62,<button,Review live behavior and state/API effect,PARTIAL_CODE_ONLY,apps/frontend/src/app/(dashboard)/dashboard/page.tsx:62,Source-inventoried and route rendered; control not individually mutated during safe audit
INT-00028,/dashboard,click-handler,apps/frontend/src/app/(dashboard)/dashboard/page.tsx,63,onClick={() => setTvEditorOpen(true)},Review live behavior and state/API effect,PARTIAL_CODE_ONLY,apps/frontend/src/app/(dashboard)/dashboard/page.tsx:63,Source-inventoried and route rendered; control not individually mutated during safe audit
INT-00029,/dashboard,button,apps/frontend/src/app/(dashboard)/dashboard/page.tsx,71,<button,Review live behavior and state/API effect,PARTIAL_CODE_ONLY,apps/frontend/src/app/(dashboard)/dashboard/page.tsx:71,Source-inventoried and route rendered; control not individually mutated during safe audit
INT-00030,/dashboard,click-handler,apps/frontend/src/app/(dashboard)/dashboard/page.tsx,72,onClick={() => void resetLayout()},Review live behavior and state/API effect,PARTIAL_CODE_ONLY,apps/frontend/src/app/(dashboard)/dashboard/page.tsx:72,Source-inventoried and route rendered; control not individually mutated during safe audit
INT-00031,/dashboard,button,apps/frontend/src/app/(dashboard)/dashboard/page.tsx,81,<button,Review live behavior and state/API effect,PARTIAL_CODE_ONLY,apps/frontend/src/app/(dashboard)/dashboard/page.tsx:81,Source-inventoried and route rendered; control not individually mutated during safe audit
INT-00032,/dashboard,click-handler,apps/frontend/src/app/(dashboard)/dashboard/page.tsx,82,onClick={handleLogout},Review live behavior and state/API effect,PARTIAL_CODE_ONLY,apps/frontend/src/app/(dashboard)/dashboard/page.tsx:82,Source-inventoried and route rendered; control not individually mutated during safe audit
INT-00033,/dashboard,button,apps/frontend/src/app/(dashboard)/dashboard/page.tsx,97,"<button onClick={() => void retry()} className=""rounded-md bg-brand-500 px-4 py-2 text-sm text-white hover:bg-brand-600"">",Review live behavior and state/API effect,PARTIAL_CODE_ONLY,apps/frontend/src/app/(dashboard)/dashboard/page.tsx:97,Source-inventoried and route rendered; control not individually mutated during safe audit
INT-00034,/dashboard,click-handler,apps/frontend/src/app/(dashboard)/dashboard/page.tsx,97,"<button onClick={() => void retry()} className=""rounded-md bg-brand-500 px-4 py-2 text-sm text-white hover:bg-brand-600"">",Review live behavior and state/API effect,PARTIAL_CODE_ONLY,apps/frontend/src/app/(dashboard)/dashboard/page.tsx:97,Source-inventoried and route rendered; control not individually mutated during safe audit
INT-00035,/dashboard,button,apps/frontend/src/app/(dashboard)/dashboard/page.tsx,104,<button,Review live behavior and state/API effect,PARTIAL_CODE_ONLY,apps/frontend/src/app/(dashboard)/dashboard/page.tsx:104,Source-inventoried and route rendered; control not individually mutated during safe audit
INT-00036,/dashboard,click-handler,apps/frontend/src/app/(dashboard)/dashboard/page.tsx,105,onClick={async () => {,Review live behavior and state/API effect,PARTIAL_CODE_ONLY,apps/frontend/src/app/(dashboard)/dashboard/page.tsx:105,Source-inventoried and route rendered; control not individually mutated during safe audit
INT-00037,/documents,button,apps/frontend/src/app/(dashboard)/documents/page.tsx,106,<button onClick={() => setShowUpload(true)},Review live behavior and state/API effect,PARTIAL_CODE_ONLY,apps/frontend/src/app/(dashboard)/documents/page.tsx:106,Source-inventoried and route rendered; control not individually mutated during safe audit
INT-00038,/documents,click-handler,apps/frontend/src/app/(dashboard)/documents/page.tsx,106,<button onClick={() => setShowUpload(true)},Review live behavior and state/API effect,PARTIAL_CODE_ONLY,apps/frontend/src/app/(dashboard)/documents/page.tsx:106,Source-inventoried and route rendered; control not individually mutated during safe audit
INT-00039,/documents,button,apps/frontend/src/app/(dashboard)/documents/page.tsx,127,<button onClick={() => setShowUpload(true)},Review live behavior and state/API effect,PARTIAL_CODE_ONLY,apps/frontend/src/app/(dashboard)/documents/page.tsx:127,Source-inventoried and route rendered; control not individually mutated during safe audit
INT-00040,/documents,click-handler,apps/frontend/src/app/(dashboard)/documents/page.tsx,127,<button onClick={() => setShowUpload(true)},Review live behavior and state/API effect,PARTIAL_CODE_ONLY,apps/frontend/src/app/(dashboard)/documents/page.tsx:127,Source-inventoried and route rendered; control not individually mutated during safe audit
INT-00041,/documents,button,apps/frontend/src/app/(dashboard)/documents/page.tsx,134,<button key={doc.id} onClick={() => setSelectedId(doc.id)},Review live behavior and state/API effect,PARTIAL_CODE_ONLY,apps/frontend/src/app/(dashboard)/documents/page.tsx:134,Source-inventoried and route rendered; control not individually mutated during safe audit
INT-00042,/documents,click-handler,apps/frontend/src/app/(dashboard)/documents/page.tsx,134,<button key={doc.id} onClick={() => setSelectedId(doc.id)},Review live behavior and state/API effect,PARTIAL_CODE_ONLY,apps/frontend/src/app/(dashboard)/documents/page.tsx:134,Source-inventoried and route rendered; control not individually mutated during safe audit
INT-00043,/documents,button,apps/frontend/src/app/(dashboard)/documents/page.tsx,196,<button onClick={onBack},Review live behavior and state/API effect,PARTIAL_CODE_ONLY,apps/frontend/src/app/(dashboard)/documents/page.tsx:196,Source-inventoried and route rendered; control not individually mutated during safe audit
INT-00044,/documents,click-handler,apps/frontend/src/app/(dashboard)/documents/page.tsx,196,<button onClick={onBack},Review live behavior and state/API effect,PARTIAL_CODE_ONLY,apps/frontend/src/app/(dashboard)/documents/page.tsx:196,Source-inventoried and route rendered; control not individually mutated during safe audit
INT-00045,/documents,button,apps/frontend/src/app/(dashboard)/documents/page.tsx,209,<button onClick={() => onDelete(doc.id)} disabled={isDeleting},Review live behavior and state/API effect,PARTIAL_CODE_ONLY,apps/frontend/src/app/(dashboard)/documents/page.tsx:209,Source-inventoried and route rendered; control not individually mutated during safe audit
INT-00046,/documents,click-handler,apps/frontend/src/app/(dashboard)/documents/page.tsx,209,<button onClick={() => onDelete(doc.id)} disabled={isDeleting},Review live behavior and state/API effect,PARTIAL_CODE_ONLY,apps/frontend/src/app/(dashboard)/documents/page.tsx:209,Source-inventoried and route rendered; control not individually mutated during safe audit
INT-00047,/documents,button,apps/frontend/src/app/(dashboard)/documents/page.tsx,260,<button onClick={handleDownload} disabled={downloading},Review live behavior and state/API effect,PARTIAL_CODE_ONLY,apps/frontend/src/app/(dashboard)/documents/page.tsx:260,Source-inventoried and route rendered; control not individually mutated during safe audit
INT-00048,/documents,click-handler,apps/frontend/src/app/(dashboard)/documents/page.tsx,260,<button onClick={handleDownload} disabled={downloading},Review live behavior and state/API effect,PARTIAL_CODE_ONLY,apps/frontend/src/app/(dashboard)/documents/page.tsx:260,Source-inventoried and route rendered; control not individually mutated during safe audit
INT-00049,/documents,click-handler,apps/frontend/src/app/(dashboard)/documents/page.tsx,307,"<div className=""fixed inset-0 z-50 flex items-center justify-center bg-black/50"" onClick={onClose}>",Review live behavior and state/API effect,PARTIAL_CODE_ONLY,apps/frontend/src/app/(dashboard)/documents/page.tsx:307,Source-inventoried and route rendered; control not individually mutated during safe audit
INT-00050,/documents,click-handler,apps/frontend/src/app/(dashboard)/documents/page.tsx,308,"<div className=""rounded-lg border border-border bg-bg-surface p-6 w-full max-w-lg mx-4"" onClick={(e) => e.stopPropagation()}>",Review live behavior and state/API effect,PARTIAL_CODE_ONLY,apps/frontend/src/app/(dashboard)/documents/page.tsx:308,Source-inventoried and route rendered; control not individually mutated during safe audit
INT-00051,/documents,click-handler,apps/frontend/src/app/(dashboard)/documents/page.tsx,312,onClick={() => fileRef.current?.click()},Review live behavior and state/API effect,PARTIAL_CODE_ONLY,apps/frontend/src/app/(dashboard)/documents/page.tsx:312,Source-inventoried and route rendered; control not individually mutated during safe audit
INT-00052,/documents,input,apps/frontend/src/app/(dashboard)/documents/page.tsx,327,"<input ref={fileRef} type=""file"" className=""hidden""",Review live behavior and state/API effect,PARTIAL_CODE_ONLY,apps/frontend/src/app/(dashboard)/documents/page.tsx:327,Source-inventoried and route rendered; control not individually mutated during safe audit
INT-00053,/documents,change-handler,apps/frontend/src/app/(dashboard)/documents/page.tsx,328,onChange={(e) => setFile(e.target.files?.[0] ?? null)},Review live behavior and state/API effect,PARTIAL_CODE_ONLY,apps/frontend/src/app/(dashboard)/documents/page.tsx:328,Source-inventoried and route rendered; control not individually mutated during safe audit
INT-00054,/documents,input,apps/frontend/src/app/(dashboard)/documents/page.tsx,332,"<input name=""name"" placeholder=""Dateiname *"" value={form.name}",Review live behavior and state/API effect,PARTIAL_CODE_ONLY,apps/frontend/src/app/(dashboard)/documents/page.tsx:332,Source-inventoried and route rendered; control not individually mutated during safe audit
INT-00055,/documents,change-handler,apps/frontend/src/app/(dashboard)/documents/page.tsx,333,"onChange={(e) => setForm({ ...form, name: e.target.value })}",Review live behavior and state/API effect,PARTIAL_CODE_ONLY,apps/frontend/src/app/(dashboard)/documents/page.tsx:333,Source-inventoried and route rendered; control not individually mutated during safe audit
INT-00056,/documents,select,apps/frontend/src/app/(dashboard)/documents/page.tsx,337,"<select name=""type"" value={form.type}",Review live behavior and state/API effect,PARTIAL_CODE_ONLY,apps/frontend/src/app/(dashboard)/documents/page.tsx:337,Source-inventoried and route rendered; control not individually mutated during safe audit
INT-00057,/documents,change-handler,apps/frontend/src/app/(dashboard)/documents/page.tsx,338,"onChange={(e) => setForm({ ...form, type: e.target.value })}",Review live behavior and state/API effect,PARTIAL_CODE_ONLY,apps/frontend/src/app/(dashboard)/documents/page.tsx:338,Source-inventoried and route rendered; control not individually mutated during safe audit
INT-00058,/documents,textarea,apps/frontend/src/app/(dashboard)/documents/page.tsx,344,"<textarea name=""description"" placeholder=""Beschreibung (optional)"" rows={3}",Review live behavior and state/API effect,PARTIAL_CODE_ONLY,apps/frontend/src/app/(dashboard)/documents/page.tsx:344,Source-inventoried and route rendered; control not individually mutated during safe audit
INT-00059,/documents,change-handler,apps/frontend/src/app/(dashboard)/documents/page.tsx,346,"onChange={(e) => setForm({ ...form, description: e.target.value })}",Review live behavior and state/API effect,PARTIAL_CODE_ONLY,apps/frontend/src/app/(dashboard)/documents/page.tsx:346,Source-inventoried and route rendered; control not individually mutated during safe audit
INT-00060,/documents,input,apps/frontend/src/app/(dashboard)/documents/page.tsx,350,"<input name=""tags"" placeholder=""Tags (kommagetrennt, optional)"" value={form.tags}",Review live behavior and state/API effect,PARTIAL_CODE_ONLY,apps/frontend/src/app/(dashboard)/documents/page.tsx:350,Source-inventoried and route rendered; control not individually mutated during safe audit
INT-00061,/documents,change-handler,apps/frontend/src/app/(dashboard)/documents/page.tsx,351,"onChange={(e) => setForm({ ...form, tags: e.target.value })}",Review live behavior and state/API effect,PARTIAL_CODE_ONLY,apps/frontend/src/app/(dashboard)/documents/page.tsx:351,Source-inventoried and route rendered; control not individually mutated during safe audit
INT-00062,/documents,button,apps/frontend/src/app/(dashboard)/documents/page.tsx,358,<button onClick={onClose},Review live behavior and state/API effect,PARTIAL_CODE_ONLY,apps/frontend/src/app/(dashboard)/documents/page.tsx:358,Source-inventoried and route rendered; control not individually mutated during safe audit
INT-00063,/documents,click-handler,apps/frontend/src/app/(dashboard)/documents/page.tsx,358,<button onClick={onClose},Review live behavior and state/API effect,PARTIAL_CODE_ONLY,apps/frontend/src/app/(dashboard)/documents/page.tsx:358,Source-inventoried and route rendered; control not individually mutated during safe audit
INT-00064,/documents,button,apps/frontend/src/app/(dashboard)/documents/page.tsx,361,<button onClick={handleSubmit} disabled={uploading || !form.name || !file},Review live behavior and state/API effect,PARTIAL_CODE_ONLY,apps/frontend/src/app/(dashboard)/documents/page.tsx:361,Source-inventoried and route rendered; control not individually mutated during safe audit
INT-00065,/documents,click-handler,apps/frontend/src/app/(dashboard)/documents/page.tsx,361,<button onClick={handleSubmit} disabled={uploading || !form.name || !file},Review live behavior and state/API effect,PARTIAL_CODE_ONLY,apps/frontend/src/app/(dashboard)/documents/page.tsx:361,Source-inventoried and route rendered; control not individually mutated during safe audit
INT-00066,/email,link,apps/frontend/src/app/(dashboard)/email/page.tsx,190,<Link,Review live behavior and state/API effect,PARTIAL_CODE_ONLY,apps/frontend/src/app/(dashboard)/email/page.tsx:190,Source-inventoried and route rendered; control not individually mutated during safe audit
INT-00067,/email,submit-handler,apps/frontend/src/app/(dashboard)/email/page.tsx,257,onSubmit={(payload) => sendMutation.mutate(payload)},Review live behavior and state/API effect,PARTIAL_CODE_ONLY,apps/frontend/src/app/(dashboard)/email/page.tsx:257,Source-inventoried and route rendered; control not individually mutated during safe audit
INT-00068,/finance,button,apps/frontend/src/app/(dashboard)/finance/page.tsx,116,<button key={type} onClick={() => setAccountTab(type)},Review live behavior and state/API effect,PARTIAL_CODE_ONLY,apps/frontend/src/app/(dashboard)/finance/page.tsx:116,Source-inventoried and route rendered; control not individually mutated during safe audit
INT-00069,/finance,click-handler,apps/frontend/src/app/(dashboard)/finance/page.tsx,116,<button key={type} onClick={() => setAccountTab(type)},Review live behavior and state/API effect,PARTIAL_CODE_ONLY,apps/frontend/src/app/(dashboard)/finance/page.tsx:116,Source-inventoried and route rendered; control not individually mutated during safe audit
INT-00070,/insurance,button,apps/frontend/src/app/(dashboard)/insurance/page.tsx,140,<button onClick={() => setShowCreate(true)},Review live behavior and state/API effect,PARTIAL_CODE_ONLY,apps/frontend/src/app/(dashboard)/insurance/page.tsx:140,Source-inventoried and route rendered; control not individually mutated during safe audit
INT-00071,/insurance,click-handler,apps/frontend/src/app/(dashboard)/insurance/page.tsx,140,<button onClick={() => setShowCreate(true)},Review live behavior and state/API effect,PARTIAL_CODE_ONLY,apps/frontend/src/app/(dashboard)/insurance/page.tsx:140,Source-inventoried and route rendered; control not individually mutated during safe audit
INT-00072,/insurance,button,apps/frontend/src/app/(dashboard)/insurance/page.tsx,169,<button key={p.id} onClick={() => setSelectedId(p.id)},Review live behavior and state/API effect,PARTIAL_CODE_ONLY,apps/frontend/src/app/(dashboard)/insurance/page.tsx:169,Source-inventoried and route rendered; control not individually mutated during safe audit
INT-00073,/insurance,click-handler,apps/frontend/src/app/(dashboard)/insurance/page.tsx,169,<button key={p.id} onClick={() => setSelectedId(p.id)},Review live behavior and state/API effect,PARTIAL_CODE_ONLY,apps/frontend/src/app/(dashboard)/insurance/page.tsx:169,Source-inventoried and route rendered; control not individually mutated during safe audit
INT-00074,/insurance,button,apps/frontend/src/app/(dashboard)/insurance/page.tsx,205,<button onClick={() => setShowCreate(true)},Review live behavior and state/API effect,PARTIAL_CODE_ONLY,apps/frontend/src/app/(dashboard)/insurance/page.tsx:205,Source-inventoried and route rendered; control not individually mutated during safe audit
INT-00075,/insurance,click-handler,apps/frontend/src/app/(dashboard)/insurance/page.tsx,205,<button onClick={() => setShowCreate(true)},Review live behavior and state/API effect,PARTIAL_CODE_ONLY,apps/frontend/src/app/(dashboard)/insurance/page.tsx:205,Source-inventoried and route rendered; control not individually mutated during safe audit
INT-00076,/insurance,submit-handler,apps/frontend/src/app/(dashboard)/insurance/page.tsx,215,onSubmit={(data) => createMutation.mutate(data)},Review live behavior and state/API effect,PARTIAL_CODE_ONLY,apps/frontend/src/app/(dashboard)/insurance/page.tsx:215,Source-inventoried and route rendered; control not individually mutated during safe audit
INT-00077,/insurance,button,apps/frontend/src/app/(dashboard)/insurance/page.tsx,234,<button onClick={onBack},Review live behavior and state/API effect,PARTIAL_CODE_ONLY,apps/frontend/src/app/(dashboard)/insurance/page.tsx:234,Source-inventoried and route rendered; control not individually mutated during safe audit
INT-00078,/insurance,click-handler,apps/frontend/src/app/(dashboard)/insurance/page.tsx,234,<button onClick={onBack},Review live behavior and state/API effect,PARTIAL_CODE_ONLY,apps/frontend/src/app/(dashboard)/insurance/page.tsx:234,Source-inventoried and route rendered; control not individually mutated during safe audit
INT-00079,/insurance,button,apps/frontend/src/app/(dashboard)/insurance/page.tsx,247,<button onClick={() => onDelete(policy.id)} disabled={isDeleting},Review live behavior and state/API effect,PARTIAL_CODE_ONLY,apps/frontend/src/app/(dashboard)/insurance/page.tsx:247,Source-inventoried and route rendered; control not individually mutated during safe audit
INT-00080,/insurance,click-handler,apps/frontend/src/app/(dashboard)/insurance/page.tsx,247,<button onClick={() => onDelete(policy.id)} disabled={isDeleting},Review live behavior and state/API effect,PARTIAL_CODE_ONLY,apps/frontend/src/app/(dashboard)/insurance/page.tsx:247,Source-inventoried and route rendered; control not individually mutated during safe audit
INT-00081,/insurance,input,apps/frontend/src/app/(dashboard)/insurance/page.tsx,312,"<input type=""text"" value={docName} onChange={(e) => setDocName(e.target.value)}",Review live behavior and state/API effect,PARTIAL_CODE_ONLY,apps/frontend/src/app/(dashboard)/insurance/page.tsx:312,Source-inventoried and route rendered; control not individually mutated during safe audit
INT-00082,/insurance,change-handler,apps/frontend/src/app/(dashboard)/insurance/page.tsx,312,"<input type=""text"" value={docName} onChange={(e) => setDocName(e.target.value)}",Review live behavior and state/API effect,PARTIAL_CODE_ONLY,apps/frontend/src/app/(dashboard)/insurance/page.tsx:312,Source-inventoried and route rendered; control not individually mutated during safe audit
INT-00083,/insurance,button,apps/frontend/src/app/(dashboard)/insurance/page.tsx,316,<button onClick={() => { if (docName.trim()) { onAddDoc(docName.trim()); setDocName(''); } }},Review live behavior and state/API effect,PARTIAL_CODE_ONLY,apps/frontend/src/app/(dashboard)/insurance/page.tsx:316,Source-inventoried and route rendered; control not individually mutated during safe audit
INT-00084,/insurance,click-handler,apps/frontend/src/app/(dashboard)/insurance/page.tsx,316,<button onClick={() => { if (docName.trim()) { onAddDoc(docName.trim()); setDocName(''); } }},Review live behavior and state/API effect,PARTIAL_CODE_ONLY,apps/frontend/src/app/(dashboard)/insurance/page.tsx:316,Source-inventoried and route rendered; control not individually mutated during safe audit
INT-00085,/insurance,click-handler,apps/frontend/src/app/(dashboard)/insurance/page.tsx,350,"<div className=""fixed inset-0 z-50 flex items-center justify-center bg-black/50"" onClick={onClose}>",Review live behavior and state/API effect,PARTIAL_CODE_ONLY,apps/frontend/src/app/(dashboard)/insurance/page.tsx:350,Source-inventoried and route rendered; control not individually mutated during safe audit
INT-00086,/insurance,click-handler,apps/frontend/src/app/(dashboard)/insurance/page.tsx,351,"<div className=""rounded-lg border border-border bg-bg-surface p-6 w-full max-w-lg mx-4 max-h-[90vh] overflow-y-auto"" onClick={(e) => e.stopPropagation()}>",Review live behavior and state/API effect,PARTIAL_CODE_ONLY,apps/frontend/src/app/(dashboard)/insurance/page.tsx:351,Source-inventoried and route rendered; control not individually mutated during safe audit
INT-00087,/insurance,input,apps/frontend/src/app/(dashboard)/insurance/page.tsx,354,"<input name=""name"" placeholder=""Name *"" value={form.name} onChange={(e) => setForm({ ...form, name: e.target.value })}",Review live behavior and state/API effect,PARTIAL_CODE_ONLY,apps/frontend/src/app/(dashboard)/insurance/page.tsx:354,Source-inventoried and route rendered; control not individually mutated during safe audit
INT-00088,/insurance,change-handler,apps/frontend/src/app/(dashboard)/insurance/page.tsx,354,"<input name=""name"" placeholder=""Name *"" value={form.name} onChange={(e) => setForm({ ...form, name: e.target.value })}",Review live behavior and state/API effect,PARTIAL_CODE_ONLY,apps/frontend/src/app/(dashboard)/insurance/page.tsx:354,Source-inventoried and route rendered; control not individually mutated during safe audit
INT-00089,/insurance,select,apps/frontend/src/app/(dashboard)/insurance/page.tsx,358,"<select name=""category"" value={form.category} onChange={(e) => setForm({ ...form, category: e.target.value })}",Review live behavior and state/API effect,PARTIAL_CODE_ONLY,apps/frontend/src/app/(dashboard)/insurance/page.tsx:358,Source-inventoried and route rendered; control not individually mutated during safe audit
INT-00090,/insurance,change-handler,apps/frontend/src/app/(dashboard)/insurance/page.tsx,358,"<select name=""category"" value={form.category} onChange={(e) => setForm({ ...form, category: e.target.value })}",Review live behavior and state/API effect,PARTIAL_CODE_ONLY,apps/frontend/src/app/(dashboard)/insurance/page.tsx:358,Source-inventoried and route rendered; control not individually mutated during safe audit
INT-00091,/insurance,select,apps/frontend/src/app/(dashboard)/insurance/page.tsx,362,"<select name=""interval"" value={form.interval} onChange={(e) => setForm({ ...form, interval: e.target.value })}",Review live behavior and state/API effect,PARTIAL_CODE_ONLY,apps/frontend/src/app/(dashboard)/insurance/page.tsx:362,Source-inventoried and route rendered; control not individually mutated during safe audit
INT-00092,/insurance,change-handler,apps/frontend/src/app/(dashboard)/insurance/page.tsx,362,"<select name=""interval"" value={form.interval} onChange={(e) => setForm({ ...form, interval: e.target.value })}",Review live behavior and state/API effect,PARTIAL_CODE_ONLY,apps/frontend/src/app/(dashboard)/insurance/page.tsx:362,Source-inventoried and route rendered; control not individually mutated during safe audit
INT-00093,/insurance,input,apps/frontend/src/app/(dashboard)/insurance/page.tsx,370,"<input name=""provider"" placeholder=""Anbieter *"" value={form.provider} onChange={(e) => setForm({ ...form, provider: e.target.value })}",Review live behavior and state/API effect,PARTIAL_CODE_ONLY,apps/frontend/src/app/(dashboard)/insurance/page.tsx:370,Source-inventoried and route rendered; control not individually mutated during safe audit
INT-00094,/insurance,change-handler,apps/frontend/src/app/(dashboard)/insurance/page.tsx,370,"<input name=""provider"" placeholder=""Anbieter *"" value={form.provider} onChange={(e) => setForm({ ...form, provider: e.target.value })}",Review live behavior and state/API effect,PARTIAL_CODE_ONLY,apps/frontend/src/app/(dashboard)/insurance/page.tsx:370,Source-inventoried and route rendered; control not individually mutated during safe audit
INT-00095,/insurance,input,apps/frontend/src/app/(dashboard)/insurance/page.tsx,374,"<input name=""policyNumber"" placeholder=""Versicherungsnummer"" value={form.policyNumber} onChange={(e) => setForm({ ...form, policyNumber: e.target.value })}",Review live behavior and state/API effect,PARTIAL_CODE_ONLY,apps/frontend/src/app/(dashboard)/insurance/page.tsx:374,Source-inventoried and route rendered; control not individually mutated during safe audit
INT-00096,/insurance,change-handler,apps/frontend/src/app/(dashboard)/insurance/page.tsx,374,"<input name=""policyNumber"" placeholder=""Versicherungsnummer"" value={form.policyNumber} onChange={(e) => setForm({ ...form, policyNumber: e.target.value })}",Review live behavior and state/API effect,PARTIAL_CODE_ONLY,apps/frontend/src/app/(dashboard)/insurance/page.tsx:374,Source-inventoried and route rendered; control not individually mutated during safe audit
INT-00097,/insurance,input,apps/frontend/src/app/(dashboard)/insurance/page.tsx,376,"<input name=""premium"" placeholder=""Beitrag (z.B. 89,90)"" value={form.premium} onChange={(e) => setForm({ ...form, premium: e.target.value })}",Review live behavior and state/API effect,PARTIAL_CODE_ONLY,apps/frontend/src/app/(dashboard)/insurance/page.tsx:376,Source-inventoried and route rendered; control not individually mutated during safe audit
INT-00098,/insurance,change-handler,apps/frontend/src/app/(dashboard)/insurance/page.tsx,376,"<input name=""premium"" placeholder=""Beitrag (z.B. 89,90)"" value={form.premium} onChange={(e) => setForm({ ...form, premium: e.target.value })}",Review live behavior and state/API effect,PARTIAL_CODE_ONLY,apps/frontend/src/app/(dashboard)/insurance/page.tsx:376,Source-inventoried and route rendered; control not individually mutated during safe audit
INT-00099,/insurance,input,apps/frontend/src/app/(dashboard)/insurance/page.tsx,381,"<input name=""startDate"" type=""date"" value={form.startDate} onChange={(e) => setForm({ ...form, startDate: e.target.value })}",Review live behavior and state/API effect,PARTIAL_CODE_ONLY,apps/frontend/src/app/(dashboard)/insurance/page.tsx:381,Source-inventoried and route rendered; control not individually mutated during safe audit
INT-00100,/insurance,change-handler,apps/frontend/src/app/(dashboard)/insurance/page.tsx,381,"<input name=""startDate"" type=""date"" value={form.startDate} onChange={(e) => setForm({ ...form, startDate: e.target.value })}",Review live behavior and state/API effect,PARTIAL_CODE_ONLY,apps/frontend/src/app/(dashboard)/insurance/page.tsx:381,Source-inventoried and route rendered; control not individually mutated during safe audit
INT-00101,/insurance,input,apps/frontend/src/app/(dashboard)/insurance/page.tsx,383,"<input name=""cancellationPeriodDays"" type=""number"" placeholder=""Kündigungsfrist (Tage)"" value={form.cancellationPeriodDays} onChange={(e) => setForm({ ...form, cancellationPeriodDays: e.target.value })}",Review live behavior and state/API effect,PARTIAL_CODE_ONLY,apps/frontend/src/app/(dashboard)/insurance/page.tsx:383,Source-inventoried and route rendered; control not individually mutated during safe audit
INT-00102,/insurance,change-handler,apps/frontend/src/app/(dashboard)/insurance/page.tsx,383,"<input name=""cancellationPeriodDays"" type=""number"" placeholder=""Kündigungsfrist (Tage)"" value={form.cancellationPeriodDays} onChange={(e) => setForm({ ...form, cancellationPeriodDays: e.target.value })}",Review live behavior and state/API effect,PARTIAL_CODE_ONLY,apps/frontend/src/app/(dashboard)/insurance/page.tsx:383,Source-inventoried and route rendered; control not individually mutated during safe audit
INT-00103,/insurance,input,apps/frontend/src/app/(dashboard)/insurance/page.tsx,387,"<input name=""endsAt"" type=""date"" placeholder=""Nächstmögliches Kündigungsdatum"" value={form.endsAt} onChange={(e) => setForm({ ...form, endsAt: e.target.value })}",Review live behavior and state/API effect,PARTIAL_CODE_ONLY,apps/frontend/src/app/(dashboard)/insurance/page.tsx:387,Source-inventoried and route rendered; control not individually mutated during safe audit
INT-00104,/insurance,change-handler,apps/frontend/src/app/(dashboard)/insurance/page.tsx,387,"<input name=""endsAt"" type=""date"" placeholder=""Nächstmögliches Kündigungsdatum"" value={form.endsAt} onChange={(e) => setForm({ ...form, endsAt: e.target.value })}",Review live behavior and state/API effect,PARTIAL_CODE_ONLY,apps/frontend/src/app/(dashboard)/insurance/page.tsx:387,Source-inventoried and route rendered; control not individually mutated during safe audit
INT-00105,/insurance,input,apps/frontend/src/app/(dashboard)/insurance/page.tsx,393,"<input name=""contactName"" placeholder=""Ansprechpartner"" value={form.contactName} onChange={(e) => setForm({ ...form, contactName: e.target.value })}",Review live behavior and state/API effect,PARTIAL_CODE_ONLY,apps/frontend/src/app/(dashboard)/insurance/page.tsx:393,Source-inventoried and route rendered; control not individually mutated during safe audit
INT-00106,/insurance,change-handler,apps/frontend/src/app/(dashboard)/insurance/page.tsx,393,"<input name=""contactName"" placeholder=""Ansprechpartner"" value={form.contactName} onChange={(e) => setForm({ ...form, contactName: e.target.value })}",Review live behavior and state/API effect,PARTIAL_CODE_ONLY,apps/frontend/src/app/(dashboard)/insurance/page.tsx:393,Source-inventoried and route rendered; control not individually mutated during safe audit
INT-00107,/insurance,input,apps/frontend/src/app/(dashboard)/insurance/page.tsx,396,"<input name=""contactPhone"" placeholder=""Telefon"" value={form.contactPhone} onChange={(e) => setForm({ ...form, contactPhone: e.target.value })}",Review live behavior and state/API effect,PARTIAL_CODE_ONLY,apps/frontend/src/app/(dashboard)/insurance/page.tsx:396,Source-inventoried and route rendered; control not individually mutated during safe audit
INT-00108,/insurance,change-handler,apps/frontend/src/app/(dashboard)/insurance/page.tsx,396,"<input name=""contactPhone"" placeholder=""Telefon"" value={form.contactPhone} onChange={(e) => setForm({ ...form, contactPhone: e.target.value })}",Review live behavior and state/API effect,PARTIAL_CODE_ONLY,apps/frontend/src/app/(dashboard)/insurance/page.tsx:396,Source-inventoried and route rendered; control not individually mutated during safe audit
INT-00109,/insurance,input,apps/frontend/src/app/(dashboard)/insurance/page.tsx,398,"<input name=""contactEmail"" type=""email"" placeholder=""E-Mail"" value={form.contactEmail} onChange={(e) => setForm({ ...form, contactEmail: e.target.value })}",Review live behavior and state/API effect,PARTIAL_CODE_ONLY,apps/frontend/src/app/(dashboard)/insurance/page.tsx:398,Source-inventoried and route rendered; control not individually mutated during safe audit
INT-00110,/insurance,change-handler,apps/frontend/src/app/(dashboard)/insurance/page.tsx,398,"<input name=""contactEmail"" type=""email"" placeholder=""E-Mail"" value={form.contactEmail} onChange={(e) => setForm({ ...form, contactEmail: e.target.value })}",Review live behavior and state/API effect,PARTIAL_CODE_ONLY,apps/frontend/src/app/(dashboard)/insurance/page.tsx:398,Source-inventoried and route rendered; control not individually mutated during safe audit
INT-00111,/insurance,textarea,apps/frontend/src/app/(dashboard)/insurance/page.tsx,404,"<textarea name=""notes"" placeholder=""Notizen"" rows={3} value={form.notes} onChange={(e) => setForm({ ...form, notes: e.target.value })}",Review live behavior and state/API effect,PARTIAL_CODE_ONLY,apps/frontend/src/app/(dashboard)/insurance/page.tsx:404,Source-inventoried and route rendered; control not individually mutated during safe audit
INT-00112,/insurance,change-handler,apps/frontend/src/app/(dashboard)/insurance/page.tsx,404,"<textarea name=""notes"" placeholder=""Notizen"" rows={3} value={form.notes} onChange={(e) => setForm({ ...form, notes: e.target.value })}",Review live behavior and state/API effect,PARTIAL_CODE_ONLY,apps/frontend/src/app/(dashboard)/insurance/page.tsx:404,Source-inventoried and route rendered; control not individually mutated during safe audit
INT-00113,/insurance,button,apps/frontend/src/app/(dashboard)/insurance/page.tsx,408,<button onClick={onClose},Review live behavior and state/API effect,PARTIAL_CODE_ONLY,apps/frontend/src/app/(dashboard)/insurance/page.tsx:408,Source-inventoried and route rendered; control not individually mutated during safe audit
INT-00114,/insurance,click-handler,apps/frontend/src/app/(dashboard)/insurance/page.tsx,408,<button onClick={onClose},Review live behavior and state/API effect,PARTIAL_CODE_ONLY,apps/frontend/src/app/(dashboard)/insurance/page.tsx:408,Source-inventoried and route rendered; control not individually mutated during safe audit
INT-00115,/insurance,button,apps/frontend/src/app/(dashboard)/insurance/page.tsx,411,<button onClick={() => {,Review live behavior and state/API effect,PARTIAL_CODE_ONLY,apps/frontend/src/app/(dashboard)/insurance/page.tsx:411,Source-inventoried and route rendered; control not individually mutated during safe audit
INT-00116,/insurance,click-handler,apps/frontend/src/app/(dashboard)/insurance/page.tsx,411,<button onClick={() => {,Review live behavior and state/API effect,PARTIAL_CODE_ONLY,apps/frontend/src/app/(dashboard)/insurance/page.tsx:411,Source-inventoried and route rendered; control not individually mutated during safe audit
INT-00117,/it-inventory,click-handler,apps/frontend/src/app/(dashboard)/it-inventory/page.tsx,77,"<div className=""fixed inset-0 z-50 flex items-center justify-center bg-black/50"" onClick={onClose}>",Review live behavior and state/API effect,PARTIAL_CODE_ONLY,apps/frontend/src/app/(dashboard)/it-inventory/page.tsx:77,Source-inventoried and route rendered; control not individually mutated during safe audit
INT-00118,/it-inventory,click-handler,apps/frontend/src/app/(dashboard)/it-inventory/page.tsx,78,"<div className=""bg-white dark:bg-zinc-900 rounded-xl shadow-2xl w-full max-w-lg p-6 mx-4 max-h-[90vh] overflow-y-auto"" onClick={(e) => e.stopPropagation()}>",Review live behavior and state/API effect,PARTIAL_CODE_ONLY,apps/frontend/src/app/(dashboard)/it-inventory/page.tsx:78,Source-inventoried and route rendered; control not individually mutated during safe audit
INT-00119,/it-inventory,input,apps/frontend/src/app/(dashboard)/it-inventory/page.tsx,83,"<input className=""w-full px-3 py-2 rounded-lg border border-zinc-300 dark:border-zinc-700 bg-transparent focus:outline-none focus:ring-2 focus:ring-amber-500"" placeholder=""z.B. Heimserver"" value={name} onChange={(e) => setName(e.target.valu",Review live behavior and state/API effect,PARTIAL_CODE_ONLY,apps/frontend/src/app/(dashboard)/it-inventory/page.tsx:83,Source-inventoried and route rendered; control not individually mutated during safe audit
INT-00120,/it-inventory,change-handler,apps/frontend/src/app/(dashboard)/it-inventory/page.tsx,83,"<input className=""w-full px-3 py-2 rounded-lg border border-zinc-300 dark:border-zinc-700 bg-transparent focus:outline-none focus:ring-2 focus:ring-amber-500"" placeholder=""z.B. Heimserver"" value={name} onChange={(e) => setName(e.target.valu",Review live behavior and state/API effect,PARTIAL_CODE_ONLY,apps/frontend/src/app/(dashboard)/it-inventory/page.tsx:83,Source-inventoried and route rendered; control not individually mutated during safe audit
INT-00121,/it-inventory,select,apps/frontend/src/app/(dashboard)/it-inventory/page.tsx,87,"<select className=""w-full px-3 py-2 rounded-lg border border-zinc-300 dark:border-zinc-700 bg-transparent focus:outline-none focus:ring-2 focus:ring-amber-500"" value={type} onChange={(e) => setType(e.target.value as DeviceType)}>",Review live behavior and state/API effect,PARTIAL_CODE_ONLY,apps/frontend/src/app/(dashboard)/it-inventory/page.tsx:87,Source-inventoried and route rendered; control not individually mutated during safe audit
INT-00122,/it-inventory,change-handler,apps/frontend/src/app/(dashboard)/it-inventory/page.tsx,87,"<select className=""w-full px-3 py-2 rounded-lg border border-zinc-300 dark:border-zinc-700 bg-transparent focus:outline-none focus:ring-2 focus:ring-amber-500"" value={type} onChange={(e) => setType(e.target.value as DeviceType)}>",Review live behavior and state/API effect,PARTIAL_CODE_ONLY,apps/frontend/src/app/(dashboard)/it-inventory/page.tsx:87,Source-inventoried and route rendered; control not individually mutated during safe audit
INT-00123,/it-inventory,input,apps/frontend/src/app/(dashboard)/it-inventory/page.tsx,96,"<input className=""w-full px-3 py-2 rounded-lg border border-zinc-300 dark:border-zinc-700 bg-transparent focus:outline-none focus:ring-2 focus:ring-amber-500"" placeholder=""192.168.1.1"" value={ipAddress} onChange={(e) => setIpAddress(e.targe",Review live behavior and state/API effect,PARTIAL_CODE_ONLY,apps/frontend/src/app/(dashboard)/it-inventory/page.tsx:96,Source-inventoried and route rendered; control not individually mutated during safe audit
INT-00124,/it-inventory,change-handler,apps/frontend/src/app/(dashboard)/it-inventory/page.tsx,96,"<input className=""w-full px-3 py-2 rounded-lg border border-zinc-300 dark:border-zinc-700 bg-transparent focus:outline-none focus:ring-2 focus:ring-amber-500"" placeholder=""192.168.1.1"" value={ipAddress} onChange={(e) => setIpAddress(e.targe",Review live behavior and state/API effect,PARTIAL_CODE_ONLY,apps/frontend/src/app/(dashboard)/it-inventory/page.tsx:96,Source-inventoried and route rendered; control not individually mutated during safe audit
INT-00125,/it-inventory,input,apps/frontend/src/app/(dashboard)/it-inventory/page.tsx,100,"<input className=""w-full px-3 py-2 rounded-lg border border-zinc-300 dark:border-zinc-700 bg-transparent focus:outline-none focus:ring-2 focus:ring-amber-500"" placeholder=""AA:BB:CC:DD:EE:FF"" value={macAddress} onChange={(e) => setMacAddress",Review live behavior and state/API effect,PARTIAL_CODE_ONLY,apps/frontend/src/app/(dashboard)/it-inventory/page.tsx:100,Source-inventoried and route rendered; control not individually mutated during safe audit
INT-00126,/it-inventory,change-handler,apps/frontend/src/app/(dashboard)/it-inventory/page.tsx,100,"<input className=""w-full px-3 py-2 rounded-lg border border-zinc-300 dark:border-zinc-700 bg-transparent focus:outline-none focus:ring-2 focus:ring-amber-500"" placeholder=""AA:BB:CC:DD:EE:FF"" value={macAddress} onChange={(e) => setMacAddress",Review live behavior and state/API effect,PARTIAL_CODE_ONLY,apps/frontend/src/app/(dashboard)/it-inventory/page.tsx:100,Source-inventoried and route rendered; control not individually mutated during safe audit
INT-00127,/it-inventory,input,apps/frontend/src/app/(dashboard)/it-inventory/page.tsx,106,"<input className=""w-full px-3 py-2 rounded-lg border border-zinc-300 dark:border-zinc-700 bg-transparent focus:outline-none focus:ring-2 focus:ring-amber-500"" placeholder=""heimserver"" value={hostname} onChange={(e) => setHostname(e.target.v",Review live behavior and state/API effect,PARTIAL_CODE_ONLY,apps/frontend/src/app/(dashboard)/it-inventory/page.tsx:106,Source-inventoried and route rendered; control not individually mutated during safe audit
INT-00128,/it-inventory,change-handler,apps/frontend/src/app/(dashboard)/it-inventory/page.tsx,106,"<input className=""w-full px-3 py-2 rounded-lg border border-zinc-300 dark:border-zinc-700 bg-transparent focus:outline-none focus:ring-2 focus:ring-amber-500"" placeholder=""heimserver"" value={hostname} onChange={(e) => setHostname(e.target.v",Review live behavior and state/API effect,PARTIAL_CODE_ONLY,apps/frontend/src/app/(dashboard)/it-inventory/page.tsx:106,Source-inventoried and route rendered; control not individually mutated during safe audit
INT-00129,/it-inventory,input,apps/frontend/src/app/(dashboard)/it-inventory/page.tsx,110,"<input className=""w-full px-3 py-2 rounded-lg border border-zinc-300 dark:border-zinc-700 bg-transparent focus:outline-none focus:ring-2 focus:ring-amber-500"" placeholder=""Debian 12"" value={os} onChange={(e) => setOs(e.target.value)} />",Review live behavior and state/API effect,PARTIAL_CODE_ONLY,apps/frontend/src/app/(dashboard)/it-inventory/page.tsx:110,Source-inventoried and route rendered; control not individually mutated during safe audit
INT-00130,/it-inventory,change-handler,apps/frontend/src/app/(dashboard)/it-inventory/page.tsx,110,"<input className=""w-full px-3 py-2 rounded-lg border border-zinc-300 dark:border-zinc-700 bg-transparent focus:outline-none focus:ring-2 focus:ring-amber-500"" placeholder=""Debian 12"" value={os} onChange={(e) => setOs(e.target.value)} />",Review live behavior and state/API effect,PARTIAL_CODE_ONLY,apps/frontend/src/app/(dashboard)/it-inventory/page.tsx:110,Source-inventoried and route rendered; control not individually mutated during safe audit
INT-00131,/it-inventory,input,apps/frontend/src/app/(dashboard)/it-inventory/page.tsx,115,"<input className=""w-full px-3 py-2 rounded-lg border border-zinc-300 dark:border-zinc-700 bg-transparent focus:outline-none focus:ring-2 focus:ring-amber-500"" placeholder=""Keller, Serverrack"" value={location} onChange={(e) => setLocation(e.",Review live behavior and state/API effect,PARTIAL_CODE_ONLY,apps/frontend/src/app/(dashboard)/it-inventory/page.tsx:115,Source-inventoried and route rendered; control not individually mutated during safe audit
INT-00132,/it-inventory,change-handler,apps/frontend/src/app/(dashboard)/it-inventory/page.tsx,115,"<input className=""w-full px-3 py-2 rounded-lg border border-zinc-300 dark:border-zinc-700 bg-transparent focus:outline-none focus:ring-2 focus:ring-amber-500"" placeholder=""Keller, Serverrack"" value={location} onChange={(e) => setLocation(e.",Review live behavior and state/API effect,PARTIAL_CODE_ONLY,apps/frontend/src/app/(dashboard)/it-inventory/page.tsx:115,Source-inventoried and route rendered; control not individually mutated during safe audit
INT-00133,/it-inventory,textarea,apps/frontend/src/app/(dashboard)/it-inventory/page.tsx,119,"<textarea className=""w-full px-3 py-2 rounded-lg border border-zinc-300 dark:border-zinc-700 bg-transparent focus:outline-none focus:ring-2 focus:ring-amber-500 min-h-[80px]"" placeholder=""..."" value={notes} onChange={(e) => setNotes(e.targe",Review live behavior and state/API effect,PARTIAL_CODE_ONLY,apps/frontend/src/app/(dashboard)/it-inventory/page.tsx:119,Source-inventoried and route rendered; control not individually mutated during safe audit
INT-00134,/it-inventory,change-handler,apps/frontend/src/app/(dashboard)/it-inventory/page.tsx,119,"<textarea className=""w-full px-3 py-2 rounded-lg border border-zinc-300 dark:border-zinc-700 bg-transparent focus:outline-none focus:ring-2 focus:ring-amber-500 min-h-[80px]"" placeholder=""..."" value={notes} onChange={(e) => setNotes(e.targe",Review live behavior and state/API effect,PARTIAL_CODE_ONLY,apps/frontend/src/app/(dashboard)/it-inventory/page.tsx:119,Source-inventoried and route rendered; control not individually mutated during safe audit
INT-00135,/it-inventory,button,apps/frontend/src/app/(dashboard)/it-inventory/page.tsx,122,<button,Review live behavior and state/API effect,PARTIAL_CODE_ONLY,apps/frontend/src/app/(dashboard)/it-inventory/page.tsx:122,Source-inventoried and route rendered; control not individually mutated during safe audit
INT-00136,/it-inventory,click-handler,apps/frontend/src/app/(dashboard)/it-inventory/page.tsx,123,onClick={() => mutation.mutate()},Review live behavior and state/API effect,PARTIAL_CODE_ONLY,apps/frontend/src/app/(dashboard)/it-inventory/page.tsx:123,Source-inventoried and route rendered; control not individually mutated during safe audit
INT-00137,/it-inventory,button,apps/frontend/src/app/(dashboard)/it-inventory/page.tsx,161,"<button onClick={onEdit} className=""p-1.5 rounded-lg hover:bg-zinc-100 dark:hover:bg-zinc-800 text-zinc-400 hover:text-amber-500 transition-colors"">",Review live behavior and state/API effect,PARTIAL_CODE_ONLY,apps/frontend/src/app/(dashboard)/it-inventory/page.tsx:161,Source-inventoried and route rendered; control not individually mutated during safe audit
INT-00138,/it-inventory,click-handler,apps/frontend/src/app/(dashboard)/it-inventory/page.tsx,161,"<button onClick={onEdit} className=""p-1.5 rounded-lg hover:bg-zinc-100 dark:hover:bg-zinc-800 text-zinc-400 hover:text-amber-500 transition-colors"">",Review live behavior and state/API effect,PARTIAL_CODE_ONLY,apps/frontend/src/app/(dashboard)/it-inventory/page.tsx:161,Source-inventoried and route rendered; control not individually mutated during safe audit
INT-00139,/it-inventory,button,apps/frontend/src/app/(dashboard)/it-inventory/page.tsx,164,"<button onClick={onDelete} className=""p-1.5 rounded-lg hover:bg-zinc-100 dark:hover:bg-zinc-800 text-zinc-400 hover:text-red-500 transition-colors"">",Review live behavior and state/API effect,PARTIAL_CODE_ONLY,apps/frontend/src/app/(dashboard)/it-inventory/page.tsx:164,Source-inventoried and route rendered; control not individually mutated during safe audit
INT-00140,/it-inventory,click-handler,apps/frontend/src/app/(dashboard)/it-inventory/page.tsx,164,"<button onClick={onDelete} className=""p-1.5 rounded-lg hover:bg-zinc-100 dark:hover:bg-zinc-800 text-zinc-400 hover:text-red-500 transition-colors"">",Review live behavior and state/API effect,PARTIAL_CODE_ONLY,apps/frontend/src/app/(dashboard)/it-inventory/page.tsx:164,Source-inventoried and route rendered; control not individually mutated during safe audit
INT-00141,/it-inventory,button,apps/frontend/src/app/(dashboard)/it-inventory/page.tsx,214,"<button onClick={() => onEdit(device)} className=""p-1 rounded hover:bg-zinc-200 dark:hover:bg-zinc-700 text-zinc-400 hover:text-amber-500"">",Review live behavior and state/API effect,PARTIAL_CODE_ONLY,apps/frontend/src/app/(dashboard)/it-inventory/page.tsx:214,Source-inventoried and route rendered; control not individually mutated during safe audit
INT-00142,/it-inventory,click-handler,apps/frontend/src/app/(dashboard)/it-inventory/page.tsx,214,"<button onClick={() => onEdit(device)} className=""p-1 rounded hover:bg-zinc-200 dark:hover:bg-zinc-700 text-zinc-400 hover:text-amber-500"">",Review live behavior and state/API effect,PARTIAL_CODE_ONLY,apps/frontend/src/app/(dashboard)/it-inventory/page.tsx:214,Source-inventoried and route rendered; control not individually mutated during safe audit
INT-00143,/it-inventory,button,apps/frontend/src/app/(dashboard)/it-inventory/page.tsx,217,"<button onClick={() => onDelete(device)} className=""p-1 rounded hover:bg-zinc-200 dark:hover:bg-zinc-700 text-zinc-400 hover:text-red-500"">",Review live behavior and state/API effect,PARTIAL_CODE_ONLY,apps/frontend/src/app/(dashboard)/it-inventory/page.tsx:217,Source-inventoried and route rendered; control not individually mutated during safe audit
INT-00144,/it-inventory,click-handler,apps/frontend/src/app/(dashboard)/it-inventory/page.tsx,217,"<button onClick={() => onDelete(device)} className=""p-1 rounded hover:bg-zinc-200 dark:hover:bg-zinc-700 text-zinc-400 hover:text-red-500"">",Review live behavior and state/API effect,PARTIAL_CODE_ONLY,apps/frontend/src/app/(dashboard)/it-inventory/page.tsx:217,Source-inventoried and route rendered; control not individually mutated during safe audit
INT-00145,/it-inventory,button,apps/frontend/src/app/(dashboard)/it-inventory/page.tsx,283,<button,Review live behavior and state/API effect,PARTIAL_CODE_ONLY,apps/frontend/src/app/(dashboard)/it-inventory/page.tsx:283,Source-inventoried and route rendered; control not individually mutated during safe audit
INT-00146,/it-inventory,click-handler,apps/frontend/src/app/(dashboard)/it-inventory/page.tsx,284,onClick={() => setShowCreate(true)},Review live behavior and state/API effect,PARTIAL_CODE_ONLY,apps/frontend/src/app/(dashboard)/it-inventory/page.tsx:284,Source-inventoried and route rendered; control not individually mutated during safe audit
INT-00147,/it-inventory,input,apps/frontend/src/app/(dashboard)/it-inventory/page.tsx,295,<input,Review live behavior and state/API effect,PARTIAL_CODE_ONLY,apps/frontend/src/app/(dashboard)/it-inventory/page.tsx:295,Source-inventoried and route rendered; control not individually mutated during safe audit
INT-00148,/it-inventory,change-handler,apps/frontend/src/app/(dashboard)/it-inventory/page.tsx,298,value={search} onChange={(e) => setSearch(e.target.value)},Review live behavior and state/API effect,PARTIAL_CODE_ONLY,apps/frontend/src/app/(dashboard)/it-inventory/page.tsx:298,Source-inventoried and route rendered; control not individually mutated during safe audit
INT-00149,/it-inventory,button,apps/frontend/src/app/(dashboard)/it-inventory/page.tsx,302,<button,Review live behavior and state/API effect,PARTIAL_CODE_ONLY,apps/frontend/src/app/(dashboard)/it-inventory/page.tsx:302,Source-inventoried and route rendered; control not individually mutated during safe audit
INT-00150,/it-inventory,click-handler,apps/frontend/src/app/(dashboard)/it-inventory/page.tsx,303,onClick={() => setView('grid')},Review live behavior and state/API effect,PARTIAL_CODE_ONLY,apps/frontend/src/app/(dashboard)/it-inventory/page.tsx:303,Source-inventoried and route rendered; control not individually mutated during safe audit
INT-00151,/it-inventory,button,apps/frontend/src/app/(dashboard)/it-inventory/page.tsx,308,<button,Review live behavior and state/API effect,PARTIAL_CODE_ONLY,apps/frontend/src/app/(dashboard)/it-inventory/page.tsx:308,Source-inventoried and route rendered; control not individually mutated during safe audit
INT-00152,/it-inventory,click-handler,apps/frontend/src/app/(dashboard)/it-inventory/page.tsx,309,onClick={() => setView('network')},Review live behavior and state/API effect,PARTIAL_CODE_ONLY,apps/frontend/src/app/(dashboard)/it-inventory/page.tsx:309,Source-inventoried and route rendered; control not individually mutated during safe audit
INT-00153,/it-inventory,button,apps/frontend/src/app/(dashboard)/it-inventory/page.tsx,354,<button,Review live behavior and state/API effect,PARTIAL_CODE_ONLY,apps/frontend/src/app/(dashboard)/it-inventory/page.tsx:354,Source-inventoried and route rendered; control not individually mutated during safe audit
INT-00154,/it-inventory,click-handler,apps/frontend/src/app/(dashboard)/it-inventory/page.tsx,355,onClick={() => setShowCreate(true)},Review live behavior and state/API effect,PARTIAL_CODE_ONLY,apps/frontend/src/app/(dashboard)/it-inventory/page.tsx:355,Source-inventoried and route rendered; control not individually mutated during safe audit
INT-00155,/jellyfin/browse,button,apps/frontend/src/app/(dashboard)/jellyfin/browse/page.tsx,143,<button,Review live behavior and state/API effect,PARTIAL_CODE_ONLY,apps/frontend/src/app/(dashboard)/jellyfin/browse/page.tsx:143,Source-inventoried and route rendered; control not individually mutated during safe audit
INT-00156,/jellyfin/browse,click-handler,apps/frontend/src/app/(dashboard)/jellyfin/browse/page.tsx,144,onClick={() => setShowGrid(!showGrid)},Review live behavior and state/API effect,PARTIAL_CODE_ONLY,apps/frontend/src/app/(dashboard)/jellyfin/browse/page.tsx:144,Source-inventoried and route rendered; control not individually mutated during safe audit
INT-00157,/jellyfin/browse,button,apps/frontend/src/app/(dashboard)/jellyfin/browse/page.tsx,152,<button,Review live behavior and state/API effect,PARTIAL_CODE_ONLY,apps/frontend/src/app/(dashboard)/jellyfin/browse/page.tsx:152,Source-inventoried and route rendered; control not individually mutated during safe audit
INT-00158,/jellyfin/browse,click-handler,apps/frontend/src/app/(dashboard)/jellyfin/browse/page.tsx,153,onClick={() => router.push('/jellyfin/favorites')},Review live behavior and state/API effect,PARTIAL_CODE_ONLY,apps/frontend/src/app/(dashboard)/jellyfin/browse/page.tsx:153,Source-inventoried and route rendered; control not individually mutated during safe audit
INT-00159,/jellyfin/browse,button,apps/frontend/src/app/(dashboard)/jellyfin/browse/page.tsx,159,<button,Review live behavior and state/API effect,PARTIAL_CODE_ONLY,apps/frontend/src/app/(dashboard)/jellyfin/browse/page.tsx:159,Source-inventoried and route rendered; control not individually mutated during safe audit
INT-00160,/jellyfin/browse,click-handler,apps/frontend/src/app/(dashboard)/jellyfin/browse/page.tsx,160,onClick={() => router.push('/jellyfin/series')},Review live behavior and state/API effect,PARTIAL_CODE_ONLY,apps/frontend/src/app/(dashboard)/jellyfin/browse/page.tsx:160,Source-inventoried and route rendered; control not individually mutated during safe audit
INT-00161,/jellyfin/browse,button,apps/frontend/src/app/(dashboard)/jellyfin/browse/page.tsx,166,<button,Review live behavior and state/API effect,PARTIAL_CODE_ONLY,apps/frontend/src/app/(dashboard)/jellyfin/browse/page.tsx:166,Source-inventoried and route rendered; control not individually mutated during safe audit
INT-00162,/jellyfin/browse,click-handler,apps/frontend/src/app/(dashboard)/jellyfin/browse/page.tsx,167,onClick={() => router.push('/jellyfin/music/playlists')},Review live behavior and state/API effect,PARTIAL_CODE_ONLY,apps/frontend/src/app/(dashboard)/jellyfin/browse/page.tsx:167,Source-inventoried and route rendered; control not individually mutated during safe audit
INT-00163,/jellyfin/browse,button,apps/frontend/src/app/(dashboard)/jellyfin/browse/page.tsx,173,<button,Review live behavior and state/API effect,PARTIAL_CODE_ONLY,apps/frontend/src/app/(dashboard)/jellyfin/browse/page.tsx:173,Source-inventoried and route rendered; control not individually mutated during safe audit
INT-00164,/jellyfin/browse,click-handler,apps/frontend/src/app/(dashboard)/jellyfin/browse/page.tsx,174,onClick={() => router.push('/jellyfin/watchlist')},Review live behavior and state/API effect,PARTIAL_CODE_ONLY,apps/frontend/src/app/(dashboard)/jellyfin/browse/page.tsx:174,Source-inventoried and route rendered; control not individually mutated during safe audit
INT-00165,/jellyfin/browse,input,apps/frontend/src/app/(dashboard)/jellyfin/browse/page.tsx,237,<input,Review live behavior and state/API effect,PARTIAL_CODE_ONLY,apps/frontend/src/app/(dashboard)/jellyfin/browse/page.tsx:237,Source-inventoried and route rendered; control not individually mutated during safe audit
INT-00166,/jellyfin/browse,change-handler,apps/frontend/src/app/(dashboard)/jellyfin/browse/page.tsx,239,onChange={(e) => setSearchQuery(e.target.value)},Review live behavior and state/API effect,PARTIAL_CODE_ONLY,apps/frontend/src/app/(dashboard)/jellyfin/browse/page.tsx:239,Source-inventoried and route rendered; control not individually mutated during safe audit
INT-00167,/jellyfin/browse,button,apps/frontend/src/app/(dashboard)/jellyfin/browse/page.tsx,244,"<button onClick={() => setSearchQuery('')} className=""absolute right-3 top-1/2 -translate-y-1/2"">",Review live behavior and state/API effect,PARTIAL_CODE_ONLY,apps/frontend/src/app/(dashboard)/jellyfin/browse/page.tsx:244,Source-inventoried and route rendered; control not individually mutated during safe audit
INT-00168,/jellyfin/browse,click-handler,apps/frontend/src/app/(dashboard)/jellyfin/browse/page.tsx,244,"<button onClick={() => setSearchQuery('')} className=""absolute right-3 top-1/2 -translate-y-1/2"">",Review live behavior and state/API effect,PARTIAL_CODE_ONLY,apps/frontend/src/app/(dashboard)/jellyfin/browse/page.tsx:244,Source-inventoried and route rendered; control not individually mutated during safe audit
INT-00169,/jellyfin/browse,button,apps/frontend/src/app/(dashboard)/jellyfin/browse/page.tsx,255,<button key={tab} onClick={() => setActiveTab(tab)},Review live behavior and state/API effect,PARTIAL_CODE_ONLY,apps/frontend/src/app/(dashboard)/jellyfin/browse/page.tsx:255,Source-inventoried and route rendered; control not individually mutated during safe audit
INT-00170,/jellyfin/browse,click-handler,apps/frontend/src/app/(dashboard)/jellyfin/browse/page.tsx,255,<button key={tab} onClick={() => setActiveTab(tab)},Review live behavior and state/API effect,PARTIAL_CODE_ONLY,apps/frontend/src/app/(dashboard)/jellyfin/browse/page.tsx:255,Source-inventoried and route rendered; control not individually mutated during safe audit
INT-00171,/jellyfin/browse,select,apps/frontend/src/app/(dashboard)/jellyfin/browse/page.tsx,266,<select,Review live behavior and state/API effect,PARTIAL_CODE_ONLY,apps/frontend/src/app/(dashboard)/jellyfin/browse/page.tsx:266,Source-inventoried and route rendered; control not individually mutated during safe audit
INT-00172,/jellyfin/browse,change-handler,apps/frontend/src/app/(dashboard)/jellyfin/browse/page.tsx,268,onChange={(e) => setSortBy(e.target.value as 'name' | 'year' | 'rating')},Review live behavior and state/API effect,PARTIAL_CODE_ONLY,apps/frontend/src/app/(dashboard)/jellyfin/browse/page.tsx:268,Source-inventoried and route rendered; control not individually mutated during safe audit
INT-00173,/jellyfin/browse,button,apps/frontend/src/app/(dashboard)/jellyfin/browse/page.tsx,282,<button onClick={() => setSelectedGenre('')},Review live behavior and state/API effect,PARTIAL_CODE_ONLY,apps/frontend/src/app/(dashboard)/jellyfin/browse/page.tsx:282,Source-inventoried and route rendered; control not individually mutated during safe audit
INT-00174,/jellyfin/browse,click-handler,apps/frontend/src/app/(dashboard)/jellyfin/browse/page.tsx,282,<button onClick={() => setSelectedGenre('')},Review live behavior and state/API effect,PARTIAL_CODE_ONLY,apps/frontend/src/app/(dashboard)/jellyfin/browse/page.tsx:282,Source-inventoried and route rendered; control not individually mutated during safe audit
INT-00175,/jellyfin/browse,button,apps/frontend/src/app/(dashboard)/jellyfin/browse/page.tsx,288,<button key={genre} onClick={() => setSelectedGenre(selectedGenre === genre ? '' : genre)},Review live behavior and state/API effect,PARTIAL_CODE_ONLY,apps/frontend/src/app/(dashboard)/jellyfin/browse/page.tsx:288,Source-inventoried and route rendered; control not individually mutated during safe audit
INT-00176,/jellyfin/browse,click-handler,apps/frontend/src/app/(dashboard)/jellyfin/browse/page.tsx,288,<button key={genre} onClick={() => setSelectedGenre(selectedGenre === genre ? '' : genre)},Review live behavior and state/API effect,PARTIAL_CODE_ONLY,apps/frontend/src/app/(dashboard)/jellyfin/browse/page.tsx:288,Source-inventoried and route rendered; control not individually mutated during safe audit
INT-00177,/jellyfin/collections/[id],button,apps/frontend/src/app/(dashboard)/jellyfin/collections/[id]/page.tsx,57,<button,Review live behavior and state/API effect,PARTIAL_CODE_ONLY,apps/frontend/src/app/(dashboard)/jellyfin/collections/[id]/page.tsx:57,Source-inventoried and route rendered; control not individually mutated during safe audit
INT-00178,/jellyfin/collections/[id],click-handler,apps/frontend/src/app/(dashboard)/jellyfin/collections/[id]/page.tsx,58,onClick={() => router.push('/jellyfin/collections')},Review live behavior and state/API effect,PARTIAL_CODE_ONLY,apps/frontend/src/app/(dashboard)/jellyfin/collections/[id]/page.tsx:58,Source-inventoried and route rendered; control not individually mutated during safe audit
INT-00179,/jellyfin/collections,button,apps/frontend/src/app/(dashboard)/jellyfin/collections/page.tsx,65,<button,Review live behavior and state/API effect,PARTIAL_CODE_ONLY,apps/frontend/src/app/(dashboard)/jellyfin/collections/page.tsx:65,Source-inventoried and route rendered; control not individually mutated during safe audit
INT-00180,/jellyfin/collections,click-handler,apps/frontend/src/app/(dashboard)/jellyfin/collections/page.tsx,66,onClick={() => router.push('/jellyfin')},Review live behavior and state/API effect,PARTIAL_CODE_ONLY,apps/frontend/src/app/(dashboard)/jellyfin/collections/page.tsx:66,Source-inventoried and route rendered; control not individually mutated during safe audit
INT-00181,/jellyfin/favorites,button,apps/frontend/src/app/(dashboard)/jellyfin/favorites/page.tsx,44,<button,Review live behavior and state/API effect,PARTIAL_CODE_ONLY,apps/frontend/src/app/(dashboard)/jellyfin/favorites/page.tsx:44,Source-inventoried and route rendered; control not individually mutated during safe audit
INT-00182,/jellyfin/favorites,click-handler,apps/frontend/src/app/(dashboard)/jellyfin/favorites/page.tsx,45,onClick={() => router.back()},Review live behavior and state/API effect,PARTIAL_CODE_ONLY,apps/frontend/src/app/(dashboard)/jellyfin/favorites/page.tsx:45,Source-inventoried and route rendered; control not individually mutated during safe audit
INT-00183,/jellyfin/movies/[id],button,apps/frontend/src/app/(dashboard)/jellyfin/movies/[id]/page.tsx,118,<button,Review live behavior and state/API effect,PARTIAL_CODE_ONLY,apps/frontend/src/app/(dashboard)/jellyfin/movies/[id]/page.tsx:118,Source-inventoried and route rendered; control not individually mutated during safe audit
INT-00184,/jellyfin/movies/[id],click-handler,apps/frontend/src/app/(dashboard)/jellyfin/movies/[id]/page.tsx,119,onClick={() => router.push('/jellyfin/movies')},Review live behavior and state/API effect,PARTIAL_CODE_ONLY,apps/frontend/src/app/(dashboard)/jellyfin/movies/[id]/page.tsx:119,Source-inventoried and route rendered; control not individually mutated during safe audit
INT-00185,/jellyfin/movies/[id],button,apps/frontend/src/app/(dashboard)/jellyfin/movies/[id]/page.tsx,150,<button,Review live behavior and state/API effect,PARTIAL_CODE_ONLY,apps/frontend/src/app/(dashboard)/jellyfin/movies/[id]/page.tsx:150,Source-inventoried and route rendered; control not individually mutated during safe audit
INT-00186,/jellyfin/movies/[id],click-handler,apps/frontend/src/app/(dashboard)/jellyfin/movies/[id]/page.tsx,151,onClick={() => watchMut.mutate()},Review live behavior and state/API effect,PARTIAL_CODE_ONLY,apps/frontend/src/app/(dashboard)/jellyfin/movies/[id]/page.tsx:151,Source-inventoried and route rendered; control not individually mutated during safe audit
INT-00187,/jellyfin/movies/[id],button,apps/frontend/src/app/(dashboard)/jellyfin/movies/[id]/page.tsx,175,<button,Review live behavior and state/API effect,PARTIAL_CODE_ONLY,apps/frontend/src/app/(dashboard)/jellyfin/movies/[id]/page.tsx:175,Source-inventoried and route rendered; control not individually mutated during safe audit
INT-00188,/jellyfin/movies/[id],click-handler,apps/frontend/src/app/(dashboard)/jellyfin/movies/[id]/page.tsx,176,onClick={() => setShowMoreInfo(!showMoreInfo)},Review live behavior and state/API effect,PARTIAL_CODE_ONLY,apps/frontend/src/app/(dashboard)/jellyfin/movies/[id]/page.tsx:176,Source-inventoried and route rendered; control not individually mutated during safe audit
INT-00189,/jellyfin/movies,button,apps/frontend/src/app/(dashboard)/jellyfin/movies/page.tsx,102,<button,Review live behavior and state/API effect,PARTIAL_CODE_ONLY,apps/frontend/src/app/(dashboard)/jellyfin/movies/page.tsx:102,Source-inventoried and route rendered; control not individually mutated during safe audit
INT-00190,/jellyfin/movies,click-handler,apps/frontend/src/app/(dashboard)/jellyfin/movies/page.tsx,103,onClick={() => router.push('/jellyfin')},Review live behavior and state/API effect,PARTIAL_CODE_ONLY,apps/frontend/src/app/(dashboard)/jellyfin/movies/page.tsx:103,Source-inventoried and route rendered; control not individually mutated during safe audit
INT-00191,/jellyfin/movies,input,apps/frontend/src/app/(dashboard)/jellyfin/movies/page.tsx,123,<input,Review live behavior and state/API effect,PARTIAL_CODE_ONLY,apps/frontend/src/app/(dashboard)/jellyfin/movies/page.tsx:123,Source-inventoried and route rendered; control not individually mutated during safe audit
INT-00192,/jellyfin/movies,change-handler,apps/frontend/src/app/(dashboard)/jellyfin/movies/page.tsx,126,onChange={(e) => setSearchQuery(e.target.value)},Review live behavior and state/API effect,PARTIAL_CODE_ONLY,apps/frontend/src/app/(dashboard)/jellyfin/movies/page.tsx:126,Source-inventoried and route rendered; control not individually mutated during safe audit
INT-00193,/jellyfin/movies,button,apps/frontend/src/app/(dashboard)/jellyfin/movies/page.tsx,131,"<button onClick={() => setSearchQuery('')} className=""absolute right-3 top-1/2 -translate-y-1/2"">",Review live behavior and state/API effect,PARTIAL_CODE_ONLY,apps/frontend/src/app/(dashboard)/jellyfin/movies/page.tsx:131,Source-inventoried and route rendered; control not individually mutated during safe audit
INT-00194,/jellyfin/movies,click-handler,apps/frontend/src/app/(dashboard)/jellyfin/movies/page.tsx,131,"<button onClick={() => setSearchQuery('')} className=""absolute right-3 top-1/2 -translate-y-1/2"">",Review live behavior and state/API effect,PARTIAL_CODE_ONLY,apps/frontend/src/app/(dashboard)/jellyfin/movies/page.tsx:131,Source-inventoried and route rendered; control not individually mutated during safe audit
INT-00195,/jellyfin/movies,button,apps/frontend/src/app/(dashboard)/jellyfin/movies/page.tsx,143,<button,Review live behavior and state/API effect,PARTIAL_CODE_ONLY,apps/frontend/src/app/(dashboard)/jellyfin/movies/page.tsx:143,Source-inventoried and route rendered; control not individually mutated during safe audit
INT-00196,/jellyfin/movies,click-handler,apps/frontend/src/app/(dashboard)/jellyfin/movies/page.tsx,144,onClick={() => setSelectedGenre('')},Review live behavior and state/API effect,PARTIAL_CODE_ONLY,apps/frontend/src/app/(dashboard)/jellyfin/movies/page.tsx:144,Source-inventoried and route rendered; control not individually mutated during safe audit
INT-00197,/jellyfin/movies,button,apps/frontend/src/app/(dashboard)/jellyfin/movies/page.tsx,155,<button,Review live behavior and state/API effect,PARTIAL_CODE_ONLY,apps/frontend/src/app/(dashboard)/jellyfin/movies/page.tsx:155,Source-inventoried and route rendered; control not individually mutated during safe audit
INT-00198,/jellyfin/movies,click-handler,apps/frontend/src/app/(dashboard)/jellyfin/movies/page.tsx,157,onClick={() => setSelectedGenre(selectedGenre === genre ? '' : genre)},Review live behavior and state/API effect,PARTIAL_CODE_ONLY,apps/frontend/src/app/(dashboard)/jellyfin/movies/page.tsx:157,Source-inventoried and route rendered; control not individually mutated during safe audit
INT-00199,/jellyfin/music/album/[id],link,apps/frontend/src/app/(dashboard)/jellyfin/music/album/[id]/page.tsx,143,<Link,Review live behavior and state/API effect,PARTIAL_CODE_ONLY,apps/frontend/src/app/(dashboard)/jellyfin/music/album/[id]/page.tsx:143,Source-inventoried and route rendered; control not individually mutated during safe audit
INT-00200,/jellyfin/music/album/[id],link,apps/frontend/src/app/(dashboard)/jellyfin/music/album/[id]/page.tsx,168,<Link,Review live behavior and state/API effect,PARTIAL_CODE_ONLY,apps/frontend/src/app/(dashboard)/jellyfin/music/album/[id]/page.tsx:168,Source-inventoried and route rendered; control not individually mutated during safe audit
INT-00201,/jellyfin/music/album/[id],button,apps/frontend/src/app/(dashboard)/jellyfin/music/album/[id]/page.tsx,226,<button,Review live behavior and state/API effect,PARTIAL_CODE_ONLY,apps/frontend/src/app/(dashboard)/jellyfin/music/album/[id]/page.tsx:226,Source-inventoried and route rendered; control not individually mutated during safe audit
INT-00202,/jellyfin/music/album/[id],click-handler,apps/frontend/src/app/(dashboard)/jellyfin/music/album/[id]/page.tsx,227,onClick={handlePlayAll},Review live behavior and state/API effect,PARTIAL_CODE_ONLY,apps/frontend/src/app/(dashboard)/jellyfin/music/album/[id]/page.tsx:227,Source-inventoried and route rendered; control not individually mutated during safe audit
INT-00203,/jellyfin/music/album/[id],button,apps/frontend/src/app/(dashboard)/jellyfin/music/album/[id]/page.tsx,233,<button,Review live behavior and state/API effect,PARTIAL_CODE_ONLY,apps/frontend/src/app/(dashboard)/jellyfin/music/album/[id]/page.tsx:233,Source-inventoried and route rendered; control not individually mutated during safe audit
INT-00204,/jellyfin/music/album/[id],click-handler,apps/frontend/src/app/(dashboard)/jellyfin/music/album/[id]/page.tsx,234,onClick={handleShuffle},Review live behavior and state/API effect,PARTIAL_CODE_ONLY,apps/frontend/src/app/(dashboard)/jellyfin/music/album/[id]/page.tsx:234,Source-inventoried and route rendered; control not individually mutated during safe audit
INT-00205,/jellyfin/music/album/[id],button,apps/frontend/src/app/(dashboard)/jellyfin/music/album/[id]/page.tsx,240,<button,Review live behavior and state/API effect,PARTIAL_CODE_ONLY,apps/frontend/src/app/(dashboard)/jellyfin/music/album/[id]/page.tsx:240,Source-inventoried and route rendered; control not individually mutated during safe audit
INT-00206,/jellyfin/music/album/[id],click-handler,apps/frontend/src/app/(dashboard)/jellyfin/music/album/[id]/page.tsx,241,onClick={handleAddToPlaylist},Review live behavior and state/API effect,PARTIAL_CODE_ONLY,apps/frontend/src/app/(dashboard)/jellyfin/music/album/[id]/page.tsx:241,Source-inventoried and route rendered; control not individually mutated during safe audit
INT-00207,/jellyfin/music/album/[id],button,apps/frontend/src/app/(dashboard)/jellyfin/music/album/[id]/page.tsx,248,<button,Review live behavior and state/API effect,PARTIAL_CODE_ONLY,apps/frontend/src/app/(dashboard)/jellyfin/music/album/[id]/page.tsx:248,Source-inventoried and route rendered; control not individually mutated during safe audit
INT-00208,/jellyfin/music/album/[id],click-handler,apps/frontend/src/app/(dashboard)/jellyfin/music/album/[id]/page.tsx,249,onClick={handleToggleAlbumFavorite},Review live behavior and state/API effect,PARTIAL_CODE_ONLY,apps/frontend/src/app/(dashboard)/jellyfin/music/album/[id]/page.tsx:249,Source-inventoried and route rendered; control not individually mutated during safe audit
INT-00209,/jellyfin/music/artist/[id],link,apps/frontend/src/app/(dashboard)/jellyfin/music/artist/[id]/page.tsx,107,<Link,Review live behavior and state/API effect,PARTIAL_CODE_ONLY,apps/frontend/src/app/(dashboard)/jellyfin/music/artist/[id]/page.tsx:107,Source-inventoried and route rendered; control not individually mutated during safe audit
INT-00210,/jellyfin/music/artist/[id],button,apps/frontend/src/app/(dashboard)/jellyfin/music/artist/[id]/page.tsx,141,<button,Review live behavior and state/API effect,PARTIAL_CODE_ONLY,apps/frontend/src/app/(dashboard)/jellyfin/music/artist/[id]/page.tsx:141,Source-inventoried and route rendered; control not individually mutated during safe audit
INT-00211,/jellyfin/music/artist/[id],click-handler,apps/frontend/src/app/(dashboard)/jellyfin/music/artist/[id]/page.tsx,142,onClick={handleToggleArtistFavorite},Review live behavior and state/API effect,PARTIAL_CODE_ONLY,apps/frontend/src/app/(dashboard)/jellyfin/music/artist/[id]/page.tsx:142,Source-inventoried and route rendered; control not individually mutated during safe audit
INT-00212,/jellyfin/music/artist/[id],button,apps/frontend/src/app/(dashboard)/jellyfin/music/artist/[id]/page.tsx,163,<button,Review live behavior and state/API effect,PARTIAL_CODE_ONLY,apps/frontend/src/app/(dashboard)/jellyfin/music/artist/[id]/page.tsx:163,Source-inventoried and route rendered; control not individually mutated during safe audit
INT-00213,/jellyfin/music/artist/[id],click-handler,apps/frontend/src/app/(dashboard)/jellyfin/music/artist/[id]/page.tsx,164,onClick={handlePlayTop},Review live behavior and state/API effect,PARTIAL_CODE_ONLY,apps/frontend/src/app/(dashboard)/jellyfin/music/artist/[id]/page.tsx:164,Source-inventoried and route rendered; control not individually mutated during safe audit
INT-00214,/jellyfin/music/artist/[id],click-handler,apps/frontend/src/app/(dashboard)/jellyfin/music/artist/[id]/page.tsx,218,onClick={() => router.push(`/jellyfin/music/album/${album.Id}`)},Review live behavior and state/API effect,PARTIAL_CODE_ONLY,apps/frontend/src/app/(dashboard)/jellyfin/music/artist/[id]/page.tsx:218,Source-inventoried and route rendered; control not individually mutated during safe audit
INT-00215,/jellyfin/music/favorites,button,apps/frontend/src/app/(dashboard)/jellyfin/music/favorites/page.tsx,85,<button,Review live behavior and state/API effect,PARTIAL_CODE_ONLY,apps/frontend/src/app/(dashboard)/jellyfin/music/favorites/page.tsx:85,Source-inventoried and route rendered; control not individually mutated during safe audit
INT-00216,/jellyfin/music/favorites,click-handler,apps/frontend/src/app/(dashboard)/jellyfin/music/favorites/page.tsx,87,onClick={() => setActiveTab(t.key)},Review live behavior and state/API effect,PARTIAL_CODE_ONLY,apps/frontend/src/app/(dashboard)/jellyfin/music/favorites/page.tsx:87,Source-inventoried and route rendered; control not individually mutated during safe audit
INT-00217,/jellyfin/music/favorites,click-handler,apps/frontend/src/app/(dashboard)/jellyfin/music/favorites/page.tsx,143,onClick={() => router.push(href)},Review live behavior and state/API effect,PARTIAL_CODE_ONLY,apps/frontend/src/app/(dashboard)/jellyfin/music/favorites/page.tsx:143,Source-inventoried and route rendered; control not individually mutated during safe audit
INT-00218,/jellyfin/music/genre/[id],link,apps/frontend/src/app/(dashboard)/jellyfin/music/genre/[id]/page.tsx,116,<Link,Review live behavior and state/API effect,PARTIAL_CODE_ONLY,apps/frontend/src/app/(dashboard)/jellyfin/music/genre/[id]/page.tsx:116,Source-inventoried and route rendered; control not individually mutated during safe audit
INT-00219,/jellyfin/music/genre/[id],button,apps/frontend/src/app/(dashboard)/jellyfin/music/genre/[id]/page.tsx,160,<button,Review live behavior and state/API effect,PARTIAL_CODE_ONLY,apps/frontend/src/app/(dashboard)/jellyfin/music/genre/[id]/page.tsx:160,Source-inventoried and route rendered; control not individually mutated during safe audit
INT-00220,/jellyfin/music/genre/[id],click-handler,apps/frontend/src/app/(dashboard)/jellyfin/music/genre/[id]/page.tsx,161,onClick={handlePlayAll},Review live behavior and state/API effect,PARTIAL_CODE_ONLY,apps/frontend/src/app/(dashboard)/jellyfin/music/genre/[id]/page.tsx:161,Source-inventoried and route rendered; control not individually mutated during safe audit
INT-00221,/jellyfin/music/genre/[id],button,apps/frontend/src/app/(dashboard)/jellyfin/music/genre/[id]/page.tsx,167,<button,Review live behavior and state/API effect,PARTIAL_CODE_ONLY,apps/frontend/src/app/(dashboard)/jellyfin/music/genre/[id]/page.tsx:167,Source-inventoried and route rendered; control not individually mutated during safe audit
INT-00222,/jellyfin/music/genre/[id],click-handler,apps/frontend/src/app/(dashboard)/jellyfin/music/genre/[id]/page.tsx,168,onClick={handleShuffle},Review live behavior and state/API effect,PARTIAL_CODE_ONLY,apps/frontend/src/app/(dashboard)/jellyfin/music/genre/[id]/page.tsx:168,Source-inventoried and route rendered; control not individually mutated during safe audit
INT-00223,/jellyfin/music/genres,click-handler,apps/frontend/src/app/(dashboard)/jellyfin/music/genres/page.tsx,54,onClick={() => router.push(`/jellyfin/music/genre/${item.Id}`)},Review live behavior and state/API effect,PARTIAL_CODE_ONLY,apps/frontend/src/app/(dashboard)/jellyfin/music/genres/page.tsx:54,Source-inventoried and route rendered; control not individually mutated during safe audit
INT-00224,/jellyfin/music/library,button,apps/frontend/src/app/(dashboard)/jellyfin/music/library/page.tsx,232,<button,Review live behavior and state/API effect,PARTIAL_CODE_ONLY,apps/frontend/src/app/(dashboard)/jellyfin/music/library/page.tsx:232,Source-inventoried and route rendered; control not individually mutated during safe audit
INT-00225,/jellyfin/music/library,click-handler,apps/frontend/src/app/(dashboard)/jellyfin/music/library/page.tsx,234,onClick={() => setActiveTab(tab.key)},Review live behavior and state/API effect,PARTIAL_CODE_ONLY,apps/frontend/src/app/(dashboard)/jellyfin/music/library/page.tsx:234,Source-inventoried and route rendered; control not individually mutated during safe audit
INT-00226,/jellyfin/music/library,button,apps/frontend/src/app/(dashboard)/jellyfin/music/library/page.tsx,266,<button,Review live behavior and state/API effect,PARTIAL_CODE_ONLY,apps/frontend/src/app/(dashboard)/jellyfin/music/library/page.tsx:266,Source-inventoried and route rendered; control not individually mutated during safe audit
INT-00227,/jellyfin/music/library,click-handler,apps/frontend/src/app/(dashboard)/jellyfin/music/library/page.tsx,267,onClick={handlePlaySelected},Review live behavior and state/API effect,PARTIAL_CODE_ONLY,apps/frontend/src/app/(dashboard)/jellyfin/music/library/page.tsx:267,Source-inventoried and route rendered; control not individually mutated during safe audit
INT-00228,/jellyfin/music/library,button,apps/frontend/src/app/(dashboard)/jellyfin/music/library/page.tsx,273,<button,Review live behavior and state/API effect,PARTIAL_CODE_ONLY,apps/frontend/src/app/(dashboard)/jellyfin/music/library/page.tsx:273,Source-inventoried and route rendered; control not individually mutated during safe audit
INT-00229,/jellyfin/music/library,click-handler,apps/frontend/src/app/(dashboard)/jellyfin/music/library/page.tsx,274,onClick={handleQueueSelected},Review live behavior and state/API effect,PARTIAL_CODE_ONLY,apps/frontend/src/app/(dashboard)/jellyfin/music/library/page.tsx:274,Source-inventoried and route rendered; control not individually mutated during safe audit
INT-00230,/jellyfin/music/library,button,apps/frontend/src/app/(dashboard)/jellyfin/music/library/page.tsx,280,<button,Review live behavior and state/API effect,PARTIAL_CODE_ONLY,apps/frontend/src/app/(dashboard)/jellyfin/music/library/page.tsx:280,Source-inventoried and route rendered; control not individually mutated during safe audit
INT-00231,/jellyfin/music/library,click-handler,apps/frontend/src/app/(dashboard)/jellyfin/music/library/page.tsx,281,onClick={selection.clear},Review live behavior and state/API effect,PARTIAL_CODE_ONLY,apps/frontend/src/app/(dashboard)/jellyfin/music/library/page.tsx:281,Source-inventoried and route rendered; control not individually mutated during safe audit
INT-00232,/jellyfin/music,button,apps/frontend/src/app/(dashboard)/jellyfin/music/page.tsx,41,<button,Review live behavior and state/API effect,PARTIAL_CODE_ONLY,apps/frontend/src/app/(dashboard)/jellyfin/music/page.tsx:41,Source-inventoried and route rendered; control not individually mutated during safe audit
INT-00233,/jellyfin/music,click-handler,apps/frontend/src/app/(dashboard)/jellyfin/music/page.tsx,42,onClick={onClick},Review live behavior and state/API effect,PARTIAL_CODE_ONLY,apps/frontend/src/app/(dashboard)/jellyfin/music/page.tsx:42,Source-inventoried and route rendered; control not individually mutated during safe audit
INT-00234,/jellyfin/music,click-handler,apps/frontend/src/app/(dashboard)/jellyfin/music/page.tsx,147,"onClick={() => recentTracks && handlePlayRecent(recentTracks, recentTracks.indexOf(item))}",Review live behavior and state/API effect,PARTIAL_CODE_ONLY,apps/frontend/src/app/(dashboard)/jellyfin/music/page.tsx:147,Source-inventoried and route rendered; control not individually mutated during safe audit
INT-00235,/jellyfin/music,click-handler,apps/frontend/src/app/(dashboard)/jellyfin/music/page.tsx,165,"onClick={() => recentTracks && handlePlayRecent(recentTracks, recentTracks.indexOf(item))}",Review live behavior and state/API effect,PARTIAL_CODE_ONLY,apps/frontend/src/app/(dashboard)/jellyfin/music/page.tsx:165,Source-inventoried and route rendered; control not individually mutated during safe audit
INT-00236,/jellyfin/music,click-handler,apps/frontend/src/app/(dashboard)/jellyfin/music/page.tsx,183,onClick={() => router.push(`/jellyfin/music/album/${item.Id}`)},Review live behavior and state/API effect,PARTIAL_CODE_ONLY,apps/frontend/src/app/(dashboard)/jellyfin/music/page.tsx:183,Source-inventoried and route rendered; control not individually mutated during safe audit
INT-00237,/jellyfin/music,click-handler,apps/frontend/src/app/(dashboard)/jellyfin/music/page.tsx,200,onClick={() => router.push(`/jellyfin/music/album/${item.Id}`)},Review live behavior and state/API effect,PARTIAL_CODE_ONLY,apps/frontend/src/app/(dashboard)/jellyfin/music/page.tsx:200,Source-inventoried and route rendered; control not individually mutated during safe audit
INT-00238,/jellyfin/music,click-handler,apps/frontend/src/app/(dashboard)/jellyfin/music/page.tsx,217,onClick={() => router.push(`/jellyfin/music/album/${item.Id}`)},Review live behavior and state/API effect,PARTIAL_CODE_ONLY,apps/frontend/src/app/(dashboard)/jellyfin/music/page.tsx:217,Source-inventoried and route rendered; control not individually mutated during safe audit
INT-00239,/jellyfin/music,click-handler,apps/frontend/src/app/(dashboard)/jellyfin/music/page.tsx,234,onClick={() => router.push(`/jellyfin/music/artist/${item.Id}`)},Review live behavior and state/API effect,PARTIAL_CODE_ONLY,apps/frontend/src/app/(dashboard)/jellyfin/music/page.tsx:234,Source-inventoried and route rendered; control not individually mutated during safe audit
INT-00240,/jellyfin/music/playlist/[id],link,apps/frontend/src/app/(dashboard)/jellyfin/music/playlist/[id]/page.tsx,80,<Link,Review live behavior and state/API effect,PARTIAL_CODE_ONLY,apps/frontend/src/app/(dashboard)/jellyfin/music/playlist/[id]/page.tsx:80,Source-inventoried and route rendered; control not individually mutated during safe audit
INT-00241,/jellyfin/music/playlists,click-handler,apps/frontend/src/app/(dashboard)/jellyfin/music/playlists/page.tsx,66,onClick={() => router.push(`/jellyfin/music/playlist/${playlist.Id}`)},Review live behavior and state/API effect,PARTIAL_CODE_ONLY,apps/frontend/src/app/(dashboard)/jellyfin/music/playlists/page.tsx:66,Source-inventoried and route rendered; control not individually mutated during safe audit
INT-00242,/jellyfin/music/search,input,apps/frontend/src/app/(dashboard)/jellyfin/music/search/page.tsx,196,<input,Review live behavior and state/API effect,PARTIAL_CODE_ONLY,apps/frontend/src/app/(dashboard)/jellyfin/music/search/page.tsx:196,Source-inventoried and route rendered; control not individually mutated during safe audit
INT-00243,/jellyfin/music/search,change-handler,apps/frontend/src/app/(dashboard)/jellyfin/music/search/page.tsx,199,onChange={(e) => {,Review live behavior and state/API effect,PARTIAL_CODE_ONLY,apps/frontend/src/app/(dashboard)/jellyfin/music/search/page.tsx:199,Source-inventoried and route rendered; control not individually mutated during safe audit
INT-00244,/jellyfin/music/search,keyboard-handler,apps/frontend/src/app/(dashboard)/jellyfin/music/search/page.tsx,208,onKeyDown={handleKeyDown},Review live behavior and state/API effect,PARTIAL_CODE_ONLY,apps/frontend/src/app/(dashboard)/jellyfin/music/search/page.tsx:208,Source-inventoried and route rendered; control not individually mutated during safe audit
INT-00245,/jellyfin/music/search,button,apps/frontend/src/app/(dashboard)/jellyfin/music/search/page.tsx,218,<button,Review live behavior and state/API effect,PARTIAL_CODE_ONLY,apps/frontend/src/app/(dashboard)/jellyfin/music/search/page.tsx:218,Source-inventoried and route rendered; control not individually mutated during safe audit
INT-00246,/jellyfin/music/search,click-handler,apps/frontend/src/app/(dashboard)/jellyfin/music/search/page.tsx,219,onClick={() => { setQuery(''); setDebouncedQuery(''); }},Review live behavior and state/API effect,PARTIAL_CODE_ONLY,apps/frontend/src/app/(dashboard)/jellyfin/music/search/page.tsx:219,Source-inventoried and route rendered; control not individually mutated during safe audit
INT-00247,/jellyfin/music/search,button,apps/frontend/src/app/(dashboard)/jellyfin/music/search/page.tsx,234,<button,Review live behavior and state/API effect,PARTIAL_CODE_ONLY,apps/frontend/src/app/(dashboard)/jellyfin/music/search/page.tsx:234,Source-inventoried and route rendered; control not individually mutated during safe audit
INT-00248,/jellyfin/music/search,button,apps/frontend/src/app/(dashboard)/jellyfin/music/search/page.tsx,267,<button,Review live behavior and state/API effect,PARTIAL_CODE_ONLY,apps/frontend/src/app/(dashboard)/jellyfin/music/search/page.tsx:267,Source-inventoried and route rendered; control not individually mutated during safe audit
INT-00249,/jellyfin/music/search,click-handler,apps/frontend/src/app/(dashboard)/jellyfin/music/search/page.tsx,269,onClick={() => setFilter(f)},Review live behavior and state/API effect,PARTIAL_CODE_ONLY,apps/frontend/src/app/(dashboard)/jellyfin/music/search/page.tsx:269,Source-inventoried and route rendered; control not individually mutated during safe audit
INT-00250,/jellyfin/music/search,button,apps/frontend/src/app/(dashboard)/jellyfin/music/search/page.tsx,301,<button,Review live behavior and state/API effect,PARTIAL_CODE_ONLY,apps/frontend/src/app/(dashboard)/jellyfin/music/search/page.tsx:301,Source-inventoried and route rendered; control not individually mutated during safe audit
INT-00251,/jellyfin/music/search,click-handler,apps/frontend/src/app/(dashboard)/jellyfin/music/search/page.tsx,302,onClick={() => {,Review live behavior and state/API effect,PARTIAL_CODE_ONLY,apps/frontend/src/app/(dashboard)/jellyfin/music/search/page.tsx:302,Source-inventoried and route rendered; control not individually mutated during safe audit
INT-00252,/jellyfin/music/search,button,apps/frontend/src/app/(dashboard)/jellyfin/music/search/page.tsx,322,<button,Review live behavior and state/API effect,PARTIAL_CODE_ONLY,apps/frontend/src/app/(dashboard)/jellyfin/music/search/page.tsx:322,Source-inventoried and route rendered; control not individually mutated during safe audit
INT-00253,/jellyfin/music/search,button,apps/frontend/src/app/(dashboard)/jellyfin/music/search/page.tsx,334,<button,Review live behavior and state/API effect,PARTIAL_CODE_ONLY,apps/frontend/src/app/(dashboard)/jellyfin/music/search/page.tsx:334,Source-inventoried and route rendered; control not individually mutated during safe audit
INT-00254,/jellyfin/music/search,button,apps/frontend/src/app/(dashboard)/jellyfin/music/search/page.tsx,373,<button,Review live behavior and state/API effect,PARTIAL_CODE_ONLY,apps/frontend/src/app/(dashboard)/jellyfin/music/search/page.tsx:373,Source-inventoried and route rendered; control not individually mutated during safe audit
INT-00255,/jellyfin/music/search,click-handler,apps/frontend/src/app/(dashboard)/jellyfin/music/search/page.tsx,417,onClick={,Review live behavior and state/API effect,PARTIAL_CODE_ONLY,apps/frontend/src/app/(dashboard)/jellyfin/music/search/page.tsx:417,Source-inventoried and route rendered; control not individually mutated during safe audit
INT-00256,/jellyfin/music/search,button,apps/frontend/src/app/(dashboard)/jellyfin/music/search/page.tsx,444,<button,Review live behavior and state/API effect,PARTIAL_CODE_ONLY,apps/frontend/src/app/(dashboard)/jellyfin/music/search/page.tsx:444,Source-inventoried and route rendered; control not individually mutated during safe audit
INT-00257,/jellyfin/music/search,click-handler,apps/frontend/src/app/(dashboard)/jellyfin/music/search/page.tsx,445,onClick={() => setShowAllArtists(!showAllArtists)},Review live behavior and state/API effect,PARTIAL_CODE_ONLY,apps/frontend/src/app/(dashboard)/jellyfin/music/search/page.tsx:445,Source-inventoried and route rendered; control not individually mutated during safe audit
INT-00258,/jellyfin/music/search,button,apps/frontend/src/app/(dashboard)/jellyfin/music/search/page.tsx,478,<button,Review live behavior and state/API effect,PARTIAL_CODE_ONLY,apps/frontend/src/app/(dashboard)/jellyfin/music/search/page.tsx:478,Source-inventoried and route rendered; control not individually mutated during safe audit
INT-00259,/jellyfin/music/search,click-handler,apps/frontend/src/app/(dashboard)/jellyfin/music/search/page.tsx,479,onClick={() => setShowAllAlbums(!showAllAlbums)},Review live behavior and state/API effect,PARTIAL_CODE_ONLY,apps/frontend/src/app/(dashboard)/jellyfin/music/search/page.tsx:479,Source-inventoried and route rendered; control not individually mutated during safe audit
INT-00260,/jellyfin/music/search,button,apps/frontend/src/app/(dashboard)/jellyfin/music/search/page.tsx,512,<button,Review live behavior and state/API effect,PARTIAL_CODE_ONLY,apps/frontend/src/app/(dashboard)/jellyfin/music/search/page.tsx:512,Source-inventoried and route rendered; control not individually mutated during safe audit
INT-00261,/jellyfin/music/search,click-handler,apps/frontend/src/app/(dashboard)/jellyfin/music/search/page.tsx,513,onClick={() => setShowAllSongs(!showAllSongs)},Review live behavior and state/API effect,PARTIAL_CODE_ONLY,apps/frontend/src/app/(dashboard)/jellyfin/music/search/page.tsx:513,Source-inventoried and route rendered; control not individually mutated during safe audit
INT-00262,/jellyfin/music/search,button,apps/frontend/src/app/(dashboard)/jellyfin/music/search/page.tsx,520,<button,Review live behavior and state/API effect,PARTIAL_CODE_ONLY,apps/frontend/src/app/(dashboard)/jellyfin/music/search/page.tsx:520,Source-inventoried and route rendered; control not individually mutated during safe audit
INT-00263,/jellyfin/music/search,click-handler,apps/frontend/src/app/(dashboard)/jellyfin/music/search/page.tsx,521,onClick={playAllSongs},Review live behavior and state/API effect,PARTIAL_CODE_ONLY,apps/frontend/src/app/(dashboard)/jellyfin/music/search/page.tsx:521,Source-inventoried and route rendered; control not individually mutated during safe audit
INT-00264,/jellyfin/music/tracks,button,apps/frontend/src/app/(dashboard)/jellyfin/music/tracks/page.tsx,176,<button,Review live behavior and state/API effect,PARTIAL_CODE_ONLY,apps/frontend/src/app/(dashboard)/jellyfin/music/tracks/page.tsx:176,Source-inventoried and route rendered; control not individually mutated during safe audit
INT-00265,/jellyfin/music/tracks,click-handler,apps/frontend/src/app/(dashboard)/jellyfin/music/tracks/page.tsx,177,onClick={handlePlaySelected},Review live behavior and state/API effect,PARTIAL_CODE_ONLY,apps/frontend/src/app/(dashboard)/jellyfin/music/tracks/page.tsx:177,Source-inventoried and route rendered; control not individually mutated during safe audit
INT-00266,/jellyfin/music/tracks,button,apps/frontend/src/app/(dashboard)/jellyfin/music/tracks/page.tsx,183,<button,Review live behavior and state/API effect,PARTIAL_CODE_ONLY,apps/frontend/src/app/(dashboard)/jellyfin/music/tracks/page.tsx:183,Source-inventoried and route rendered; control not individually mutated during safe audit
INT-00267,/jellyfin/music/tracks,click-handler,apps/frontend/src/app/(dashboard)/jellyfin/music/tracks/page.tsx,184,onClick={handleQueueSelected},Review live behavior and state/API effect,PARTIAL_CODE_ONLY,apps/frontend/src/app/(dashboard)/jellyfin/music/tracks/page.tsx:184,Source-inventoried and route rendered; control not individually mutated during safe audit
INT-00268,/jellyfin/music/tracks,button,apps/frontend/src/app/(dashboard)/jellyfin/music/tracks/page.tsx,190,<button,Review live behavior and state/API effect,PARTIAL_CODE_ONLY,apps/frontend/src/app/(dashboard)/jellyfin/music/tracks/page.tsx:190,Source-inventoried and route rendered; control not individually mutated during safe audit
INT-00269,/jellyfin/music/tracks,click-handler,apps/frontend/src/app/(dashboard)/jellyfin/music/tracks/page.tsx,191,onClick={selection.clear},Review live behavior and state/API effect,PARTIAL_CODE_ONLY,apps/frontend/src/app/(dashboard)/jellyfin/music/tracks/page.tsx:191,Source-inventoried and route rendered; control not individually mutated during safe audit
INT-00270,/jellyfin,button,apps/frontend/src/app/(dashboard)/jellyfin/page.tsx,323,<button,Review live behavior and state/API effect,PARTIAL_CODE_ONLY,apps/frontend/src/app/(dashboard)/jellyfin/page.tsx:323,Source-inventoried and route rendered; control not individually mutated during safe audit
INT-00271,/jellyfin,click-handler,apps/frontend/src/app/(dashboard)/jellyfin/page.tsx,325,onClick={() => router.push(card.href)},Review live behavior and state/API effect,PARTIAL_CODE_ONLY,apps/frontend/src/app/(dashboard)/jellyfin/page.tsx:325,Source-inventoried and route rendered; control not individually mutated during safe audit
INT-00272,/jellyfin,button,apps/frontend/src/app/(dashboard)/jellyfin/page.tsx,405,<button,Review live behavior and state/API effect,PARTIAL_CODE_ONLY,apps/frontend/src/app/(dashboard)/jellyfin/page.tsx:405,Source-inventoried and route rendered; control not individually mutated during safe audit
INT-00273,/jellyfin,click-handler,apps/frontend/src/app/(dashboard)/jellyfin/page.tsx,406,onClick={() => router.push(href)},Review live behavior and state/API effect,PARTIAL_CODE_ONLY,apps/frontend/src/app/(dashboard)/jellyfin/page.tsx:406,Source-inventoried and route rendered; control not individually mutated during safe audit
INT-00274,/jellyfin,button,apps/frontend/src/app/(dashboard)/jellyfin/page.tsx,461,<button onClick={onSync} disabled={isSyncing} className={cn(,Review live behavior and state/API effect,PARTIAL_CODE_ONLY,apps/frontend/src/app/(dashboard)/jellyfin/page.tsx:461,Source-inventoried and route rendered; control not individually mutated during safe audit
INT-00275,/jellyfin,click-handler,apps/frontend/src/app/(dashboard)/jellyfin/page.tsx,461,<button onClick={onSync} disabled={isSyncing} className={cn(,Review live behavior and state/API effect,PARTIAL_CODE_ONLY,apps/frontend/src/app/(dashboard)/jellyfin/page.tsx:461,Source-inventoried and route rendered; control not individually mutated during safe audit
INT-00276,/jellyfin/photos,button,apps/frontend/src/app/(dashboard)/jellyfin/photos/page.tsx,83,<button,Review live behavior and state/API effect,PARTIAL_CODE_ONLY,apps/frontend/src/app/(dashboard)/jellyfin/photos/page.tsx:83,Source-inventoried and route rendered; control not individually mutated during safe audit
INT-00277,/jellyfin/photos,click-handler,apps/frontend/src/app/(dashboard)/jellyfin/photos/page.tsx,84,onClick={() => router.push('/jellyfin')},Review live behavior and state/API effect,PARTIAL_CODE_ONLY,apps/frontend/src/app/(dashboard)/jellyfin/photos/page.tsx:84,Source-inventoried and route rendered; control not individually mutated during safe audit
INT-00278,/jellyfin/search,button,apps/frontend/src/app/(dashboard)/jellyfin/search/page.tsx,58,<button,Review live behavior and state/API effect,PARTIAL_CODE_ONLY,apps/frontend/src/app/(dashboard)/jellyfin/search/page.tsx:58,Source-inventoried and route rendered; control not individually mutated during safe audit
INT-00279,/jellyfin/search,click-handler,apps/frontend/src/app/(dashboard)/jellyfin/search/page.tsx,59,onClick={() => router.back()},Review live behavior and state/API effect,PARTIAL_CODE_ONLY,apps/frontend/src/app/(dashboard)/jellyfin/search/page.tsx:59,Source-inventoried and route rendered; control not individually mutated during safe audit
INT-00280,/jellyfin/search,input,apps/frontend/src/app/(dashboard)/jellyfin/search/page.tsx,71,<input,Review live behavior and state/API effect,PARTIAL_CODE_ONLY,apps/frontend/src/app/(dashboard)/jellyfin/search/page.tsx:71,Source-inventoried and route rendered; control not individually mutated during safe audit
INT-00281,/jellyfin/search,change-handler,apps/frontend/src/app/(dashboard)/jellyfin/search/page.tsx,74,onChange={(e) => setQuery(e.target.value)},Review live behavior and state/API effect,PARTIAL_CODE_ONLY,apps/frontend/src/app/(dashboard)/jellyfin/search/page.tsx:74,Source-inventoried and route rendered; control not individually mutated during safe audit
INT-00282,/jellyfin/search,button,apps/frontend/src/app/(dashboard)/jellyfin/search/page.tsx,80,"<button onClick={() => setQuery('')} className=""absolute right-4 top-1/2 -translate-y-1/2"">",Review live behavior and state/API effect,PARTIAL_CODE_ONLY,apps/frontend/src/app/(dashboard)/jellyfin/search/page.tsx:80,Source-inventoried and route rendered; control not individually mutated during safe audit
INT-00283,/jellyfin/search,click-handler,apps/frontend/src/app/(dashboard)/jellyfin/search/page.tsx,80,"<button onClick={() => setQuery('')} className=""absolute right-4 top-1/2 -translate-y-1/2"">",Review live behavior and state/API effect,PARTIAL_CODE_ONLY,apps/frontend/src/app/(dashboard)/jellyfin/search/page.tsx:80,Source-inventoried and route rendered; control not individually mutated during safe audit
INT-00284,/jellyfin/series/[id],button,apps/frontend/src/app/(dashboard)/jellyfin/series/[id]/page.tsx,237,<button onClick={() => router.push('/jellyfin/series')},Review live behavior and state/API effect,PARTIAL_CODE_ONLY,apps/frontend/src/app/(dashboard)/jellyfin/series/[id]/page.tsx:237,Source-inventoried and route rendered; control not individually mutated during safe audit
INT-00285,/jellyfin/series/[id],click-handler,apps/frontend/src/app/(dashboard)/jellyfin/series/[id]/page.tsx,237,<button onClick={() => router.push('/jellyfin/series')},Review live behavior and state/API effect,PARTIAL_CODE_ONLY,apps/frontend/src/app/(dashboard)/jellyfin/series/[id]/page.tsx:237,Source-inventoried and route rendered; control not individually mutated during safe audit
INT-00286,/jellyfin/series/[id],button,apps/frontend/src/app/(dashboard)/jellyfin/series/[id]/page.tsx,263,<button,Review live behavior and state/API effect,PARTIAL_CODE_ONLY,apps/frontend/src/app/(dashboard)/jellyfin/series/[id]/page.tsx:263,Source-inventoried and route rendered; control not individually mutated during safe audit
INT-00287,/jellyfin/series/[id],click-handler,apps/frontend/src/app/(dashboard)/jellyfin/series/[id]/page.tsx,264,onClick={() => watchMut.mutate()},Review live behavior and state/API effect,PARTIAL_CODE_ONLY,apps/frontend/src/app/(dashboard)/jellyfin/series/[id]/page.tsx:264,Source-inventoried and route rendered; control not individually mutated during safe audit
INT-00288,/jellyfin/series/[id],button,apps/frontend/src/app/(dashboard)/jellyfin/series/[id]/page.tsx,334,<button,Review live behavior and state/API effect,PARTIAL_CODE_ONLY,apps/frontend/src/app/(dashboard)/jellyfin/series/[id]/page.tsx:334,Source-inventoried and route rendered; control not individually mutated during safe audit
INT-00289,/jellyfin/series/[id],click-handler,apps/frontend/src/app/(dashboard)/jellyfin/series/[id]/page.tsx,336,onClick={() => setPickerFor(menuFor.episode)},Review live behavior and state/API effect,PARTIAL_CODE_ONLY,apps/frontend/src/app/(dashboard)/jellyfin/series/[id]/page.tsx:336,Source-inventoried and route rendered; control not individually mutated during safe audit
INT-00290,/jellyfin/series/[id],button,apps/frontend/src/app/(dashboard)/jellyfin/series/[id]/page.tsx,343,<button,Review live behavior and state/API effect,PARTIAL_CODE_ONLY,apps/frontend/src/app/(dashboard)/jellyfin/series/[id]/page.tsx:343,Source-inventoried and route rendered; control not individually mutated during safe audit
INT-00291,/jellyfin/series/[id],click-handler,apps/frontend/src/app/(dashboard)/jellyfin/series/[id]/page.tsx,345,onClick={() => {,Review live behavior and state/API effect,PARTIAL_CODE_ONLY,apps/frontend/src/app/(dashboard)/jellyfin/series/[id]/page.tsx:345,Source-inventoried and route rendered; control not individually mutated during safe audit
INT-00292,/jellyfin/series,button,apps/frontend/src/app/(dashboard)/jellyfin/series/page.tsx,95,<button,Review live behavior and state/API effect,PARTIAL_CODE_ONLY,apps/frontend/src/app/(dashboard)/jellyfin/series/page.tsx:95,Source-inventoried and route rendered; control not individually mutated during safe audit
INT-00293,/jellyfin/series,click-handler,apps/frontend/src/app/(dashboard)/jellyfin/series/page.tsx,96,onClick={() => router.push('/jellyfin')},Review live behavior and state/API effect,PARTIAL_CODE_ONLY,apps/frontend/src/app/(dashboard)/jellyfin/series/page.tsx:96,Source-inventoried and route rendered; control not individually mutated during safe audit
INT-00294,/jellyfin/series,input,apps/frontend/src/app/(dashboard)/jellyfin/series/page.tsx,113,<input,Review live behavior and state/API effect,PARTIAL_CODE_ONLY,apps/frontend/src/app/(dashboard)/jellyfin/series/page.tsx:113,Source-inventoried and route rendered; control not individually mutated during safe audit
INT-00295,/jellyfin/series,change-handler,apps/frontend/src/app/(dashboard)/jellyfin/series/page.tsx,116,onChange={(e) => setSearchQuery(e.target.value)},Review live behavior and state/API effect,PARTIAL_CODE_ONLY,apps/frontend/src/app/(dashboard)/jellyfin/series/page.tsx:116,Source-inventoried and route rendered; control not individually mutated during safe audit
INT-00296,/jellyfin/series,button,apps/frontend/src/app/(dashboard)/jellyfin/series/page.tsx,121,"<button onClick={() => setSearchQuery('')} className=""absolute right-3 top-1/2 -translate-y-1/2"">",Review live behavior and state/API effect,PARTIAL_CODE_ONLY,apps/frontend/src/app/(dashboard)/jellyfin/series/page.tsx:121,Source-inventoried and route rendered; control not individually mutated during safe audit
INT-00297,/jellyfin/series,click-handler,apps/frontend/src/app/(dashboard)/jellyfin/series/page.tsx,121,"<button onClick={() => setSearchQuery('')} className=""absolute right-3 top-1/2 -translate-y-1/2"">",Review live behavior and state/API effect,PARTIAL_CODE_ONLY,apps/frontend/src/app/(dashboard)/jellyfin/series/page.tsx:121,Source-inventoried and route rendered; control not individually mutated during safe audit
INT-00298,/jellyfin/series,button,apps/frontend/src/app/(dashboard)/jellyfin/series/page.tsx,133,<button,Review live behavior and state/API effect,PARTIAL_CODE_ONLY,apps/frontend/src/app/(dashboard)/jellyfin/series/page.tsx:133,Source-inventoried and route rendered; control not individually mutated during safe audit
INT-00299,/jellyfin/series,click-handler,apps/frontend/src/app/(dashboard)/jellyfin/series/page.tsx,134,onClick={() => setSelectedGenre('')},Review live behavior and state/API effect,PARTIAL_CODE_ONLY,apps/frontend/src/app/(dashboard)/jellyfin/series/page.tsx:134,Source-inventoried and route rendered; control not individually mutated during safe audit
INT-00300,/jellyfin/series,button,apps/frontend/src/app/(dashboard)/jellyfin/series/page.tsx,145,<button,Review live behavior and state/API effect,PARTIAL_CODE_ONLY,apps/frontend/src/app/(dashboard)/jellyfin/series/page.tsx:145,Source-inventoried and route rendered; control not individually mutated during safe audit
INT-00301,/jellyfin/series,click-handler,apps/frontend/src/app/(dashboard)/jellyfin/series/page.tsx,147,onClick={() => setSelectedGenre(selectedGenre === genre ? '' : genre)},Review live behavior and state/API effect,PARTIAL_CODE_ONLY,apps/frontend/src/app/(dashboard)/jellyfin/series/page.tsx:147,Source-inventoried and route rendered; control not individually mutated during safe audit
INT-00302,/jellyfin/watch/[id],button,apps/frontend/src/app/(dashboard)/jellyfin/watch/[id]/page.tsx,114,<button,Review live behavior and state/API effect,PARTIAL_CODE_ONLY,apps/frontend/src/app/(dashboard)/jellyfin/watch/[id]/page.tsx:114,Source-inventoried and route rendered; control not individually mutated during safe audit
INT-00303,/jellyfin/watch/[id],click-handler,apps/frontend/src/app/(dashboard)/jellyfin/watch/[id]/page.tsx,115,onClick={() => router.back()},Review live behavior and state/API effect,PARTIAL_CODE_ONLY,apps/frontend/src/app/(dashboard)/jellyfin/watch/[id]/page.tsx:115,Source-inventoried and route rendered; control not individually mutated during safe audit
INT-00304,/jellyfin/watch/[id],button,apps/frontend/src/app/(dashboard)/jellyfin/watch/[id]/page.tsx,133,<button,Review live behavior and state/API effect,PARTIAL_CODE_ONLY,apps/frontend/src/app/(dashboard)/jellyfin/watch/[id]/page.tsx:133,Source-inventoried and route rendered; control not individually mutated during safe audit
INT-00305,/jellyfin/watch/[id],click-handler,apps/frontend/src/app/(dashboard)/jellyfin/watch/[id]/page.tsx,134,onClick={() => router.back()},Review live behavior and state/API effect,PARTIAL_CODE_ONLY,apps/frontend/src/app/(dashboard)/jellyfin/watch/[id]/page.tsx:134,Source-inventoried and route rendered; control not individually mutated during safe audit
INT-00306,/jellyfin/watch/[id],button,apps/frontend/src/app/(dashboard)/jellyfin/watch/[id]/page.tsx,149,<button,Review live behavior and state/API effect,PARTIAL_CODE_ONLY,apps/frontend/src/app/(dashboard)/jellyfin/watch/[id]/page.tsx:149,Source-inventoried and route rendered; control not individually mutated during safe audit
INT-00307,/jellyfin/watch/[id],click-handler,apps/frontend/src/app/(dashboard)/jellyfin/watch/[id]/page.tsx,151,onClick={() => goToEpisode(prevEpisode.Id)},Review live behavior and state/API effect,PARTIAL_CODE_ONLY,apps/frontend/src/app/(dashboard)/jellyfin/watch/[id]/page.tsx:151,Source-inventoried and route rendered; control not individually mutated during safe audit
INT-00308,/jellyfin/watch/[id],button,apps/frontend/src/app/(dashboard)/jellyfin/watch/[id]/page.tsx,160,<button,Review live behavior and state/API effect,PARTIAL_CODE_ONLY,apps/frontend/src/app/(dashboard)/jellyfin/watch/[id]/page.tsx:160,Source-inventoried and route rendered; control not individually mutated during safe audit
INT-00309,/jellyfin/watch/[id],click-handler,apps/frontend/src/app/(dashboard)/jellyfin/watch/[id]/page.tsx,162,onClick={() => goToEpisode(nextEpisode.Id)},Review live behavior and state/API effect,PARTIAL_CODE_ONLY,apps/frontend/src/app/(dashboard)/jellyfin/watch/[id]/page.tsx:162,Source-inventoried and route rendered; control not individually mutated during safe audit
INT-00310,/jellyfin/watch/[id],button,apps/frontend/src/app/(dashboard)/jellyfin/watch/[id]/page.tsx,180,<button,Review live behavior and state/API effect,PARTIAL_CODE_ONLY,apps/frontend/src/app/(dashboard)/jellyfin/watch/[id]/page.tsx:180,Source-inventoried and route rendered; control not individually mutated during safe audit
INT-00311,/jellyfin/watch/[id],click-handler,apps/frontend/src/app/(dashboard)/jellyfin/watch/[id]/page.tsx,181,onClick={() => { setPlayerError(null); }},Review live behavior and state/API effect,PARTIAL_CODE_ONLY,apps/frontend/src/app/(dashboard)/jellyfin/watch/[id]/page.tsx:181,Source-inventoried and route rendered; control not individually mutated during safe audit
INT-00312,/jellyfin/watchlist,button,apps/frontend/src/app/(dashboard)/jellyfin/watchlist/page.tsx,144,<button,Review live behavior and state/API effect,PARTIAL_CODE_ONLY,apps/frontend/src/app/(dashboard)/jellyfin/watchlist/page.tsx:144,Source-inventoried and route rendered; control not individually mutated during safe audit
INT-00313,/jellyfin/watchlist,click-handler,apps/frontend/src/app/(dashboard)/jellyfin/watchlist/page.tsx,145,onClick={() => router.back()},Review live behavior and state/API effect,PARTIAL_CODE_ONLY,apps/frontend/src/app/(dashboard)/jellyfin/watchlist/page.tsx:145,Source-inventoried and route rendered; control not individually mutated during safe audit
INT-00314,/jellyfin/watchlist,button,apps/frontend/src/app/(dashboard)/jellyfin/watchlist/page.tsx,157,<button,Review live behavior and state/API effect,PARTIAL_CODE_ONLY,apps/frontend/src/app/(dashboard)/jellyfin/watchlist/page.tsx:157,Source-inventoried and route rendered; control not individually mutated during safe audit
INT-00315,/jellyfin/watchlist,click-handler,apps/frontend/src/app/(dashboard)/jellyfin/watchlist/page.tsx,158,onClick={() => { setShowCreate((v) => !v); setNameInput(''); }},Review live behavior and state/API effect,PARTIAL_CODE_ONLY,apps/frontend/src/app/(dashboard)/jellyfin/watchlist/page.tsx:158,Source-inventoried and route rendered; control not individually mutated during safe audit
INT-00316,/jellyfin/watchlist,input,apps/frontend/src/app/(dashboard)/jellyfin/watchlist/page.tsx,169,<input,Review live behavior and state/API effect,PARTIAL_CODE_ONLY,apps/frontend/src/app/(dashboard)/jellyfin/watchlist/page.tsx:169,Source-inventoried and route rendered; control not individually mutated during safe audit
INT-00317,/jellyfin/watchlist,change-handler,apps/frontend/src/app/(dashboard)/jellyfin/watchlist/page.tsx,172,onChange={(e) => setNameInput(e.target.value)},Review live behavior and state/API effect,PARTIAL_CODE_ONLY,apps/frontend/src/app/(dashboard)/jellyfin/watchlist/page.tsx:172,Source-inventoried and route rendered; control not individually mutated during safe audit
INT-00318,/jellyfin/watchlist,keyboard-handler,apps/frontend/src/app/(dashboard)/jellyfin/watchlist/page.tsx,173,onKeyDown={(e) => {,Review live behavior and state/API effect,PARTIAL_CODE_ONLY,apps/frontend/src/app/(dashboard)/jellyfin/watchlist/page.tsx:173,Source-inventoried and route rendered; control not individually mutated during safe audit
INT-00319,/jellyfin/watchlist,click-handler,apps/frontend/src/app/(dashboard)/jellyfin/watchlist/page.tsx,196,onClick={() => setActiveListId(list.id)},Review live behavior and state/API effect,PARTIAL_CODE_ONLY,apps/frontend/src/app/(dashboard)/jellyfin/watchlist/page.tsx:196,Source-inventoried and route rendered; control not individually mutated during safe audit
INT-00320,/jellyfin/watchlist,keyboard-handler,apps/frontend/src/app/(dashboard)/jellyfin/watchlist/page.tsx,197,onKeyDown={(e) => {,Review live behavior and state/API effect,PARTIAL_CODE_ONLY,apps/frontend/src/app/(dashboard)/jellyfin/watchlist/page.tsx:197,Source-inventoried and route rendered; control not individually mutated during safe audit
INT-00321,/jellyfin/watchlist,input,apps/frontend/src/app/(dashboard)/jellyfin/watchlist/page.tsx,208,<input,Review live behavior and state/API effect,PARTIAL_CODE_ONLY,apps/frontend/src/app/(dashboard)/jellyfin/watchlist/page.tsx:208,Source-inventoried and route rendered; control not individually mutated during safe audit
INT-00322,/jellyfin/watchlist,click-handler,apps/frontend/src/app/(dashboard)/jellyfin/watchlist/page.tsx,211,onClick={(e) => e.stopPropagation()},Review live behavior and state/API effect,PARTIAL_CODE_ONLY,apps/frontend/src/app/(dashboard)/jellyfin/watchlist/page.tsx:211,Source-inventoried and route rendered; control not individually mutated during safe audit
INT-00323,/jellyfin/watchlist,change-handler,apps/frontend/src/app/(dashboard)/jellyfin/watchlist/page.tsx,212,onChange={(e) => setEditName(e.target.value)},Review live behavior and state/API effect,PARTIAL_CODE_ONLY,apps/frontend/src/app/(dashboard)/jellyfin/watchlist/page.tsx:212,Source-inventoried and route rendered; control not individually mutated during safe audit
INT-00324,/jellyfin/watchlist,keyboard-handler,apps/frontend/src/app/(dashboard)/jellyfin/watchlist/page.tsx,213,onKeyDown={(e) => {,Review live behavior and state/API effect,PARTIAL_CODE_ONLY,apps/frontend/src/app/(dashboard)/jellyfin/watchlist/page.tsx:213,Source-inventoried and route rendered; control not individually mutated during safe audit
INT-00325,/jellyfin/watchlist,button,apps/frontend/src/app/(dashboard)/jellyfin/watchlist/page.tsx,232,<button,Review live behavior and state/API effect,PARTIAL_CODE_ONLY,apps/frontend/src/app/(dashboard)/jellyfin/watchlist/page.tsx:232,Source-inventoried and route rendered; control not individually mutated during safe audit
INT-00326,/jellyfin/watchlist,click-handler,apps/frontend/src/app/(dashboard)/jellyfin/watchlist/page.tsx,233,onClick={(e) => {,Review live behavior and state/API effect,PARTIAL_CODE_ONLY,apps/frontend/src/app/(dashboard)/jellyfin/watchlist/page.tsx:233,Source-inventoried and route rendered; control not individually mutated during safe audit
INT-00327,/jellyfin/watchlist,button,apps/frontend/src/app/(dashboard)/jellyfin/watchlist/page.tsx,246,<button,Review live behavior and state/API effect,PARTIAL_CODE_ONLY,apps/frontend/src/app/(dashboard)/jellyfin/watchlist/page.tsx:246,Source-inventoried and route rendered; control not individually mutated during safe audit
INT-00328,/jellyfin/watchlist,click-handler,apps/frontend/src/app/(dashboard)/jellyfin/watchlist/page.tsx,247,onClick={(e) => {,Review live behavior and state/API effect,PARTIAL_CODE_ONLY,apps/frontend/src/app/(dashboard)/jellyfin/watchlist/page.tsx:247,Source-inventoried and route rendered; control not individually mutated during safe audit
INT-00329,/jellyfin/watchlist,button,apps/frontend/src/app/(dashboard)/jellyfin/watchlist/page.tsx,315,<button,Review live behavior and state/API effect,PARTIAL_CODE_ONLY,apps/frontend/src/app/(dashboard)/jellyfin/watchlist/page.tsx:315,Source-inventoried and route rendered; control not individually mutated during safe audit
INT-00330,/jellyfin/watchlist,click-handler,apps/frontend/src/app/(dashboard)/jellyfin/watchlist/page.tsx,316,onClick={() => removeItemMut.mutate(item.externalItemId)},Review live behavior and state/API effect,PARTIAL_CODE_ONLY,apps/frontend/src/app/(dashboard)/jellyfin/watchlist/page.tsx:316,Source-inventoried and route rendered; control not individually mutated during safe audit
INT-00331,(shared/component),button,apps/frontend/src/app/(dashboard)/media/components/lightbox/ImageSlide.tsx,140,<button,Review live behavior and state/API effect,PARTIAL_CODE_ONLY,apps/frontend/src/app/(dashboard)/media/components/lightbox/ImageSlide.tsx:140,Source-inventoried and route rendered; control not individually mutated during safe audit
INT-00332,(shared/component),click-handler,apps/frontend/src/app/(dashboard)/media/components/lightbox/ImageSlide.tsx,141,onClick={() => { setError(false); setLoaded(false); }},Review live behavior and state/API effect,PARTIAL_CODE_ONLY,apps/frontend/src/app/(dashboard)/media/components/lightbox/ImageSlide.tsx:141,Source-inventoried and route rendered; control not individually mutated during safe audit
INT-00333,(shared/component),click-handler,apps/frontend/src/app/(dashboard)/media/components/lightbox/MediaLightbox.tsx,96,"<div className=""fixed inset-0 z-50 flex items-center justify-center bg-black/85"" onClick={onClose}>",Review live behavior and state/API effect,PARTIAL_CODE_ONLY,apps/frontend/src/app/(dashboard)/media/components/lightbox/MediaLightbox.tsx:96,Source-inventoried and route rendered; control not individually mutated during safe audit
INT-00334,(shared/component),click-handler,apps/frontend/src/app/(dashboard)/media/components/lightbox/MediaLightbox.tsx,97,"<div className=""flex flex-col items-center gap-2 text-white/60"" onClick={(e) => e.stopPropagation()}>",Review live behavior and state/API effect,PARTIAL_CODE_ONLY,apps/frontend/src/app/(dashboard)/media/components/lightbox/MediaLightbox.tsx:97,Source-inventoried and route rendered; control not individually mutated during safe audit
INT-00335,(shared/component),button,apps/frontend/src/app/(dashboard)/media/components/lightbox/MediaLightbox.tsx,100,"<button onClick={onClose} className=""mt-4 rounded-md bg-white/10 px-4 py-2 text-sm text-white hover:bg-white/20 transition-colors"">",Review live behavior and state/API effect,PARTIAL_CODE_ONLY,apps/frontend/src/app/(dashboard)/media/components/lightbox/MediaLightbox.tsx:100,Source-inventoried and route rendered; control not individually mutated during safe audit
INT-00336,(shared/component),click-handler,apps/frontend/src/app/(dashboard)/media/components/lightbox/MediaLightbox.tsx,100,"<button onClick={onClose} className=""mt-4 rounded-md bg-white/10 px-4 py-2 text-sm text-white hover:bg-white/20 transition-colors"">",Review live behavior and state/API effect,PARTIAL_CODE_ONLY,apps/frontend/src/app/(dashboard)/media/components/lightbox/MediaLightbox.tsx:100,Source-inventoried and route rendered; control not individually mutated during safe audit
INT-00337,(shared/component),click-handler,apps/frontend/src/app/(dashboard)/media/components/lightbox/MediaLightbox.tsx,109,"<div className=""fixed inset-0 z-50 flex items-center justify-center bg-black/85"" onClick={onClose}>",Review live behavior and state/API effect,PARTIAL_CODE_ONLY,apps/frontend/src/app/(dashboard)/media/components/lightbox/MediaLightbox.tsx:109,Source-inventoried and route rendered; control not individually mutated during safe audit
INT-00338,(shared/component),button,apps/frontend/src/app/(dashboard)/media/components/lightbox/MediaLightbox.tsx,110,<button,Review live behavior and state/API effect,PARTIAL_CODE_ONLY,apps/frontend/src/app/(dashboard)/media/components/lightbox/MediaLightbox.tsx:110,Source-inventoried and route rendered; control not individually mutated during safe audit
INT-00339,(shared/component),click-handler,apps/frontend/src/app/(dashboard)/media/components/lightbox/MediaLightbox.tsx,111,onClick={onClose},Review live behavior and state/API effect,PARTIAL_CODE_ONLY,apps/frontend/src/app/(dashboard)/media/components/lightbox/MediaLightbox.tsx:111,Source-inventoried and route rendered; control not individually mutated during safe audit
INT-00340,(shared/component),button,apps/frontend/src/app/(dashboard)/media/components/lightbox/MediaLightbox.tsx,123,<button,Review live behavior and state/API effect,PARTIAL_CODE_ONLY,apps/frontend/src/app/(dashboard)/media/components/lightbox/MediaLightbox.tsx:123,Source-inventoried and route rendered; control not individually mutated during safe audit
INT-00341,(shared/component),click-handler,apps/frontend/src/app/(dashboard)/media/components/lightbox/MediaLightbox.tsx,124,onClick={(e) => { e.stopPropagation(); goPrev(); }},Review live behavior and state/API effect,PARTIAL_CODE_ONLY,apps/frontend/src/app/(dashboard)/media/components/lightbox/MediaLightbox.tsx:124,Source-inventoried and route rendered; control not individually mutated during safe audit
INT-00342,(shared/component),button,apps/frontend/src/app/(dashboard)/media/components/lightbox/MediaLightbox.tsx,133,<button,Review live behavior and state/API effect,PARTIAL_CODE_ONLY,apps/frontend/src/app/(dashboard)/media/components/lightbox/MediaLightbox.tsx:133,Source-inventoried and route rendered; control not individually mutated during safe audit
INT-00343,(shared/component),click-handler,apps/frontend/src/app/(dashboard)/media/components/lightbox/MediaLightbox.tsx,134,onClick={(e) => { e.stopPropagation(); goNext(); }},Review live behavior and state/API effect,PARTIAL_CODE_ONLY,apps/frontend/src/app/(dashboard)/media/components/lightbox/MediaLightbox.tsx:134,Source-inventoried and route rendered; control not individually mutated during safe audit
INT-00344,(shared/component),click-handler,apps/frontend/src/app/(dashboard)/media/components/lightbox/MediaLightbox.tsx,154,"<div className=""flex items-center justify-center max-h-[90vh] max-w-[90vw]"" onClick={(e) => e.stopPropagation()}>",Review live behavior and state/API effect,PARTIAL_CODE_ONLY,apps/frontend/src/app/(dashboard)/media/components/lightbox/MediaLightbox.tsx:154,Source-inventoried and route rendered; control not individually mutated during safe audit
INT-00345,(shared/component),click-handler,apps/frontend/src/app/(dashboard)/media/components/lightbox/SlideshowControls.tsx,38,onClick={(e) => e.stopPropagation()},Review live behavior and state/API effect,PARTIAL_CODE_ONLY,apps/frontend/src/app/(dashboard)/media/components/lightbox/SlideshowControls.tsx:38,Source-inventoried and route rendered; control not individually mutated during safe audit
INT-00346,(shared/component),button,apps/frontend/src/app/(dashboard)/media/components/lightbox/SlideshowControls.tsx,42,<button,Review live behavior and state/API effect,PARTIAL_CODE_ONLY,apps/frontend/src/app/(dashboard)/media/components/lightbox/SlideshowControls.tsx:42,Source-inventoried and route rendered; control not individually mutated during safe audit
INT-00347,(shared/component),click-handler,apps/frontend/src/app/(dashboard)/media/components/lightbox/SlideshowControls.tsx,43,onClick={onPlay},Review live behavior and state/API effect,PARTIAL_CODE_ONLY,apps/frontend/src/app/(dashboard)/media/components/lightbox/SlideshowControls.tsx:43,Source-inventoried and route rendered; control not individually mutated during safe audit
INT-00348,(shared/component),button,apps/frontend/src/app/(dashboard)/media/components/lightbox/SlideshowControls.tsx,52,<button,Review live behavior and state/API effect,PARTIAL_CODE_ONLY,apps/frontend/src/app/(dashboard)/media/components/lightbox/SlideshowControls.tsx:52,Source-inventoried and route rendered; control not individually mutated during safe audit
INT-00349,(shared/component),click-handler,apps/frontend/src/app/(dashboard)/media/components/lightbox/SlideshowControls.tsx,54,onClick={() => onIntervalChange(opt.value)},Review live behavior and state/API effect,PARTIAL_CODE_ONLY,apps/frontend/src/app/(dashboard)/media/components/lightbox/SlideshowControls.tsx:54,Source-inventoried and route rendered; control not individually mutated during safe audit
INT-00350,(shared/component),button,apps/frontend/src/app/(dashboard)/media/components/lightbox/SlideshowControls.tsx,77,<button,Review live behavior and state/API effect,PARTIAL_CODE_ONLY,apps/frontend/src/app/(dashboard)/media/components/lightbox/SlideshowControls.tsx:77,Source-inventoried and route rendered; control not individually mutated during safe audit
INT-00351,(shared/component),click-handler,apps/frontend/src/app/(dashboard)/media/components/lightbox/SlideshowControls.tsx,78,onClick={onPrev},Review live behavior and state/API effect,PARTIAL_CODE_ONLY,apps/frontend/src/app/(dashboard)/media/components/lightbox/SlideshowControls.tsx:78,Source-inventoried and route rendered; control not individually mutated during safe audit
INT-00352,(shared/component),button,apps/frontend/src/app/(dashboard)/media/components/lightbox/SlideshowControls.tsx,86,<button,Review live behavior and state/API effect,PARTIAL_CODE_ONLY,apps/frontend/src/app/(dashboard)/media/components/lightbox/SlideshowControls.tsx:86,Source-inventoried and route rendered; control not individually mutated during safe audit
INT-00353,(shared/component),click-handler,apps/frontend/src/app/(dashboard)/media/components/lightbox/SlideshowControls.tsx,87,onClick={onPause},Review live behavior and state/API effect,PARTIAL_CODE_ONLY,apps/frontend/src/app/(dashboard)/media/components/lightbox/SlideshowControls.tsx:87,Source-inventoried and route rendered; control not individually mutated during safe audit
INT-00354,(shared/component),button,apps/frontend/src/app/(dashboard)/media/components/lightbox/SlideshowControls.tsx,94,<button,Review live behavior and state/API effect,PARTIAL_CODE_ONLY,apps/frontend/src/app/(dashboard)/media/components/lightbox/SlideshowControls.tsx:94,Source-inventoried and route rendered; control not individually mutated during safe audit
INT-00355,(shared/component),click-handler,apps/frontend/src/app/(dashboard)/media/components/lightbox/SlideshowControls.tsx,95,onClick={onNext},Review live behavior and state/API effect,PARTIAL_CODE_ONLY,apps/frontend/src/app/(dashboard)/media/components/lightbox/SlideshowControls.tsx:95,Source-inventoried and route rendered; control not individually mutated during safe audit
INT-00356,(shared/component),button,apps/frontend/src/app/(dashboard)/media/components/lightbox/SlideshowControls.tsx,111,<button,Review live behavior and state/API effect,PARTIAL_CODE_ONLY,apps/frontend/src/app/(dashboard)/media/components/lightbox/SlideshowControls.tsx:111,Source-inventoried and route rendered; control not individually mutated during safe audit
INT-00357,(shared/component),click-handler,apps/frontend/src/app/(dashboard)/media/components/lightbox/SlideshowControls.tsx,112,onClick={onPrev},Review live behavior and state/API effect,PARTIAL_CODE_ONLY,apps/frontend/src/app/(dashboard)/media/components/lightbox/SlideshowControls.tsx:112,Source-inventoried and route rendered; control not individually mutated during safe audit
INT-00358,(shared/component),button,apps/frontend/src/app/(dashboard)/media/components/lightbox/SlideshowControls.tsx,120,<button,Review live behavior and state/API effect,PARTIAL_CODE_ONLY,apps/frontend/src/app/(dashboard)/media/components/lightbox/SlideshowControls.tsx:120,Source-inventoried and route rendered; control not individually mutated during safe audit
INT-00359,(shared/component),click-handler,apps/frontend/src/app/(dashboard)/media/components/lightbox/SlideshowControls.tsx,121,onClick={onPlay},Review live behavior and state/API effect,PARTIAL_CODE_ONLY,apps/frontend/src/app/(dashboard)/media/components/lightbox/SlideshowControls.tsx:121,Source-inventoried and route rendered; control not individually mutated during safe audit
INT-00360,(shared/component),button,apps/frontend/src/app/(dashboard)/media/components/lightbox/SlideshowControls.tsx,128,<button,Review live behavior and state/API effect,PARTIAL_CODE_ONLY,apps/frontend/src/app/(dashboard)/media/components/lightbox/SlideshowControls.tsx:128,Source-inventoried and route rendered; control not individually mutated during safe audit
INT-00361,(shared/component),click-handler,apps/frontend/src/app/(dashboard)/media/components/lightbox/SlideshowControls.tsx,129,onClick={onNext},Review live behavior and state/API effect,PARTIAL_CODE_ONLY,apps/frontend/src/app/(dashboard)/media/components/lightbox/SlideshowControls.tsx:129,Source-inventoried and route rendered; control not individually mutated during safe audit
INT-00362,(shared/component),button,apps/frontend/src/app/(dashboard)/media/components/lightbox/SlideshowControls.tsx,139,<button,Review live behavior and state/API effect,PARTIAL_CODE_ONLY,apps/frontend/src/app/(dashboard)/media/components/lightbox/SlideshowControls.tsx:139,Source-inventoried and route rendered; control not individually mutated during safe audit
INT-00363,(shared/component),click-handler,apps/frontend/src/app/(dashboard)/media/components/lightbox/SlideshowControls.tsx,141,onClick={() => onIntervalChange(opt.value)},Review live behavior and state/API effect,PARTIAL_CODE_ONLY,apps/frontend/src/app/(dashboard)/media/components/lightbox/SlideshowControls.tsx:141,Source-inventoried and route rendered; control not individually mutated during safe audit
INT-00364,(shared/component),button,apps/frontend/src/app/(dashboard)/media/components/music/AlbumView.tsx,60,<button,Review live behavior and state/API effect,PARTIAL_CODE_ONLY,apps/frontend/src/app/(dashboard)/media/components/music/AlbumView.tsx:60,Source-inventoried and route rendered; control not individually mutated during safe audit
INT-00365,(shared/component),click-handler,apps/frontend/src/app/(dashboard)/media/components/music/AlbumView.tsx,61,onClick={handlePlayAll},Review live behavior and state/API effect,PARTIAL_CODE_ONLY,apps/frontend/src/app/(dashboard)/media/components/music/AlbumView.tsx:61,Source-inventoried and route rendered; control not individually mutated during safe audit
INT-00366,(shared/component),button,apps/frontend/src/app/(dashboard)/media/components/music/AlbumView.tsx,81,<button,Review live behavior and state/API effect,PARTIAL_CODE_ONLY,apps/frontend/src/app/(dashboard)/media/components/music/AlbumView.tsx:81,Source-inventoried and route rendered; control not individually mutated during safe audit
INT-00367,(shared/component),click-handler,apps/frontend/src/app/(dashboard)/media/components/music/AlbumView.tsx,83,onClick={() => handlePlayTrack(track)},Review live behavior and state/API effect,PARTIAL_CODE_ONLY,apps/frontend/src/app/(dashboard)/media/components/music/AlbumView.tsx:83,Source-inventoried and route rendered; control not individually mutated during safe audit
INT-00368,(shared/component),button,apps/frontend/src/app/(dashboard)/media/components/music/MusicLibrary.tsx,43,"<button onClick={onRetry} className=""mt-2 text-sm underline hover:no-underline"">",Review live behavior and state/API effect,PARTIAL_CODE_ONLY,apps/frontend/src/app/(dashboard)/media/components/music/MusicLibrary.tsx:43,Source-inventoried and route rendered; control not individually mutated during safe audit
INT-00369,(shared/component),click-handler,apps/frontend/src/app/(dashboard)/media/components/music/MusicLibrary.tsx,43,"<button onClick={onRetry} className=""mt-2 text-sm underline hover:no-underline"">",Review live behavior and state/API effect,PARTIAL_CODE_ONLY,apps/frontend/src/app/(dashboard)/media/components/music/MusicLibrary.tsx:43,Source-inventoried and route rendered; control not individually mutated during safe audit
INT-00370,(shared/component),button,apps/frontend/src/app/(dashboard)/media/components/music/MusicLibrary.tsx,107,<button,Review live behavior and state/API effect,PARTIAL_CODE_ONLY,apps/frontend/src/app/(dashboard)/media/components/music/MusicLibrary.tsx:107,Source-inventoried and route rendered; control not individually mutated during safe audit
INT-00371,(shared/component),click-handler,apps/frontend/src/app/(dashboard)/media/components/music/MusicLibrary.tsx,109,onClick={() => setSelectedArtist(artist.name)},Review live behavior and state/API effect,PARTIAL_CODE_ONLY,apps/frontend/src/app/(dashboard)/media/components/music/MusicLibrary.tsx:109,Source-inventoried and route rendered; control not individually mutated during safe audit
INT-00372,(shared/component),click-handler,apps/frontend/src/app/(dashboard)/media/components/music/MusicLibrary.tsx,132,"<BackButton onClick={() => setSelectedArtist(null)} label=""Alle Interpreten"" />",Review live behavior and state/API effect,PARTIAL_CODE_ONLY,apps/frontend/src/app/(dashboard)/media/components/music/MusicLibrary.tsx:132,Source-inventoried and route rendered; control not individually mutated during safe audit
INT-00373,(shared/component),click-handler,apps/frontend/src/app/(dashboard)/media/components/music/MusicLibrary.tsx,139,"<BackButton onClick={() => setSelectedArtist(null)} label=""Alle Interpreten"" />",Review live behavior and state/API effect,PARTIAL_CODE_ONLY,apps/frontend/src/app/(dashboard)/media/components/music/MusicLibrary.tsx:139,Source-inventoried and route rendered; control not individually mutated during safe audit
INT-00374,(shared/component),click-handler,apps/frontend/src/app/(dashboard)/media/components/music/MusicLibrary.tsx,146,"<BackButton onClick={() => setSelectedArtist(null)} label=""Alle Interpreten"" />",Review live behavior and state/API effect,PARTIAL_CODE_ONLY,apps/frontend/src/app/(dashboard)/media/components/music/MusicLibrary.tsx:146,Source-inventoried and route rendered; control not individually mutated during safe audit
INT-00375,(shared/component),button,apps/frontend/src/app/(dashboard)/media/components/music/MusicLibrary.tsx,150,<button,Review live behavior and state/API effect,PARTIAL_CODE_ONLY,apps/frontend/src/app/(dashboard)/media/components/music/MusicLibrary.tsx:150,Source-inventoried and route rendered; control not individually mutated during safe audit
INT-00376,(shared/component),click-handler,apps/frontend/src/app/(dashboard)/media/components/music/MusicLibrary.tsx,152,onClick={() => setSelectedAlbum(album.name)},Review live behavior and state/API effect,PARTIAL_CODE_ONLY,apps/frontend/src/app/(dashboard)/media/components/music/MusicLibrary.tsx:152,Source-inventoried and route rendered; control not individually mutated during safe audit
INT-00377,(shared/component),click-handler,apps/frontend/src/app/(dashboard)/media/components/music/MusicLibrary.tsx,182,"<BackButton onClick={() => setSelectedAlbum(null)} label=""Alle Alben"" />",Review live behavior and state/API effect,PARTIAL_CODE_ONLY,apps/frontend/src/app/(dashboard)/media/components/music/MusicLibrary.tsx:182,Source-inventoried and route rendered; control not individually mutated during safe audit
INT-00378,(shared/component),click-handler,apps/frontend/src/app/(dashboard)/media/components/music/MusicLibrary.tsx,189,"<BackButton onClick={() => setSelectedAlbum(null)} label=""Alle Alben"" />",Review live behavior and state/API effect,PARTIAL_CODE_ONLY,apps/frontend/src/app/(dashboard)/media/components/music/MusicLibrary.tsx:189,Source-inventoried and route rendered; control not individually mutated during safe audit
INT-00379,(shared/component),click-handler,apps/frontend/src/app/(dashboard)/media/components/music/MusicLibrary.tsx,198,"<BackButton onClick={() => setSelectedAlbum(null)} label=""Alle Alben"" />",Review live behavior and state/API effect,PARTIAL_CODE_ONLY,apps/frontend/src/app/(dashboard)/media/components/music/MusicLibrary.tsx:198,Source-inventoried and route rendered; control not individually mutated during safe audit
INT-00380,(shared/component),button,apps/frontend/src/app/(dashboard)/media/components/music/MusicLibrary.tsx,212,<button,Review live behavior and state/API effect,PARTIAL_CODE_ONLY,apps/frontend/src/app/(dashboard)/media/components/music/MusicLibrary.tsx:212,Source-inventoried and route rendered; control not individually mutated during safe audit
INT-00381,(shared/component),click-handler,apps/frontend/src/app/(dashboard)/media/components/music/MusicLibrary.tsx,213,onClick={onClick},Review live behavior and state/API effect,PARTIAL_CODE_ONLY,apps/frontend/src/app/(dashboard)/media/components/music/MusicLibrary.tsx:213,Source-inventoried and route rendered; control not individually mutated during safe audit
INT-00382,(shared/component),button,apps/frontend/src/app/(dashboard)/media/components/PaginationBar.tsx,37,<button,Review live behavior and state/API effect,PARTIAL_CODE_ONLY,apps/frontend/src/app/(dashboard)/media/components/PaginationBar.tsx:37,Source-inventoried and route rendered; control not individually mutated during safe audit
INT-00383,(shared/component),click-handler,apps/frontend/src/app/(dashboard)/media/components/PaginationBar.tsx,39,onClick={() => onPageChange(page - 1)},Review live behavior and state/API effect,PARTIAL_CODE_ONLY,apps/frontend/src/app/(dashboard)/media/components/PaginationBar.tsx:39,Source-inventoried and route rendered; control not individually mutated during safe audit
INT-00384,(shared/component),button,apps/frontend/src/app/(dashboard)/media/components/PaginationBar.tsx,53,<button,Review live behavior and state/API effect,PARTIAL_CODE_ONLY,apps/frontend/src/app/(dashboard)/media/components/PaginationBar.tsx:53,Source-inventoried and route rendered; control not individually mutated during safe audit
INT-00385,(shared/component),click-handler,apps/frontend/src/app/(dashboard)/media/components/PaginationBar.tsx,55,onClick={() => onPageChange(page + 1)},Review live behavior and state/API effect,PARTIAL_CODE_ONLY,apps/frontend/src/app/(dashboard)/media/components/PaginationBar.tsx:55,Source-inventoried and route rendered; control not individually mutated during safe audit
INT-00386,(shared/component),select,apps/frontend/src/app/(dashboard)/media/components/PaginationBar.tsx,64,<select,Review live behavior and state/API effect,PARTIAL_CODE_ONLY,apps/frontend/src/app/(dashboard)/media/components/PaginationBar.tsx:64,Source-inventoried and route rendered; control not individually mutated during safe audit
INT-00387,(shared/component),change-handler,apps/frontend/src/app/(dashboard)/media/components/PaginationBar.tsx,66,onChange={handlePageSizeChange},Review live behavior and state/API effect,PARTIAL_CODE_ONLY,apps/frontend/src/app/(dashboard)/media/components/PaginationBar.tsx:66,Source-inventoried and route rendered; control not individually mutated during safe audit
INT-00388,(shared/component),button,apps/frontend/src/app/(dashboard)/media/components/player/AudioPlayer.tsx,166,<button,Review live behavior and state/API effect,PARTIAL_CODE_ONLY,apps/frontend/src/app/(dashboard)/media/components/player/AudioPlayer.tsx:166,Source-inventoried and route rendered; control not individually mutated during safe audit
INT-00389,(shared/component),click-handler,apps/frontend/src/app/(dashboard)/media/components/player/AudioPlayer.tsx,167,onClick={toggleShuffle},Review live behavior and state/API effect,PARTIAL_CODE_ONLY,apps/frontend/src/app/(dashboard)/media/components/player/AudioPlayer.tsx:167,Source-inventoried and route rendered; control not individually mutated during safe audit
INT-00390,(shared/component),button,apps/frontend/src/app/(dashboard)/media/components/player/AudioPlayer.tsx,176,<button,Review live behavior and state/API effect,PARTIAL_CODE_ONLY,apps/frontend/src/app/(dashboard)/media/components/player/AudioPlayer.tsx:176,Source-inventoried and route rendered; control not individually mutated during safe audit
INT-00391,(shared/component),click-handler,apps/frontend/src/app/(dashboard)/media/components/player/AudioPlayer.tsx,177,onClick={prev},Review live behavior and state/API effect,PARTIAL_CODE_ONLY,apps/frontend/src/app/(dashboard)/media/components/player/AudioPlayer.tsx:177,Source-inventoried and route rendered; control not individually mutated during safe audit
INT-00392,(shared/component),button,apps/frontend/src/app/(dashboard)/media/components/player/AudioPlayer.tsx,183,<button,Review live behavior and state/API effect,PARTIAL_CODE_ONLY,apps/frontend/src/app/(dashboard)/media/components/player/AudioPlayer.tsx:183,Source-inventoried and route rendered; control not individually mutated during safe audit
INT-00393,(shared/component),click-handler,apps/frontend/src/app/(dashboard)/media/components/player/AudioPlayer.tsx,184,onClick={togglePlay},Review live behavior and state/API effect,PARTIAL_CODE_ONLY,apps/frontend/src/app/(dashboard)/media/components/player/AudioPlayer.tsx:184,Source-inventoried and route rendered; control not individually mutated during safe audit
INT-00394,(shared/component),button,apps/frontend/src/app/(dashboard)/media/components/player/AudioPlayer.tsx,190,<button,Review live behavior and state/API effect,PARTIAL_CODE_ONLY,apps/frontend/src/app/(dashboard)/media/components/player/AudioPlayer.tsx:190,Source-inventoried and route rendered; control not individually mutated during safe audit
INT-00395,(shared/component),click-handler,apps/frontend/src/app/(dashboard)/media/components/player/AudioPlayer.tsx,191,onClick={next},Review live behavior and state/API effect,PARTIAL_CODE_ONLY,apps/frontend/src/app/(dashboard)/media/components/player/AudioPlayer.tsx:191,Source-inventoried and route rendered; control not individually mutated during safe audit
INT-00396,(shared/component),button,apps/frontend/src/app/(dashboard)/media/components/player/AudioPlayer.tsx,197,<button,Review live behavior and state/API effect,PARTIAL_CODE_ONLY,apps/frontend/src/app/(dashboard)/media/components/player/AudioPlayer.tsx:197,Source-inventoried and route rendered; control not individually mutated during safe audit
INT-00397,(shared/component),click-handler,apps/frontend/src/app/(dashboard)/media/components/player/AudioPlayer.tsx,198,onClick={cycleRepeat},Review live behavior and state/API effect,PARTIAL_CODE_ONLY,apps/frontend/src/app/(dashboard)/media/components/player/AudioPlayer.tsx:198,Source-inventoried and route rendered; control not individually mutated during safe audit
INT-00398,(shared/component),input,apps/frontend/src/app/(dashboard)/media/components/player/AudioPlayer.tsx,216,<input,Review live behavior and state/API effect,PARTIAL_CODE_ONLY,apps/frontend/src/app/(dashboard)/media/components/player/AudioPlayer.tsx:216,Source-inventoried and route rendered; control not individually mutated during safe audit
INT-00399,(shared/component),change-handler,apps/frontend/src/app/(dashboard)/media/components/player/AudioPlayer.tsx,222,onChange={handleSeek},Review live behavior and state/API effect,PARTIAL_CODE_ONLY,apps/frontend/src/app/(dashboard)/media/components/player/AudioPlayer.tsx:222,Source-inventoried and route rendered; control not individually mutated during safe audit
INT-00400,(shared/component),button,apps/frontend/src/app/(dashboard)/media/components/player/AudioPlayer.tsx,232,<button,Review live behavior and state/API effect,PARTIAL_CODE_ONLY,apps/frontend/src/app/(dashboard)/media/components/player/AudioPlayer.tsx:232,Source-inventoried and route rendered; control not individually mutated during safe audit
INT-00401,(shared/component),click-handler,apps/frontend/src/app/(dashboard)/media/components/player/AudioPlayer.tsx,233,onClick={handleToggleMute},Review live behavior and state/API effect,PARTIAL_CODE_ONLY,apps/frontend/src/app/(dashboard)/media/components/player/AudioPlayer.tsx:233,Source-inventoried and route rendered; control not individually mutated during safe audit
INT-00402,(shared/component),input,apps/frontend/src/app/(dashboard)/media/components/player/AudioPlayer.tsx,239,<input,Review live behavior and state/API effect,PARTIAL_CODE_ONLY,apps/frontend/src/app/(dashboard)/media/components/player/AudioPlayer.tsx:239,Source-inventoried and route rendered; control not individually mutated during safe audit
INT-00403,(shared/component),change-handler,apps/frontend/src/app/(dashboard)/media/components/player/AudioPlayer.tsx,245,onChange={handleVolumeChange},Review live behavior and state/API effect,PARTIAL_CODE_ONLY,apps/frontend/src/app/(dashboard)/media/components/player/AudioPlayer.tsx:245,Source-inventoried and route rendered; control not individually mutated during safe audit
INT-00404,(shared/component),button,apps/frontend/src/app/(dashboard)/media/components/source-browser/Breadcrumb.tsx,36,<button,Review live behavior and state/API effect,PARTIAL_CODE_ONLY,apps/frontend/src/app/(dashboard)/media/components/source-browser/Breadcrumb.tsx:36,Source-inventoried and route rendered; control not individually mutated during safe audit
INT-00405,(shared/component),click-handler,apps/frontend/src/app/(dashboard)/media/components/source-browser/Breadcrumb.tsx,37,onClick={() => onNavigate('')},Review live behavior and state/API effect,PARTIAL_CODE_ONLY,apps/frontend/src/app/(dashboard)/media/components/source-browser/Breadcrumb.tsx:37,Source-inventoried and route rendered; control not individually mutated during safe audit
INT-00406,(shared/component),button,apps/frontend/src/app/(dashboard)/media/components/source-browser/Breadcrumb.tsx,60,<button,Review live behavior and state/API effect,PARTIAL_CODE_ONLY,apps/frontend/src/app/(dashboard)/media/components/source-browser/Breadcrumb.tsx:60,Source-inventoried and route rendered; control not individually mutated during safe audit
INT-00407,(shared/component),click-handler,apps/frontend/src/app/(dashboard)/media/components/source-browser/Breadcrumb.tsx,61,onClick={() => onNavigate(path)},Review live behavior and state/API effect,PARTIAL_CODE_ONLY,apps/frontend/src/app/(dashboard)/media/components/source-browser/Breadcrumb.tsx:61,Source-inventoried and route rendered; control not individually mutated during safe audit
INT-00408,(shared/component),button,apps/frontend/src/app/(dashboard)/media/components/source-browser/FolderGrid.tsx,109,<button,Review live behavior and state/API effect,PARTIAL_CODE_ONLY,apps/frontend/src/app/(dashboard)/media/components/source-browser/FolderGrid.tsx:109,Source-inventoried and route rendered; control not individually mutated during safe audit
INT-00409,(shared/component),click-handler,apps/frontend/src/app/(dashboard)/media/components/source-browser/FolderGrid.tsx,111,onClick={() => onFolderClick(folder.path)},Review live behavior and state/API effect,PARTIAL_CODE_ONLY,apps/frontend/src/app/(dashboard)/media/components/source-browser/FolderGrid.tsx:111,Source-inventoried and route rendered; control not individually mutated during safe audit
INT-00410,(shared/component),button,apps/frontend/src/app/(dashboard)/media/components/source-browser/FolderGrid.tsx,126,<button,Review live behavior and state/API effect,PARTIAL_CODE_ONLY,apps/frontend/src/app/(dashboard)/media/components/source-browser/FolderGrid.tsx:126,Source-inventoried and route rendered; control not individually mutated during safe audit
INT-00411,(shared/component),click-handler,apps/frontend/src/app/(dashboard)/media/components/source-browser/FolderGrid.tsx,128,onClick={() => onFileClick?.(file)},Review live behavior and state/API effect,PARTIAL_CODE_ONLY,apps/frontend/src/app/(dashboard)/media/components/source-browser/FolderGrid.tsx:128,Source-inventoried and route rendered; control not individually mutated during safe audit
INT-00412,(shared/component),select,apps/frontend/src/app/(dashboard)/media/components/source-browser/SourceBrowser.tsx,101,<select,Review live behavior and state/API effect,PARTIAL_CODE_ONLY,apps/frontend/src/app/(dashboard)/media/components/source-browser/SourceBrowser.tsx:101,Source-inventoried and route rendered; control not individually mutated during safe audit
INT-00413,(shared/component),change-handler,apps/frontend/src/app/(dashboard)/media/components/source-browser/SourceBrowser.tsx,103,onChange={handleSourceChange},Review live behavior and state/API effect,PARTIAL_CODE_ONLY,apps/frontend/src/app/(dashboard)/media/components/source-browser/SourceBrowser.tsx:103,Source-inventoried and route rendered; control not individually mutated during safe audit
INT-00414,(shared/component),link,apps/frontend/src/app/(dashboard)/media/MapContent.tsx,111,"attribution='&copy; <a href=""https://www.openstreetmap.org/copyright"">OpenStreetMap</a>'",Review live behavior and state/API effect,PARTIAL_CODE_ONLY,apps/frontend/src/app/(dashboard)/media/MapContent.tsx:111,Source-inventoried and route rendered; control not individually mutated during safe audit
INT-00415,(shared/component),button,apps/frontend/src/app/(dashboard)/media/MapContent.tsx,164,<button,Review live behavior and state/API effect,PARTIAL_CODE_ONLY,apps/frontend/src/app/(dashboard)/media/MapContent.tsx:164,Source-inventoried and route rendered; control not individually mutated during safe audit
INT-00416,(shared/component),click-handler,apps/frontend/src/app/(dashboard)/media/MapContent.tsx,165,onClick={() => onFavoriteToggle(file.id)},Review live behavior and state/API effect,PARTIAL_CODE_ONLY,apps/frontend/src/app/(dashboard)/media/MapContent.tsx:165,Source-inventoried and route rendered; control not individually mutated during safe audit
INT-00417,/media,button,apps/frontend/src/app/(dashboard)/media/page.tsx,167,<button,Review live behavior and state/API effect,PARTIAL_CODE_ONLY,apps/frontend/src/app/(dashboard)/media/page.tsx:167,Source-inventoried and route rendered; control not individually mutated during safe audit
INT-00418,/media,click-handler,apps/frontend/src/app/(dashboard)/media/page.tsx,169,onClick={() => setActiveTab(tab.id)},Review live behavior and state/API effect,PARTIAL_CODE_ONLY,apps/frontend/src/app/(dashboard)/media/page.tsx:169,Source-inventoried and route rendered; control not individually mutated during safe audit
INT-00419,/media,button,apps/frontend/src/app/(dashboard)/media/page.tsx,216,<button,Review live behavior and state/API effect,PARTIAL_CODE_ONLY,apps/frontend/src/app/(dashboard)/media/page.tsx:216,Source-inventoried and route rendered; control not individually mutated during safe audit
INT-00420,/media,click-handler,apps/frontend/src/app/(dashboard)/media/page.tsx,217,onClick={onCreate},Review live behavior and state/API effect,PARTIAL_CODE_ONLY,apps/frontend/src/app/(dashboard)/media/page.tsx:217,Source-inventoried and route rendered; control not individually mutated during safe audit
INT-00421,/media,button,apps/frontend/src/app/(dashboard)/media/page.tsx,309,"<button onClick={() => setEditing(true)} className=""rounded-md p-1.5 text-fg-muted hover:text-fg hover:bg-bg transition-colors"" title=""Bearbeiten"">",Review live behavior and state/API effect,PARTIAL_CODE_ONLY,apps/frontend/src/app/(dashboard)/media/page.tsx:309,Source-inventoried and route rendered; control not individually mutated during safe audit
INT-00422,/media,click-handler,apps/frontend/src/app/(dashboard)/media/page.tsx,309,"<button onClick={() => setEditing(true)} className=""rounded-md p-1.5 text-fg-muted hover:text-fg hover:bg-bg transition-colors"" title=""Bearbeiten"">",Review live behavior and state/API effect,PARTIAL_CODE_ONLY,apps/frontend/src/app/(dashboard)/media/page.tsx:309,Source-inventoried and route rendered; control not individually mutated during safe audit
INT-00423,/media,button,apps/frontend/src/app/(dashboard)/media/page.tsx,312,<button,Review live behavior and state/API effect,PARTIAL_CODE_ONLY,apps/frontend/src/app/(dashboard)/media/page.tsx:312,Source-inventoried and route rendered; control not individually mutated during safe audit
INT-00424,/media,click-handler,apps/frontend/src/app/(dashboard)/media/page.tsx,313,onClick={() => scanMut.mutate()},Review live behavior and state/API effect,PARTIAL_CODE_ONLY,apps/frontend/src/app/(dashboard)/media/page.tsx:313,Source-inventoried and route rendered; control not individually mutated during safe audit
INT-00425,/media,click-handler,apps/frontend/src/app/(dashboard)/media/page.tsx,350,"<div className=""fixed inset-0 z-50 flex items-center justify-center bg-black/60 p-4"" onClick={onClose}>",Review live behavior and state/API effect,PARTIAL_CODE_ONLY,apps/frontend/src/app/(dashboard)/media/page.tsx:350,Source-inventoried and route rendered; control not individually mutated during safe audit
INT-00426,/media,form,apps/frontend/src/app/(dashboard)/media/page.tsx,351,"<form onClick={(e) => e.stopPropagation()} onSubmit={handleSubmit} className=""w-full max-w-md space-y-4 rounded-lg border border-border bg-bg-surface p-6"">",Review live behavior and state/API effect,PARTIAL_CODE_ONLY,apps/frontend/src/app/(dashboard)/media/page.tsx:351,Source-inventoried and route rendered; control not individually mutated during safe audit
INT-00427,/media,click-handler,apps/frontend/src/app/(dashboard)/media/page.tsx,351,"<form onClick={(e) => e.stopPropagation()} onSubmit={handleSubmit} className=""w-full max-w-md space-y-4 rounded-lg border border-border bg-bg-surface p-6"">",Review live behavior and state/API effect,PARTIAL_CODE_ONLY,apps/frontend/src/app/(dashboard)/media/page.tsx:351,Source-inventoried and route rendered; control not individually mutated during safe audit
INT-00428,/media,submit-handler,apps/frontend/src/app/(dashboard)/media/page.tsx,351,"<form onClick={(e) => e.stopPropagation()} onSubmit={handleSubmit} className=""w-full max-w-md space-y-4 rounded-lg border border-border bg-bg-surface p-6"">",Review live behavior and state/API effect,PARTIAL_CODE_ONLY,apps/frontend/src/app/(dashboard)/media/page.tsx:351,Source-inventoried and route rendered; control not individually mutated during safe audit
INT-00429,/media,button,apps/frontend/src/app/(dashboard)/media/page.tsx,354,"<button type=""button"" onClick={onClose} className=""text-fg-muted hover:text-fg""><X className=""h-5 w-5"" /></button>",Review live behavior and state/API effect,PARTIAL_CODE_ONLY,apps/frontend/src/app/(dashboard)/media/page.tsx:354,Source-inventoried and route rendered; control not individually mutated during safe audit
INT-00430,/media,click-handler,apps/frontend/src/app/(dashboard)/media/page.tsx,354,"<button type=""button"" onClick={onClose} className=""text-fg-muted hover:text-fg""><X className=""h-5 w-5"" /></button>",Review live behavior and state/API effect,PARTIAL_CODE_ONLY,apps/frontend/src/app/(dashboard)/media/page.tsx:354,Source-inventoried and route rendered; control not individually mutated during safe audit
INT-00431,/media,input,apps/frontend/src/app/(dashboard)/media/page.tsx,358,"<input type=""text"" value={name} onChange={(e) => setName(e.target.value)} className=""w-full rounded-md border border-border-strong bg-bg px-3 py-2 text-sm focus:outline-none focus:ring-2 focus:ring-brand-500/50"" required />",Review live behavior and state/API effect,PARTIAL_CODE_ONLY,apps/frontend/src/app/(dashboard)/media/page.tsx:358,Source-inventoried and route rendered; control not individually mutated during safe audit
INT-00432,/media,change-handler,apps/frontend/src/app/(dashboard)/media/page.tsx,358,"<input type=""text"" value={name} onChange={(e) => setName(e.target.value)} className=""w-full rounded-md border border-border-strong bg-bg px-3 py-2 text-sm focus:outline-none focus:ring-2 focus:ring-brand-500/50"" required />",Review live behavior and state/API effect,PARTIAL_CODE_ONLY,apps/frontend/src/app/(dashboard)/media/page.tsx:358,Source-inventoried and route rendered; control not individually mutated during safe audit
INT-00433,/media,input,apps/frontend/src/app/(dashboard)/media/page.tsx,362,"<input type=""text"" value={path} onChange={(e) => setPath(e.target.value)} className=""w-full rounded-md border border-border-strong bg-bg px-3 py-2 text-sm font-mono focus:outline-none focus:ring-2 focus:ring-brand-500/50"" required />",Review live behavior and state/API effect,PARTIAL_CODE_ONLY,apps/frontend/src/app/(dashboard)/media/page.tsx:362,Source-inventoried and route rendered; control not individually mutated during safe audit
INT-00434,/media,change-handler,apps/frontend/src/app/(dashboard)/media/page.tsx,362,"<input type=""text"" value={path} onChange={(e) => setPath(e.target.value)} className=""w-full rounded-md border border-border-strong bg-bg px-3 py-2 text-sm font-mono focus:outline-none focus:ring-2 focus:ring-brand-500/50"" required />",Review live behavior and state/API effect,PARTIAL_CODE_ONLY,apps/frontend/src/app/(dashboard)/media/page.tsx:362,Source-inventoried and route rendered; control not individually mutated during safe audit
INT-00435,/media,button,apps/frontend/src/app/(dashboard)/media/page.tsx,366,"<button type=""button"" onClick={onDelete} className=""rounded-md border border-danger/30 px-4 py-2 text-sm font-medium text-danger hover:bg-danger/5 transition-colors"">Löschen</button>",Review live behavior and state/API effect,PARTIAL_CODE_ONLY,apps/frontend/src/app/(dashboard)/media/page.tsx:366,Source-inventoried and route rendered; control not individually mutated during safe audit
INT-00436,/media,click-handler,apps/frontend/src/app/(dashboard)/media/page.tsx,366,"<button type=""button"" onClick={onDelete} className=""rounded-md border border-danger/30 px-4 py-2 text-sm font-medium text-danger hover:bg-danger/5 transition-colors"">Löschen</button>",Review live behavior and state/API effect,PARTIAL_CODE_ONLY,apps/frontend/src/app/(dashboard)/media/page.tsx:366,Source-inventoried and route rendered; control not individually mutated during safe audit
INT-00437,/media,button,apps/frontend/src/app/(dashboard)/media/page.tsx,367,"<button type=""button"" onClick={onClose} className=""flex-1 rounded-md border border-border px-4 py-2 text-sm font-medium text-fg hover:bg-bg transition-colors"">Abbrechen</button>",Review live behavior and state/API effect,PARTIAL_CODE_ONLY,apps/frontend/src/app/(dashboard)/media/page.tsx:367,Source-inventoried and route rendered; control not individually mutated during safe audit
INT-00438,/media,click-handler,apps/frontend/src/app/(dashboard)/media/page.tsx,367,"<button type=""button"" onClick={onClose} className=""flex-1 rounded-md border border-border px-4 py-2 text-sm font-medium text-fg hover:bg-bg transition-colors"">Abbrechen</button>",Review live behavior and state/API effect,PARTIAL_CODE_ONLY,apps/frontend/src/app/(dashboard)/media/page.tsx:367,Source-inventoried and route rendered; control not individually mutated during safe audit
INT-00439,/media,button,apps/frontend/src/app/(dashboard)/media/page.tsx,368,"<button type=""submit"" disabled={mutation.isPending} className=""flex-1 rounded-md bg-brand-500 px-4 py-2 text-sm font-medium text-bg hover:bg-brand-400 disabled:opacity-50 transition-colors"">",Review live behavior and state/API effect,PARTIAL_CODE_ONLY,apps/frontend/src/app/(dashboard)/media/page.tsx:368,Source-inventoried and route rendered; control not individually mutated during safe audit
INT-00440,/media,button,apps/frontend/src/app/(dashboard)/media/page.tsx,422,<button,Review live behavior and state/API effect,PARTIAL_CODE_ONLY,apps/frontend/src/app/(dashboard)/media/page.tsx:422,Source-inventoried and route rendered; control not individually mutated during safe audit
INT-00441,/media,click-handler,apps/frontend/src/app/(dashboard)/media/page.tsx,423,onClick={onCreate},Review live behavior and state/API effect,PARTIAL_CODE_ONLY,apps/frontend/src/app/(dashboard)/media/page.tsx:423,Source-inventoried and route rendered; control not individually mutated during safe audit
INT-00442,/media,button,apps/frontend/src/app/(dashboard)/media/page.tsx,452,<button,Review live behavior and state/API effect,PARTIAL_CODE_ONLY,apps/frontend/src/app/(dashboard)/media/page.tsx:452,Source-inventoried and route rendered; control not individually mutated during safe audit
INT-00443,/media,click-handler,apps/frontend/src/app/(dashboard)/media/page.tsx,453,onClick={() => { setSelectedAlbumId(album.id); setSelectedAlbumName(album.name); }},Review live behavior and state/API effect,PARTIAL_CODE_ONLY,apps/frontend/src/app/(dashboard)/media/page.tsx:453,Source-inventoried and route rendered; control not individually mutated during safe audit
INT-00444,/media,button,apps/frontend/src/app/(dashboard)/media/page.tsx,468,"<button onClick={() => setEditingAlbum(album)} className=""rounded-md p-1 text-fg-muted hover:text-fg hover:bg-bg text-xs transition-colors"" title=""Bearbeiten"">Bearbeiten</button>",Review live behavior and state/API effect,PARTIAL_CODE_ONLY,apps/frontend/src/app/(dashboard)/media/page.tsx:468,Source-inventoried and route rendered; control not individually mutated during safe audit
INT-00445,/media,click-handler,apps/frontend/src/app/(dashboard)/media/page.tsx,468,"<button onClick={() => setEditingAlbum(album)} className=""rounded-md p-1 text-fg-muted hover:text-fg hover:bg-bg text-xs transition-colors"" title=""Bearbeiten"">Bearbeiten</button>",Review live behavior and state/API effect,PARTIAL_CODE_ONLY,apps/frontend/src/app/(dashboard)/media/page.tsx:468,Source-inventoried and route rendered; control not individually mutated during safe audit
INT-00446,/media,button,apps/frontend/src/app/(dashboard)/media/page.tsx,469,"<button onClick={() => setShowAddFiles(album.id)} className=""rounded-md p-1 text-fg-muted hover:text-fg hover:bg-bg text-xs transition-colors"" title=""Dateien hinzufügen"">+ Dateien</button>",Review live behavior and state/API effect,PARTIAL_CODE_ONLY,apps/frontend/src/app/(dashboard)/media/page.tsx:469,Source-inventoried and route rendered; control not individually mutated during safe audit
INT-00447,/media,click-handler,apps/frontend/src/app/(dashboard)/media/page.tsx,469,"<button onClick={() => setShowAddFiles(album.id)} className=""rounded-md p-1 text-fg-muted hover:text-fg hover:bg-bg text-xs transition-colors"" title=""Dateien hinzufügen"">+ Dateien</button>",Review live behavior and state/API effect,PARTIAL_CODE_ONLY,apps/frontend/src/app/(dashboard)/media/page.tsx:469,Source-inventoried and route rendered; control not individually mutated during safe audit
INT-00448,/media,button,apps/frontend/src/app/(dashboard)/media/page.tsx,470,"<button onClick={() => { if (confirm('Album wirklich löschen?')) deleteAlbumMut.mutate(album.id); }} className=""rounded-md p-1 text-fg-muted hover:text-danger hover:bg-danger/10 text-xs transition-colors ml-auto"" title=""Löschen"">Löschen</bu",Review live behavior and state/API effect,PARTIAL_CODE_ONLY,apps/frontend/src/app/(dashboard)/media/page.tsx:470,Source-inventoried and route rendered; control not individually mutated during safe audit
INT-00449,/media,click-handler,apps/frontend/src/app/(dashboard)/media/page.tsx,470,"<button onClick={() => { if (confirm('Album wirklich löschen?')) deleteAlbumMut.mutate(album.id); }} className=""rounded-md p-1 text-fg-muted hover:text-danger hover:bg-danger/10 text-xs transition-colors ml-auto"" title=""Löschen"">Löschen</bu",Review live behavior and state/API effect,PARTIAL_CODE_ONLY,apps/frontend/src/app/(dashboard)/media/page.tsx:470,Source-inventoried and route rendered; control not individually mutated during safe audit
INT-00450,/media,click-handler,apps/frontend/src/app/(dashboard)/media/page.tsx,526,"<div className=""fixed inset-0 z-50 flex items-center justify-center bg-black/60 p-4"" onClick={onClose}>",Review live behavior and state/API effect,PARTIAL_CODE_ONLY,apps/frontend/src/app/(dashboard)/media/page.tsx:526,Source-inventoried and route rendered; control not individually mutated during safe audit
INT-00451,/media,form,apps/frontend/src/app/(dashboard)/media/page.tsx,527,"<form onClick={(e) => e.stopPropagation()} onSubmit={handleSubmit} className=""w-full max-w-md space-y-4 rounded-lg border border-border bg-bg-surface p-6"">",Review live behavior and state/API effect,PARTIAL_CODE_ONLY,apps/frontend/src/app/(dashboard)/media/page.tsx:527,Source-inventoried and route rendered; control not individually mutated during safe audit
INT-00452,/media,click-handler,apps/frontend/src/app/(dashboard)/media/page.tsx,527,"<form onClick={(e) => e.stopPropagation()} onSubmit={handleSubmit} className=""w-full max-w-md space-y-4 rounded-lg border border-border bg-bg-surface p-6"">",Review live behavior and state/API effect,PARTIAL_CODE_ONLY,apps/frontend/src/app/(dashboard)/media/page.tsx:527,Source-inventoried and route rendered; control not individually mutated during safe audit
INT-00453,/media,submit-handler,apps/frontend/src/app/(dashboard)/media/page.tsx,527,"<form onClick={(e) => e.stopPropagation()} onSubmit={handleSubmit} className=""w-full max-w-md space-y-4 rounded-lg border border-border bg-bg-surface p-6"">",Review live behavior and state/API effect,PARTIAL_CODE_ONLY,apps/frontend/src/app/(dashboard)/media/page.tsx:527,Source-inventoried and route rendered; control not individually mutated during safe audit
INT-00454,/media,button,apps/frontend/src/app/(dashboard)/media/page.tsx,530,"<button type=""button"" onClick={onClose} className=""text-fg-muted hover:text-fg""><X className=""h-5 w-5"" /></button>",Review live behavior and state/API effect,PARTIAL_CODE_ONLY,apps/frontend/src/app/(dashboard)/media/page.tsx:530,Source-inventoried and route rendered; control not individually mutated during safe audit
INT-00455,/media,click-handler,apps/frontend/src/app/(dashboard)/media/page.tsx,530,"<button type=""button"" onClick={onClose} className=""text-fg-muted hover:text-fg""><X className=""h-5 w-5"" /></button>",Review live behavior and state/API effect,PARTIAL_CODE_ONLY,apps/frontend/src/app/(dashboard)/media/page.tsx:530,Source-inventoried and route rendered; control not individually mutated during safe audit
INT-00456,/media,input,apps/frontend/src/app/(dashboard)/media/page.tsx,534,"<input type=""text"" value={name} onChange={(e) => setName(e.target.value)} className=""w-full rounded-md border border-border-strong bg-bg px-3 py-2 text-sm focus:outline-none focus:ring-2 focus:ring-brand-500/50"" required />",Review live behavior and state/API effect,PARTIAL_CODE_ONLY,apps/frontend/src/app/(dashboard)/media/page.tsx:534,Source-inventoried and route rendered; control not individually mutated during safe audit
INT-00457,/media,change-handler,apps/frontend/src/app/(dashboard)/media/page.tsx,534,"<input type=""text"" value={name} onChange={(e) => setName(e.target.value)} className=""w-full rounded-md border border-border-strong bg-bg px-3 py-2 text-sm focus:outline-none focus:ring-2 focus:ring-brand-500/50"" required />",Review live behavior and state/API effect,PARTIAL_CODE_ONLY,apps/frontend/src/app/(dashboard)/media/page.tsx:534,Source-inventoried and route rendered; control not individually mutated during safe audit
INT-00458,/media,textarea,apps/frontend/src/app/(dashboard)/media/page.tsx,538,"<textarea value={description} onChange={(e) => setDescription(e.target.value)} rows={3} className=""w-full rounded-md border border-border-strong bg-bg px-3 py-2 text-sm focus:outline-none focus:ring-2 focus:ring-brand-500/50"" />",Review live behavior and state/API effect,PARTIAL_CODE_ONLY,apps/frontend/src/app/(dashboard)/media/page.tsx:538,Source-inventoried and route rendered; control not individually mutated during safe audit
INT-00459,/media,change-handler,apps/frontend/src/app/(dashboard)/media/page.tsx,538,"<textarea value={description} onChange={(e) => setDescription(e.target.value)} rows={3} className=""w-full rounded-md border border-border-strong bg-bg px-3 py-2 text-sm focus:outline-none focus:ring-2 focus:ring-brand-500/50"" />",Review live behavior and state/API effect,PARTIAL_CODE_ONLY,apps/frontend/src/app/(dashboard)/media/page.tsx:538,Source-inventoried and route rendered; control not individually mutated during safe audit
INT-00460,/media,button,apps/frontend/src/app/(dashboard)/media/page.tsx,542,"<button type=""button"" onClick={onClose} className=""flex-1 rounded-md border border-border px-4 py-2 text-sm font-medium text-fg hover:bg-bg transition-colors"">Abbrechen</button>",Review live behavior and state/API effect,PARTIAL_CODE_ONLY,apps/frontend/src/app/(dashboard)/media/page.tsx:542,Source-inventoried and route rendered; control not individually mutated during safe audit
INT-00461,/media,click-handler,apps/frontend/src/app/(dashboard)/media/page.tsx,542,"<button type=""button"" onClick={onClose} className=""flex-1 rounded-md border border-border px-4 py-2 text-sm font-medium text-fg hover:bg-bg transition-colors"">Abbrechen</button>",Review live behavior and state/API effect,PARTIAL_CODE_ONLY,apps/frontend/src/app/(dashboard)/media/page.tsx:542,Source-inventoried and route rendered; control not individually mutated during safe audit
INT-00462,/media,button,apps/frontend/src/app/(dashboard)/media/page.tsx,543,"<button type=""submit"" disabled={mutation.isPending} className=""flex-1 rounded-md bg-brand-500 px-4 py-2 text-sm font-medium text-bg hover:bg-brand-400 disabled:opacity-50 transition-colors"">{mutation.isPending ? 'Speichert…' : 'Speichern'}<",Review live behavior and state/API effect,PARTIAL_CODE_ONLY,apps/frontend/src/app/(dashboard)/media/page.tsx:543,Source-inventoried and route rendered; control not individually mutated during safe audit
INT-00463,/media,click-handler,apps/frontend/src/app/(dashboard)/media/page.tsx,575,"<div className=""fixed inset-0 z-50 flex items-center justify-center bg-black/60 p-4"" onClick={onClose}>",Review live behavior and state/API effect,PARTIAL_CODE_ONLY,apps/frontend/src/app/(dashboard)/media/page.tsx:575,Source-inventoried and route rendered; control not individually mutated during safe audit
INT-00464,/media,click-handler,apps/frontend/src/app/(dashboard)/media/page.tsx,576,"<div onClick={(e) => e.stopPropagation()} className=""w-full max-w-2xl max-h-[80vh] space-y-4 rounded-lg border border-border bg-bg-surface p-6 overflow-y-auto"">",Review live behavior and state/API effect,PARTIAL_CODE_ONLY,apps/frontend/src/app/(dashboard)/media/page.tsx:576,Source-inventoried and route rendered; control not individually mutated during safe audit
INT-00465,/media,button,apps/frontend/src/app/(dashboard)/media/page.tsx,579,"<button type=""button"" onClick={onClose} className=""text-fg-muted hover:text-fg""><X className=""h-5 w-5"" /></button>",Review live behavior and state/API effect,PARTIAL_CODE_ONLY,apps/frontend/src/app/(dashboard)/media/page.tsx:579,Source-inventoried and route rendered; control not individually mutated during safe audit
INT-00466,/media,click-handler,apps/frontend/src/app/(dashboard)/media/page.tsx,579,"<button type=""button"" onClick={onClose} className=""text-fg-muted hover:text-fg""><X className=""h-5 w-5"" /></button>",Review live behavior and state/API effect,PARTIAL_CODE_ONLY,apps/frontend/src/app/(dashboard)/media/page.tsx:579,Source-inventoried and route rendered; control not individually mutated during safe audit
INT-00467,/media,input,apps/frontend/src/app/(dashboard)/media/page.tsx,581,"<input type=""text"" value={search} onChange={(e) => setSearch(e.target.value)} placeholder=""Dateiname suchen..."" className=""w-full rounded-md border border-border-strong bg-bg px-3 py-2 text-sm focus:outline-none focus:ring-2 focus:ring-bran",Review live behavior and state/API effect,PARTIAL_CODE_ONLY,apps/frontend/src/app/(dashboard)/media/page.tsx:581,Source-inventoried and route rendered; control not individually mutated during safe audit
INT-00468,/media,change-handler,apps/frontend/src/app/(dashboard)/media/page.tsx,581,"<input type=""text"" value={search} onChange={(e) => setSearch(e.target.value)} placeholder=""Dateiname suchen..."" className=""w-full rounded-md border border-border-strong bg-bg px-3 py-2 text-sm focus:outline-none focus:ring-2 focus:ring-bran",Review live behavior and state/API effect,PARTIAL_CODE_ONLY,apps/frontend/src/app/(dashboard)/media/page.tsx:581,Source-inventoried and route rendered; control not individually mutated during safe audit
INT-00469,/media,button,apps/frontend/src/app/(dashboard)/media/page.tsx,585,<button key={f.id} onClick={() => toggle(f.id)},Review live behavior and state/API effect,PARTIAL_CODE_ONLY,apps/frontend/src/app/(dashboard)/media/page.tsx:585,Source-inventoried and route rendered; control not individually mutated during safe audit
INT-00470,/media,click-handler,apps/frontend/src/app/(dashboard)/media/page.tsx,585,<button key={f.id} onClick={() => toggle(f.id)},Review live behavior and state/API effect,PARTIAL_CODE_ONLY,apps/frontend/src/app/(dashboard)/media/page.tsx:585,Source-inventoried and route rendered; control not individually mutated during safe audit
INT-00471,/media,button,apps/frontend/src/app/(dashboard)/media/page.tsx,595,"<button onClick={onClose} className=""flex-1 rounded-md border border-border px-4 py-2 text-sm font-medium text-fg hover:bg-bg transition-colors"">Abbrechen</button>",Review live behavior and state/API effect,PARTIAL_CODE_ONLY,apps/frontend/src/app/(dashboard)/media/page.tsx:595,Source-inventoried and route rendered; control not individually mutated during safe audit
INT-00472,/media,click-handler,apps/frontend/src/app/(dashboard)/media/page.tsx,595,"<button onClick={onClose} className=""flex-1 rounded-md border border-border px-4 py-2 text-sm font-medium text-fg hover:bg-bg transition-colors"">Abbrechen</button>",Review live behavior and state/API effect,PARTIAL_CODE_ONLY,apps/frontend/src/app/(dashboard)/media/page.tsx:595,Source-inventoried and route rendered; control not individually mutated during safe audit
INT-00473,/media,button,apps/frontend/src/app/(dashboard)/media/page.tsx,596,<button onClick={() => addMut.mutate(selectedIds)} disabled={selectedIds.length === 0 || addMut.isPending},Review live behavior and state/API effect,PARTIAL_CODE_ONLY,apps/frontend/src/app/(dashboard)/media/page.tsx:596,Source-inventoried and route rendered; control not individually mutated during safe audit
INT-00474,/media,click-handler,apps/frontend/src/app/(dashboard)/media/page.tsx,596,<button onClick={() => addMut.mutate(selectedIds)} disabled={selectedIds.length === 0 || addMut.isPending},Review live behavior and state/API effect,PARTIAL_CODE_ONLY,apps/frontend/src/app/(dashboard)/media/page.tsx:596,Source-inventoried and route rendered; control not individually mutated during safe audit
INT-00475,/media,button,apps/frontend/src/app/(dashboard)/media/page.tsx,646,<button,Review live behavior and state/API effect,PARTIAL_CODE_ONLY,apps/frontend/src/app/(dashboard)/media/page.tsx:646,Source-inventoried and route rendered; control not individually mutated during safe audit
INT-00476,/media,click-handler,apps/frontend/src/app/(dashboard)/media/page.tsx,647,onClick={onBack},Review live behavior and state/API effect,PARTIAL_CODE_ONLY,apps/frontend/src/app/(dashboard)/media/page.tsx:647,Source-inventoried and route rendered; control not individually mutated during safe audit
INT-00477,/media,button,apps/frontend/src/app/(dashboard)/media/page.tsx,725,<button,Review live behavior and state/API effect,PARTIAL_CODE_ONLY,apps/frontend/src/app/(dashboard)/media/page.tsx:725,Source-inventoried and route rendered; control not individually mutated during safe audit
INT-00478,/media,click-handler,apps/frontend/src/app/(dashboard)/media/page.tsx,726,onClick={(e) => {,Review live behavior and state/API effect,PARTIAL_CODE_ONLY,apps/frontend/src/app/(dashboard)/media/page.tsx:726,Source-inventoried and route rendered; control not individually mutated during safe audit
INT-00479,/media,select,apps/frontend/src/app/(dashboard)/media/page.tsx,923,<select,Review live behavior and state/API effect,PARTIAL_CODE_ONLY,apps/frontend/src/app/(dashboard)/media/page.tsx:923,Source-inventoried and route rendered; control not individually mutated during safe audit
INT-00480,/media,change-handler,apps/frontend/src/app/(dashboard)/media/page.tsx,925,onChange={(e) => setSourceFilter(e.target.value)},Review live behavior and state/API effect,PARTIAL_CODE_ONLY,apps/frontend/src/app/(dashboard)/media/page.tsx:925,Source-inventoried and route rendered; control not individually mutated during safe audit
INT-00481,/media,input,apps/frontend/src/app/(dashboard)/media/page.tsx,940,"<input type=""text"" value={search} onChange={(e) => setSearch(e.target.value)} placeholder=""Dateiname suchen..."" className=""bg-transparent text-sm text-fg outline-none w-36 placeholder:text-fg-subtle"" />",Review live behavior and state/API effect,PARTIAL_CODE_ONLY,apps/frontend/src/app/(dashboard)/media/page.tsx:940,Source-inventoried and route rendered; control not individually mutated during safe audit
INT-00482,/media,change-handler,apps/frontend/src/app/(dashboard)/media/page.tsx,940,"<input type=""text"" value={search} onChange={(e) => setSearch(e.target.value)} placeholder=""Dateiname suchen..."" className=""bg-transparent text-sm text-fg outline-none w-36 placeholder:text-fg-subtle"" />",Review live behavior and state/API effect,PARTIAL_CODE_ONLY,apps/frontend/src/app/(dashboard)/media/page.tsx:940,Source-inventoried and route rendered; control not individually mutated during safe audit
INT-00483,/media,button,apps/frontend/src/app/(dashboard)/media/page.tsx,941,"{search && <button onClick={() => setSearch('')} className=""text-fg-subtle hover:text-fg""><X className=""h-3 w-3"" /></button>}",Review live behavior and state/API effect,PARTIAL_CODE_ONLY,apps/frontend/src/app/(dashboard)/media/page.tsx:941,Source-inventoried and route rendered; control not individually mutated during safe audit
INT-00484,/media,click-handler,apps/frontend/src/app/(dashboard)/media/page.tsx,941,"{search && <button onClick={() => setSearch('')} className=""text-fg-subtle hover:text-fg""><X className=""h-3 w-3"" /></button>}",Review live behavior and state/API effect,PARTIAL_CODE_ONLY,apps/frontend/src/app/(dashboard)/media/page.tsx:941,Source-inventoried and route rendered; control not individually mutated during safe audit
INT-00485,/media,button,apps/frontend/src/app/(dashboard)/media/page.tsx,944,<button,Review live behavior and state/API effect,PARTIAL_CODE_ONLY,apps/frontend/src/app/(dashboard)/media/page.tsx:944,Source-inventoried and route rendered; control not individually mutated during safe audit
INT-00486,/media,click-handler,apps/frontend/src/app/(dashboard)/media/page.tsx,945,onClick={() => setFavoriteFilter((v) => !v)},Review live behavior and state/API effect,PARTIAL_CODE_ONLY,apps/frontend/src/app/(dashboard)/media/page.tsx:945,Source-inventoried and route rendered; control not individually mutated during safe audit
INT-00487,/media,button,apps/frontend/src/app/(dashboard)/media/page.tsx,960,<button,Review live behavior and state/API effect,PARTIAL_CODE_ONLY,apps/frontend/src/app/(dashboard)/media/page.tsx:960,Source-inventoried and route rendered; control not individually mutated during safe audit
INT-00488,/media,click-handler,apps/frontend/src/app/(dashboard)/media/page.tsx,961,onClick={() => { if (selectMode) clearSelection(); else setSelectMode(true); }},Review live behavior and state/API effect,PARTIAL_CODE_ONLY,apps/frontend/src/app/(dashboard)/media/page.tsx:961,Source-inventoried and route rendered; control not individually mutated during safe audit
INT-00489,/media,button,apps/frontend/src/app/(dashboard)/media/page.tsx,977,"<button onClick={() => setAddToAlbumId('__select__')} className=""rounded-md bg-brand-500 px-3 py-1 text-xs font-medium text-bg hover:bg-brand-400 transition-colors"">",Review live behavior and state/API effect,PARTIAL_CODE_ONLY,apps/frontend/src/app/(dashboard)/media/page.tsx:977,Source-inventoried and route rendered; control not individually mutated during safe audit
INT-00490,/media,click-handler,apps/frontend/src/app/(dashboard)/media/page.tsx,977,"<button onClick={() => setAddToAlbumId('__select__')} className=""rounded-md bg-brand-500 px-3 py-1 text-xs font-medium text-bg hover:bg-brand-400 transition-colors"">",Review live behavior and state/API effect,PARTIAL_CODE_ONLY,apps/frontend/src/app/(dashboard)/media/page.tsx:977,Source-inventoried and route rendered; control not individually mutated during safe audit
INT-00491,/media,button,apps/frontend/src/app/(dashboard)/media/page.tsx,980,"<button onClick={clearSelection} className=""text-xs text-fg-muted hover:text-fg transition-colors"">",Review live behavior and state/API effect,PARTIAL_CODE_ONLY,apps/frontend/src/app/(dashboard)/media/page.tsx:980,Source-inventoried and route rendered; control not individually mutated during safe audit
INT-00492,/media,click-handler,apps/frontend/src/app/(dashboard)/media/page.tsx,980,"<button onClick={clearSelection} className=""text-xs text-fg-muted hover:text-fg transition-colors"">",Review live behavior and state/API effect,PARTIAL_CODE_ONLY,apps/frontend/src/app/(dashboard)/media/page.tsx:980,Source-inventoried and route rendered; control not individually mutated during safe audit
INT-00493,/media,click-handler,apps/frontend/src/app/(dashboard)/media/page.tsx,1068,onClick={() => selectMode ? toggleSelect(file.id) : openLightbox(file)},Review live behavior and state/API effect,PARTIAL_CODE_ONLY,apps/frontend/src/app/(dashboard)/media/page.tsx:1068,Source-inventoried and route rendered; control not individually mutated during safe audit
INT-00494,/media,button,apps/frontend/src/app/(dashboard)/media/page.tsx,1108,<button,Review live behavior and state/API effect,PARTIAL_CODE_ONLY,apps/frontend/src/app/(dashboard)/media/page.tsx:1108,Source-inventoried and route rendered; control not individually mutated during safe audit
INT-00495,/media,click-handler,apps/frontend/src/app/(dashboard)/media/page.tsx,1109,onClick={(e) => {,Review live behavior and state/API effect,PARTIAL_CODE_ONLY,apps/frontend/src/app/(dashboard)/media/page.tsx:1109,Source-inventoried and route rendered; control not individually mutated during safe audit
INT-00496,/media,click-handler,apps/frontend/src/app/(dashboard)/media/page.tsx,1203,"<div className=""fixed inset-0 z-50 flex items-center justify-center bg-black/60 p-4"" onClick={onClose}>",Review live behavior and state/API effect,PARTIAL_CODE_ONLY,apps/frontend/src/app/(dashboard)/media/page.tsx:1203,Source-inventoried and route rendered; control not individually mutated during safe audit
INT-00497,/media,click-handler,apps/frontend/src/app/(dashboard)/media/page.tsx,1204,"<div onClick={(e) => e.stopPropagation()} className=""w-full max-w-sm space-y-4 rounded-lg border border-border bg-bg-surface p-6"">",Review live behavior and state/API effect,PARTIAL_CODE_ONLY,apps/frontend/src/app/(dashboard)/media/page.tsx:1204,Source-inventoried and route rendered; control not individually mutated during safe audit
INT-00498,/media,button,apps/frontend/src/app/(dashboard)/media/page.tsx,1207,"<button type=""button"" onClick={onClose} className=""text-fg-muted hover:text-fg""><X className=""h-5 w-5"" /></button>",Review live behavior and state/API effect,PARTIAL_CODE_ONLY,apps/frontend/src/app/(dashboard)/media/page.tsx:1207,Source-inventoried and route rendered; control not individually mutated during safe audit
INT-00499,/media,click-handler,apps/frontend/src/app/(dashboard)/media/page.tsx,1207,"<button type=""button"" onClick={onClose} className=""text-fg-muted hover:text-fg""><X className=""h-5 w-5"" /></button>",Review live behavior and state/API effect,PARTIAL_CODE_ONLY,apps/frontend/src/app/(dashboard)/media/page.tsx:1207,Source-inventoried and route rendered; control not individually mutated during safe audit
INT-00500,/media,button,apps/frontend/src/app/(dashboard)/media/page.tsx,1211,<button key={a.id} onClick={() => { setSelectedAlbumId(a.id); addMut.mutate(a.id); }},Review live behavior and state/API effect,PARTIAL_CODE_ONLY,apps/frontend/src/app/(dashboard)/media/page.tsx:1211,Source-inventoried and route rendered; control not individually mutated during safe audit
INT-00501,/media,click-handler,apps/frontend/src/app/(dashboard)/media/page.tsx,1211,<button key={a.id} onClick={() => { setSelectedAlbumId(a.id); addMut.mutate(a.id); }},Review live behavior and state/API effect,PARTIAL_CODE_ONLY,apps/frontend/src/app/(dashboard)/media/page.tsx:1211,Source-inventoried and route rendered; control not individually mutated during safe audit
INT-00502,/media,click-handler,apps/frontend/src/app/(dashboard)/media/page.tsx,1258,onClick={onClose},Review live behavior and state/API effect,PARTIAL_CODE_ONLY,apps/frontend/src/app/(dashboard)/media/page.tsx:1258,Source-inventoried and route rendered; control not individually mutated during safe audit
INT-00503,/media,button,apps/frontend/src/app/(dashboard)/media/page.tsx,1261,<button,Review live behavior and state/API effect,PARTIAL_CODE_ONLY,apps/frontend/src/app/(dashboard)/media/page.tsx:1261,Source-inventoried and route rendered; control not individually mutated during safe audit
INT-00504,/media,click-handler,apps/frontend/src/app/(dashboard)/media/page.tsx,1262,onClick={onClose},Review live behavior and state/API effect,PARTIAL_CODE_ONLY,apps/frontend/src/app/(dashboard)/media/page.tsx:1262,Source-inventoried and route rendered; control not individually mutated during safe audit
INT-00505,/media,button,apps/frontend/src/app/(dashboard)/media/page.tsx,1270,<button,Review live behavior and state/API effect,PARTIAL_CODE_ONLY,apps/frontend/src/app/(dashboard)/media/page.tsx:1270,Source-inventoried and route rendered; control not individually mutated during safe audit
INT-00506,/media,click-handler,apps/frontend/src/app/(dashboard)/media/page.tsx,1271,onClick={(e) => { e.stopPropagation(); onPrev(); }},Review live behavior and state/API effect,PARTIAL_CODE_ONLY,apps/frontend/src/app/(dashboard)/media/page.tsx:1271,Source-inventoried and route rendered; control not individually mutated during safe audit
INT-00507,/media,button,apps/frontend/src/app/(dashboard)/media/page.tsx,1280,<button,Review live behavior and state/API effect,PARTIAL_CODE_ONLY,apps/frontend/src/app/(dashboard)/media/page.tsx:1280,Source-inventoried and route rendered; control not individually mutated during safe audit
INT-00508,/media,click-handler,apps/frontend/src/app/(dashboard)/media/page.tsx,1281,onClick={(e) => { e.stopPropagation(); onNext(); }},Review live behavior and state/API effect,PARTIAL_CODE_ONLY,apps/frontend/src/app/(dashboard)/media/page.tsx:1281,Source-inventoried and route rendered; control not individually mutated during safe audit
INT-00509,/media,click-handler,apps/frontend/src/app/(dashboard)/media/page.tsx,1291,onClick={(e) => e.stopPropagation()},Review live behavior and state/API effect,PARTIAL_CODE_ONLY,apps/frontend/src/app/(dashboard)/media/page.tsx:1291,Source-inventoried and route rendered; control not individually mutated during safe audit
INT-00510,/media,button,apps/frontend/src/app/(dashboard)/media/page.tsx,1336,<button,Review live behavior and state/API effect,PARTIAL_CODE_ONLY,apps/frontend/src/app/(dashboard)/media/page.tsx:1336,Source-inventoried and route rendered; control not individually mutated during safe audit
INT-00511,/media,click-handler,apps/frontend/src/app/(dashboard)/media/page.tsx,1337,onClick={(e) => { e.stopPropagation(); onFavoriteToggle(); }},Review live behavior and state/API effect,PARTIAL_CODE_ONLY,apps/frontend/src/app/(dashboard)/media/page.tsx:1337,Source-inventoried and route rendered; control not individually mutated during safe audit
INT-00512,/media,click-handler,apps/frontend/src/app/(dashboard)/media/page.tsx,1472,onClick={onClose},Review live behavior and state/API effect,PARTIAL_CODE_ONLY,apps/frontend/src/app/(dashboard)/media/page.tsx:1472,Source-inventoried and route rendered; control not individually mutated during safe audit
INT-00513,/media,form,apps/frontend/src/app/(dashboard)/media/page.tsx,1474,<form,Review live behavior and state/API effect,PARTIAL_CODE_ONLY,apps/frontend/src/app/(dashboard)/media/page.tsx:1474,Source-inventoried and route rendered; control not individually mutated during safe audit
INT-00514,/media,click-handler,apps/frontend/src/app/(dashboard)/media/page.tsx,1475,onClick={(e) => e.stopPropagation()},Review live behavior and state/API effect,PARTIAL_CODE_ONLY,apps/frontend/src/app/(dashboard)/media/page.tsx:1475,Source-inventoried and route rendered; control not individually mutated during safe audit
INT-00515,/media,submit-handler,apps/frontend/src/app/(dashboard)/media/page.tsx,1476,onSubmit={handleSubmit},Review live behavior and state/API effect,PARTIAL_CODE_ONLY,apps/frontend/src/app/(dashboard)/media/page.tsx:1476,Source-inventoried and route rendered; control not individually mutated during safe audit
INT-00516,/media,button,apps/frontend/src/app/(dashboard)/media/page.tsx,1481,"<button type=""button"" onClick={onClose} className=""text-fg-muted hover:text-fg"">",Review live behavior and state/API effect,PARTIAL_CODE_ONLY,apps/frontend/src/app/(dashboard)/media/page.tsx:1481,Source-inventoried and route rendered; control not individually mutated during safe audit
INT-00517,/media,click-handler,apps/frontend/src/app/(dashboard)/media/page.tsx,1481,"<button type=""button"" onClick={onClose} className=""text-fg-muted hover:text-fg"">",Review live behavior and state/API effect,PARTIAL_CODE_ONLY,apps/frontend/src/app/(dashboard)/media/page.tsx:1481,Source-inventoried and route rendered; control not individually mutated during safe audit
INT-00518,/media,input,apps/frontend/src/app/(dashboard)/media/page.tsx,1488,<input,Review live behavior and state/API effect,PARTIAL_CODE_ONLY,apps/frontend/src/app/(dashboard)/media/page.tsx:1488,Source-inventoried and route rendered; control not individually mutated during safe audit
INT-00519,/media,change-handler,apps/frontend/src/app/(dashboard)/media/page.tsx,1491,onChange={(e) => setName(e.target.value)},Review live behavior and state/API effect,PARTIAL_CODE_ONLY,apps/frontend/src/app/(dashboard)/media/page.tsx:1491,Source-inventoried and route rendered; control not individually mutated during safe audit
INT-00520,/media,select,apps/frontend/src/app/(dashboard)/media/page.tsx,1500,<select,Review live behavior and state/API effect,PARTIAL_CODE_ONLY,apps/frontend/src/app/(dashboard)/media/page.tsx:1500,Source-inventoried and route rendered; control not individually mutated during safe audit
INT-00521,/media,change-handler,apps/frontend/src/app/(dashboard)/media/page.tsx,1502,onChange={(e) => setType(e.target.value as MediaSource['type'])},Review live behavior and state/API effect,PARTIAL_CODE_ONLY,apps/frontend/src/app/(dashboard)/media/page.tsx:1502,Source-inventoried and route rendered; control not individually mutated during safe audit
INT-00522,/media,input,apps/frontend/src/app/(dashboard)/media/page.tsx,1514,<input,Review live behavior and state/API effect,PARTIAL_CODE_ONLY,apps/frontend/src/app/(dashboard)/media/page.tsx:1514,Source-inventoried and route rendered; control not individually mutated during safe audit
INT-00523,/media,change-handler,apps/frontend/src/app/(dashboard)/media/page.tsx,1517,onChange={(e) => setPath(e.target.value)},Review live behavior and state/API effect,PARTIAL_CODE_ONLY,apps/frontend/src/app/(dashboard)/media/page.tsx:1517,Source-inventoried and route rendered; control not individually mutated during safe audit
INT-00524,/media,button,apps/frontend/src/app/(dashboard)/media/page.tsx,1522,<button,Review live behavior and state/API effect,PARTIAL_CODE_ONLY,apps/frontend/src/app/(dashboard)/media/page.tsx:1522,Source-inventoried and route rendered; control not individually mutated during safe audit
INT-00525,/media,click-handler,apps/frontend/src/app/(dashboard)/media/page.tsx,1524,onClick={async () => {,Review live behavior and state/API effect,PARTIAL_CODE_ONLY,apps/frontend/src/app/(dashboard)/media/page.tsx:1524,Source-inventoried and route rendered; control not individually mutated during safe audit
INT-00526,/media,input,apps/frontend/src/app/(dashboard)/media/page.tsx,1543,<input,Review live behavior and state/API effect,PARTIAL_CODE_ONLY,apps/frontend/src/app/(dashboard)/media/page.tsx:1543,Source-inventoried and route rendered; control not individually mutated during safe audit
INT-00527,/media,change-handler,apps/frontend/src/app/(dashboard)/media/page.tsx,1549,onChange={(e) => {,Review live behavior and state/API effect,PARTIAL_CODE_ONLY,apps/frontend/src/app/(dashboard)/media/page.tsx:1549,Source-inventoried and route rendered; control not individually mutated during safe audit
INT-00528,/media,button,apps/frontend/src/app/(dashboard)/media/page.tsx,1572,<button,Review live behavior and state/API effect,PARTIAL_CODE_ONLY,apps/frontend/src/app/(dashboard)/media/page.tsx:1572,Source-inventoried and route rendered; control not individually mutated during safe audit
INT-00529,/media,click-handler,apps/frontend/src/app/(dashboard)/media/page.tsx,1574,onClick={onClose},Review live behavior and state/API effect,PARTIAL_CODE_ONLY,apps/frontend/src/app/(dashboard)/media/page.tsx:1574,Source-inventoried and route rendered; control not individually mutated during safe audit
INT-00530,/media,button,apps/frontend/src/app/(dashboard)/media/page.tsx,1579,<button,Review live behavior and state/API effect,PARTIAL_CODE_ONLY,apps/frontend/src/app/(dashboard)/media/page.tsx:1579,Source-inventoried and route rendered; control not individually mutated during safe audit
INT-00531,/media,click-handler,apps/frontend/src/app/(dashboard)/media/page.tsx,1629,onClick={onClose},Review live behavior and state/API effect,PARTIAL_CODE_ONLY,apps/frontend/src/app/(dashboard)/media/page.tsx:1629,Source-inventoried and route rendered; control not individually mutated during safe audit
INT-00532,/media,form,apps/frontend/src/app/(dashboard)/media/page.tsx,1631,<form,Review live behavior and state/API effect,PARTIAL_CODE_ONLY,apps/frontend/src/app/(dashboard)/media/page.tsx:1631,Source-inventoried and route rendered; control not individually mutated during safe audit
INT-00533,/media,click-handler,apps/frontend/src/app/(dashboard)/media/page.tsx,1632,onClick={(e) => e.stopPropagation()},Review live behavior and state/API effect,PARTIAL_CODE_ONLY,apps/frontend/src/app/(dashboard)/media/page.tsx:1632,Source-inventoried and route rendered; control not individually mutated during safe audit
INT-00534,/media,submit-handler,apps/frontend/src/app/(dashboard)/media/page.tsx,1633,onSubmit={handleSubmit},Review live behavior and state/API effect,PARTIAL_CODE_ONLY,apps/frontend/src/app/(dashboard)/media/page.tsx:1633,Source-inventoried and route rendered; control not individually mutated during safe audit
INT-00535,/media,button,apps/frontend/src/app/(dashboard)/media/page.tsx,1638,"<button type=""button"" onClick={onClose} className=""text-fg-muted hover:text-fg"">",Review live behavior and state/API effect,PARTIAL_CODE_ONLY,apps/frontend/src/app/(dashboard)/media/page.tsx:1638,Source-inventoried and route rendered; control not individually mutated during safe audit
INT-00536,/media,click-handler,apps/frontend/src/app/(dashboard)/media/page.tsx,1638,"<button type=""button"" onClick={onClose} className=""text-fg-muted hover:text-fg"">",Review live behavior and state/API effect,PARTIAL_CODE_ONLY,apps/frontend/src/app/(dashboard)/media/page.tsx:1638,Source-inventoried and route rendered; control not individually mutated during safe audit
INT-00537,/media,input,apps/frontend/src/app/(dashboard)/media/page.tsx,1645,<input,Review live behavior and state/API effect,PARTIAL_CODE_ONLY,apps/frontend/src/app/(dashboard)/media/page.tsx:1645,Source-inventoried and route rendered; control not individually mutated during safe audit
INT-00538,/media,change-handler,apps/frontend/src/app/(dashboard)/media/page.tsx,1648,onChange={(e) => setName(e.target.value)},Review live behavior and state/API effect,PARTIAL_CODE_ONLY,apps/frontend/src/app/(dashboard)/media/page.tsx:1648,Source-inventoried and route rendered; control not individually mutated during safe audit
INT-00539,/media,textarea,apps/frontend/src/app/(dashboard)/media/page.tsx,1657,<textarea,Review live behavior and state/API effect,PARTIAL_CODE_ONLY,apps/frontend/src/app/(dashboard)/media/page.tsx:1657,Source-inventoried and route rendered; control not individually mutated during safe audit
INT-00540,/media,change-handler,apps/frontend/src/app/(dashboard)/media/page.tsx,1659,onChange={(e) => setDescription(e.target.value)},Review live behavior and state/API effect,PARTIAL_CODE_ONLY,apps/frontend/src/app/(dashboard)/media/page.tsx:1659,Source-inventoried and route rendered; control not individually mutated during safe audit
INT-00541,/media,select,apps/frontend/src/app/(dashboard)/media/page.tsx,1668,<select,Review live behavior and state/API effect,PARTIAL_CODE_ONLY,apps/frontend/src/app/(dashboard)/media/page.tsx:1668,Source-inventoried and route rendered; control not individually mutated during safe audit
INT-00542,/media,change-handler,apps/frontend/src/app/(dashboard)/media/page.tsx,1670,onChange={(e) => setType(e.target.value as MediaAlbum['type'])},Review live behavior and state/API effect,PARTIAL_CODE_ONLY,apps/frontend/src/app/(dashboard)/media/page.tsx:1670,Source-inventoried and route rendered; control not individually mutated during safe audit
INT-00543,/media,button,apps/frontend/src/app/(dashboard)/media/page.tsx,1684,<button,Review live behavior and state/API effect,PARTIAL_CODE_ONLY,apps/frontend/src/app/(dashboard)/media/page.tsx:1684,Source-inventoried and route rendered; control not individually mutated during safe audit
INT-00544,/media,click-handler,apps/frontend/src/app/(dashboard)/media/page.tsx,1686,onClick={onClose},Review live behavior and state/API effect,PARTIAL_CODE_ONLY,apps/frontend/src/app/(dashboard)/media/page.tsx:1686,Source-inventoried and route rendered; control not individually mutated during safe audit
INT-00545,/media,button,apps/frontend/src/app/(dashboard)/media/page.tsx,1691,<button,Review live behavior and state/API effect,PARTIAL_CODE_ONLY,apps/frontend/src/app/(dashboard)/media/page.tsx:1691,Source-inventoried and route rendered; control not individually mutated during safe audit
INT-00546,/pages/[slug],link,apps/frontend/src/app/(dashboard)/pages/[slug]/page.tsx,66,<Link,Review live behavior and state/API effect,PARTIAL_LIVE_KEY_FLOW,apps/frontend/src/app/(dashboard)/pages/[slug]/page.tsx:66,"Source-inventoried; key Pages/Browser paths tested live, repeated instance not individually mutated"
INT-00547,(shared/component),button,apps/frontend/src/app/(dashboard)/pages/components/BlockHandle.tsx,77,<button,Review live behavior and state/API effect,PARTIAL_LIVE_KEY_FLOW,apps/frontend/src/app/(dashboard)/pages/components/BlockHandle.tsx:77,"Source-inventoried; key Pages/Browser paths tested live, repeated instance not individually mutated"
INT-00548,(shared/component),click-handler,apps/frontend/src/app/(dashboard)/pages/components/BlockHandle.tsx,78,onClick={() => setShowMenu(!showMenu)},Review live behavior and state/API effect,PARTIAL_LIVE_KEY_FLOW,apps/frontend/src/app/(dashboard)/pages/components/BlockHandle.tsx:78,"Source-inventoried; key Pages/Browser paths tested live, repeated instance not individually mutated"
INT-00549,(shared/component),input,apps/frontend/src/app/(dashboard)/pages/components/BlockHandle.tsx,89,<input,Review live behavior and state/API effect,PARTIAL_LIVE_KEY_FLOW,apps/frontend/src/app/(dashboard)/pages/components/BlockHandle.tsx:89,"Source-inventoried; key Pages/Browser paths tested live, repeated instance not individually mutated"
INT-00550,(shared/component),button,apps/frontend/src/app/(dashboard)/pages/components/BlockHandle.tsx,102,<button,Review live behavior and state/API effect,PARTIAL_LIVE_KEY_FLOW,apps/frontend/src/app/(dashboard)/pages/components/BlockHandle.tsx:102,"Source-inventoried; key Pages/Browser paths tested live, repeated instance not individually mutated"
INT-00551,(shared/component),click-handler,apps/frontend/src/app/(dashboard)/pages/components/BlockHandle.tsx,103,onClick={() => { onMoveUp(); setShowMenu(false); }},Review live behavior and state/API effect,PARTIAL_LIVE_KEY_FLOW,apps/frontend/src/app/(dashboard)/pages/components/BlockHandle.tsx:103,"Source-inventoried; key Pages/Browser paths tested live, repeated instance not individually mutated"
INT-00552,(shared/component),button,apps/frontend/src/app/(dashboard)/pages/components/BlockHandle.tsx,110,<button,Review live behavior and state/API effect,PARTIAL_LIVE_KEY_FLOW,apps/frontend/src/app/(dashboard)/pages/components/BlockHandle.tsx:110,"Source-inventoried; key Pages/Browser paths tested live, repeated instance not individually mutated"
INT-00553,(shared/component),click-handler,apps/frontend/src/app/(dashboard)/pages/components/BlockHandle.tsx,111,onClick={() => { onMoveDown(); setShowMenu(false); }},Review live behavior and state/API effect,PARTIAL_LIVE_KEY_FLOW,apps/frontend/src/app/(dashboard)/pages/components/BlockHandle.tsx:111,"Source-inventoried; key Pages/Browser paths tested live, repeated instance not individually mutated"
INT-00554,(shared/component),button,apps/frontend/src/app/(dashboard)/pages/components/BlockHandle.tsx,129,<button,Review live behavior and state/API effect,PARTIAL_LIVE_KEY_FLOW,apps/frontend/src/app/(dashboard)/pages/components/BlockHandle.tsx:129,"Source-inventoried; key Pages/Browser paths tested live, repeated instance not individually mutated"
INT-00555,(shared/component),click-handler,apps/frontend/src/app/(dashboard)/pages/components/BlockHandle.tsx,131,onClick={() => {,Review live behavior and state/API effect,PARTIAL_LIVE_KEY_FLOW,apps/frontend/src/app/(dashboard)/pages/components/BlockHandle.tsx:131,"Source-inventoried; key Pages/Browser paths tested live, repeated instance not individually mutated"
INT-00556,(shared/component),button,apps/frontend/src/app/(dashboard)/pages/components/BlockHandle.tsx,151,<button,Review live behavior and state/API effect,PARTIAL_LIVE_KEY_FLOW,apps/frontend/src/app/(dashboard)/pages/components/BlockHandle.tsx:151,"Source-inventoried; key Pages/Browser paths tested live, repeated instance not individually mutated"
INT-00557,(shared/component),click-handler,apps/frontend/src/app/(dashboard)/pages/components/BlockHandle.tsx,152,onClick={() => { onDuplicate(); setShowMenu(false); }},Review live behavior and state/API effect,PARTIAL_LIVE_KEY_FLOW,apps/frontend/src/app/(dashboard)/pages/components/BlockHandle.tsx:152,"Source-inventoried; key Pages/Browser paths tested live, repeated instance not individually mutated"
INT-00558,(shared/component),button,apps/frontend/src/app/(dashboard)/pages/components/BlockHandle.tsx,158,<button,Review live behavior and state/API effect,PARTIAL_LIVE_KEY_FLOW,apps/frontend/src/app/(dashboard)/pages/components/BlockHandle.tsx:158,"Source-inventoried; key Pages/Browser paths tested live, repeated instance not individually mutated"
INT-00559,(shared/component),click-handler,apps/frontend/src/app/(dashboard)/pages/components/BlockHandle.tsx,159,onClick={() => { onShowHistory(); setShowMenu(false); }},Review live behavior and state/API effect,PARTIAL_LIVE_KEY_FLOW,apps/frontend/src/app/(dashboard)/pages/components/BlockHandle.tsx:159,"Source-inventoried; key Pages/Browser paths tested live, repeated instance not individually mutated"
INT-00560,(shared/component),button,apps/frontend/src/app/(dashboard)/pages/components/BlockHandle.tsx,165,<button,Review live behavior and state/API effect,PARTIAL_LIVE_KEY_FLOW,apps/frontend/src/app/(dashboard)/pages/components/BlockHandle.tsx:165,"Source-inventoried; key Pages/Browser paths tested live, repeated instance not individually mutated"
INT-00561,(shared/component),click-handler,apps/frontend/src/app/(dashboard)/pages/components/BlockHandle.tsx,166,onClick={() => { onDelete(); setShowMenu(false); }},Review live behavior and state/API effect,PARTIAL_LIVE_KEY_FLOW,apps/frontend/src/app/(dashboard)/pages/components/BlockHandle.tsx:166,"Source-inventoried; key Pages/Browser paths tested live, repeated instance not individually mutated"
INT-00562,(shared/component),button,apps/frontend/src/app/(dashboard)/pages/components/BlockHandle.tsx,177,<button,Review live behavior and state/API effect,PARTIAL_LIVE_KEY_FLOW,apps/frontend/src/app/(dashboard)/pages/components/BlockHandle.tsx:177,"Source-inventoried; key Pages/Browser paths tested live, repeated instance not individually mutated"
INT-00563,(shared/component),input,apps/frontend/src/app/(dashboard)/pages/components/blocks/BookmarkBlock.tsx,65,<input,Review live behavior and state/API effect,PARTIAL_LIVE_KEY_FLOW,apps/frontend/src/app/(dashboard)/pages/components/blocks/BookmarkBlock.tsx:65,"Source-inventoried; key Pages/Browser paths tested live, repeated instance not individually mutated"
INT-00564,(shared/component),change-handler,apps/frontend/src/app/(dashboard)/pages/components/blocks/BookmarkBlock.tsx,68,onChange={(e) => setEditUrl(e.target.value)},Review live behavior and state/API effect,PARTIAL_LIVE_KEY_FLOW,apps/frontend/src/app/(dashboard)/pages/components/blocks/BookmarkBlock.tsx:68,"Source-inventoried; key Pages/Browser paths tested live, repeated instance not individually mutated"
INT-00565,(shared/component),keyboard-handler,apps/frontend/src/app/(dashboard)/pages/components/blocks/BookmarkBlock.tsx,69,onKeyDown={(e) => e.key === 'Enter' && handleUrlSubmit()},Review live behavior and state/API effect,PARTIAL_LIVE_KEY_FLOW,apps/frontend/src/app/(dashboard)/pages/components/blocks/BookmarkBlock.tsx:69,"Source-inventoried; key Pages/Browser paths tested live, repeated instance not individually mutated"
INT-00566,(shared/component),button,apps/frontend/src/app/(dashboard)/pages/components/blocks/BookmarkBlock.tsx,73,<button,Review live behavior and state/API effect,PARTIAL_LIVE_KEY_FLOW,apps/frontend/src/app/(dashboard)/pages/components/blocks/BookmarkBlock.tsx:73,"Source-inventoried; key Pages/Browser paths tested live, repeated instance not individually mutated"
INT-00567,(shared/component),click-handler,apps/frontend/src/app/(dashboard)/pages/components/blocks/BookmarkBlock.tsx,74,onClick={handleUrlSubmit},Review live behavior and state/API effect,PARTIAL_LIVE_KEY_FLOW,apps/frontend/src/app/(dashboard)/pages/components/blocks/BookmarkBlock.tsx:74,"Source-inventoried; key Pages/Browser paths tested live, repeated instance not individually mutated"
INT-00568,(shared/component),button,apps/frontend/src/app/(dashboard)/pages/components/blocks/BookmarkBlock.tsx,80,<button,Review live behavior and state/API effect,PARTIAL_LIVE_KEY_FLOW,apps/frontend/src/app/(dashboard)/pages/components/blocks/BookmarkBlock.tsx:80,"Source-inventoried; key Pages/Browser paths tested live, repeated instance not individually mutated"
INT-00569,(shared/component),click-handler,apps/frontend/src/app/(dashboard)/pages/components/blocks/BookmarkBlock.tsx,81,onClick={() => setIsEditingUrl(false)},Review live behavior and state/API effect,PARTIAL_LIVE_KEY_FLOW,apps/frontend/src/app/(dashboard)/pages/components/blocks/BookmarkBlock.tsx:81,"Source-inventoried; key Pages/Browser paths tested live, repeated instance not individually mutated"
INT-00570,(shared/component),button,apps/frontend/src/app/(dashboard)/pages/components/blocks/BookmarkBlock.tsx,130,<button,Review live behavior and state/API effect,PARTIAL_LIVE_KEY_FLOW,apps/frontend/src/app/(dashboard)/pages/components/blocks/BookmarkBlock.tsx:130,"Source-inventoried; key Pages/Browser paths tested live, repeated instance not individually mutated"
INT-00571,(shared/component),click-handler,apps/frontend/src/app/(dashboard)/pages/components/blocks/BookmarkBlock.tsx,131,onClick={() => setIsEditingUrl(true)},Review live behavior and state/API effect,PARTIAL_LIVE_KEY_FLOW,apps/frontend/src/app/(dashboard)/pages/components/blocks/BookmarkBlock.tsx:131,"Source-inventoried; key Pages/Browser paths tested live, repeated instance not individually mutated"
INT-00572,(shared/component),link,apps/frontend/src/app/(dashboard)/pages/components/blocks/BookmarkBlock.tsx,137,<a,Review live behavior and state/API effect,PARTIAL_LIVE_KEY_FLOW,apps/frontend/src/app/(dashboard)/pages/components/blocks/BookmarkBlock.tsx:137,"Source-inventoried; key Pages/Browser paths tested live, repeated instance not individually mutated"
INT-00573,(shared/component),click-handler,apps/frontend/src/app/(dashboard)/pages/components/blocks/BrowserBlock.tsx,284,"onClick={() => viewportRef.current?.sendInput({ type: 'activate-tab', tabId: tab.id })}",Review live behavior and state/API effect,PARTIAL_LIVE_KEY_FLOW,apps/frontend/src/app/(dashboard)/pages/components/blocks/BrowserBlock.tsx:284,"Source-inventoried; key Pages/Browser paths tested live, repeated instance not individually mutated"
INT-00574,(shared/component),button,apps/frontend/src/app/(dashboard)/pages/components/blocks/BrowserBlock.tsx,291,<button,Review live behavior and state/API effect,PARTIAL_LIVE_KEY_FLOW,apps/frontend/src/app/(dashboard)/pages/components/blocks/BrowserBlock.tsx:291,"Source-inventoried; key Pages/Browser paths tested live, repeated instance not individually mutated"
INT-00575,(shared/component),click-handler,apps/frontend/src/app/(dashboard)/pages/components/blocks/BrowserBlock.tsx,292,onClick={(event) => {,Review live behavior and state/API effect,PARTIAL_LIVE_KEY_FLOW,apps/frontend/src/app/(dashboard)/pages/components/blocks/BrowserBlock.tsx:292,"Source-inventoried; key Pages/Browser paths tested live, repeated instance not individually mutated"
INT-00576,(shared/component),button,apps/frontend/src/app/(dashboard)/pages/components/blocks/BrowserBlock.tsx,303,<button,Review live behavior and state/API effect,PARTIAL_LIVE_KEY_FLOW,apps/frontend/src/app/(dashboard)/pages/components/blocks/BrowserBlock.tsx:303,"Source-inventoried; key Pages/Browser paths tested live, repeated instance not individually mutated"
INT-00577,(shared/component),click-handler,apps/frontend/src/app/(dashboard)/pages/components/blocks/BrowserBlock.tsx,304,onClick={() => viewportRef.current?.sendInput({ type: 'new-tab' })},Review live behavior and state/API effect,PARTIAL_LIVE_KEY_FLOW,apps/frontend/src/app/(dashboard)/pages/components/blocks/BrowserBlock.tsx:304,"Source-inventoried; key Pages/Browser paths tested live, repeated instance not individually mutated"
INT-00578,(shared/component),button,apps/frontend/src/app/(dashboard)/pages/components/blocks/BrowserBlock.tsx,313,"<button onClick={() => viewportRef.current?.sendInput({ type: 'back' })} className=""p-1 text-fg-muted hover:text-fg"" title=""Zurück"">",Review live behavior and state/API effect,PARTIAL_LIVE_KEY_FLOW,apps/frontend/src/app/(dashboard)/pages/components/blocks/BrowserBlock.tsx:313,"Source-inventoried; key Pages/Browser paths tested live, repeated instance not individually mutated"
INT-00579,(shared/component),click-handler,apps/frontend/src/app/(dashboard)/pages/components/blocks/BrowserBlock.tsx,313,"<button onClick={() => viewportRef.current?.sendInput({ type: 'back' })} className=""p-1 text-fg-muted hover:text-fg"" title=""Zurück"">",Review live behavior and state/API effect,PARTIAL_LIVE_KEY_FLOW,apps/frontend/src/app/(dashboard)/pages/components/blocks/BrowserBlock.tsx:313,"Source-inventoried; key Pages/Browser paths tested live, repeated instance not individually mutated"
INT-00580,(shared/component),button,apps/frontend/src/app/(dashboard)/pages/components/blocks/BrowserBlock.tsx,316,"<button onClick={() => viewportRef.current?.sendInput({ type: 'forward' })} className=""p-1 text-fg-muted hover:text-fg"" title=""Vorwärts"">",Review live behavior and state/API effect,PARTIAL_LIVE_KEY_FLOW,apps/frontend/src/app/(dashboard)/pages/components/blocks/BrowserBlock.tsx:316,"Source-inventoried; key Pages/Browser paths tested live, repeated instance not individually mutated"
INT-00581,(shared/component),click-handler,apps/frontend/src/app/(dashboard)/pages/components/blocks/BrowserBlock.tsx,316,"<button onClick={() => viewportRef.current?.sendInput({ type: 'forward' })} className=""p-1 text-fg-muted hover:text-fg"" title=""Vorwärts"">",Review live behavior and state/API effect,PARTIAL_LIVE_KEY_FLOW,apps/frontend/src/app/(dashboard)/pages/components/blocks/BrowserBlock.tsx:316,"Source-inventoried; key Pages/Browser paths tested live, repeated instance not individually mutated"
INT-00582,(shared/component),button,apps/frontend/src/app/(dashboard)/pages/components/blocks/BrowserBlock.tsx,319,"<button onClick={() => viewportRef.current?.sendInput({ type: 'reload' })} className=""p-1 text-fg-muted hover:text-fg"" title=""Aktualisieren"">",Review live behavior and state/API effect,PARTIAL_LIVE_KEY_FLOW,apps/frontend/src/app/(dashboard)/pages/components/blocks/BrowserBlock.tsx:319,"Source-inventoried; key Pages/Browser paths tested live, repeated instance not individually mutated"
INT-00583,(shared/component),click-handler,apps/frontend/src/app/(dashboard)/pages/components/blocks/BrowserBlock.tsx,319,"<button onClick={() => viewportRef.current?.sendInput({ type: 'reload' })} className=""p-1 text-fg-muted hover:text-fg"" title=""Aktualisieren"">",Review live behavior and state/API effect,PARTIAL_LIVE_KEY_FLOW,apps/frontend/src/app/(dashboard)/pages/components/blocks/BrowserBlock.tsx:319,"Source-inventoried; key Pages/Browser paths tested live, repeated instance not individually mutated"
INT-00584,(shared/component),button,apps/frontend/src/app/(dashboard)/pages/components/blocks/BrowserBlock.tsx,323,"<button onClick={() => setShowBookmarks((visible) => !visible)} disabled={!sessionId} className=""p-1 text-fg-muted hover:text-fg disabled:opacity-30"" title=""Lesezeichen"">",Review live behavior and state/API effect,PARTIAL_LIVE_KEY_FLOW,apps/frontend/src/app/(dashboard)/pages/components/blocks/BrowserBlock.tsx:323,"Source-inventoried; key Pages/Browser paths tested live, repeated instance not individually mutated"
INT-00585,(shared/component),click-handler,apps/frontend/src/app/(dashboard)/pages/components/blocks/BrowserBlock.tsx,323,"<button onClick={() => setShowBookmarks((visible) => !visible)} disabled={!sessionId} className=""p-1 text-fg-muted hover:text-fg disabled:opacity-30"" title=""Lesezeichen"">",Review live behavior and state/API effect,PARTIAL_LIVE_KEY_FLOW,apps/frontend/src/app/(dashboard)/pages/components/blocks/BrowserBlock.tsx:323,"Source-inventoried; key Pages/Browser paths tested live, repeated instance not individually mutated"
INT-00586,(shared/component),button,apps/frontend/src/app/(dashboard)/pages/components/blocks/BrowserBlock.tsx,333,"<button onClick={() => { setShowBookmarks(false); navigate(bookmark.url); }} className=""flex min-w-0 flex-1 items-center gap-2 rounded-md px-2 py-1.5 text-left text-sm hover:bg-bg-surface"">",Review live behavior and state/API effect,PARTIAL_LIVE_KEY_FLOW,apps/frontend/src/app/(dashboard)/pages/components/blocks/BrowserBlock.tsx:333,"Source-inventoried; key Pages/Browser paths tested live, repeated instance not individually mutated"
INT-00587,(shared/component),click-handler,apps/frontend/src/app/(dashboard)/pages/components/blocks/BrowserBlock.tsx,333,"<button onClick={() => { setShowBookmarks(false); navigate(bookmark.url); }} className=""flex min-w-0 flex-1 items-center gap-2 rounded-md px-2 py-1.5 text-left text-sm hover:bg-bg-surface"">",Review live behavior and state/API effect,PARTIAL_LIVE_KEY_FLOW,apps/frontend/src/app/(dashboard)/pages/components/blocks/BrowserBlock.tsx:333,"Source-inventoried; key Pages/Browser paths tested live, repeated instance not individually mutated"
INT-00588,(shared/component),button,apps/frontend/src/app/(dashboard)/pages/components/blocks/BrowserBlock.tsx,337,"<button onClick={() => closeBookmark(bookmark.id)} className=""shrink-0 rounded p-1 text-fg-subtle opacity-0 transition-opacity hover:text-red-500 group-hover:opacity-100"" title=""Entfernen"">",Review live behavior and state/API effect,PARTIAL_LIVE_KEY_FLOW,apps/frontend/src/app/(dashboard)/pages/components/blocks/BrowserBlock.tsx:337,"Source-inventoried; key Pages/Browser paths tested live, repeated instance not individually mutated"
INT-00589,(shared/component),click-handler,apps/frontend/src/app/(dashboard)/pages/components/blocks/BrowserBlock.tsx,337,"<button onClick={() => closeBookmark(bookmark.id)} className=""shrink-0 rounded p-1 text-fg-subtle opacity-0 transition-opacity hover:text-red-500 group-hover:opacity-100"" title=""Entfernen"">",Review live behavior and state/API effect,PARTIAL_LIVE_KEY_FLOW,apps/frontend/src/app/(dashboard)/pages/components/blocks/BrowserBlock.tsx:337,"Source-inventoried; key Pages/Browser paths tested live, repeated instance not individually mutated"
INT-00590,(shared/component),button,apps/frontend/src/app/(dashboard)/pages/components/blocks/BrowserBlock.tsx,347,"<button onClick={() => setShowDownloads((visible) => !visible)} disabled={!sessionId} className=""flex items-center gap-0.5 p-1 text-fg-muted hover:text-fg disabled:opacity-30"" title=""Downloads"">",Review live behavior and state/API effect,PARTIAL_LIVE_KEY_FLOW,apps/frontend/src/app/(dashboard)/pages/components/blocks/BrowserBlock.tsx:347,"Source-inventoried; key Pages/Browser paths tested live, repeated instance not individually mutated"
INT-00591,(shared/component),click-handler,apps/frontend/src/app/(dashboard)/pages/components/blocks/BrowserBlock.tsx,347,"<button onClick={() => setShowDownloads((visible) => !visible)} disabled={!sessionId} className=""flex items-center gap-0.5 p-1 text-fg-muted hover:text-fg disabled:opacity-30"" title=""Downloads"">",Review live behavior and state/API effect,PARTIAL_LIVE_KEY_FLOW,apps/frontend/src/app/(dashboard)/pages/components/blocks/BrowserBlock.tsx:347,"Source-inventoried; key Pages/Browser paths tested live, repeated instance not individually mutated"
INT-00592,(shared/component),button,apps/frontend/src/app/(dashboard)/pages/components/blocks/BrowserBlock.tsx,357,<button,Review live behavior and state/API effect,PARTIAL_LIVE_KEY_FLOW,apps/frontend/src/app/(dashboard)/pages/components/blocks/BrowserBlock.tsx:357,"Source-inventoried; key Pages/Browser paths tested live, repeated instance not individually mutated"
INT-00593,(shared/component),click-handler,apps/frontend/src/app/(dashboard)/pages/components/blocks/BrowserBlock.tsx,360,onClick={() => api.download(`/browser/sessions/${sessionId}/downloads/${encodeURIComponent(download.filename)}`)},Review live behavior and state/API effect,PARTIAL_LIVE_KEY_FLOW,apps/frontend/src/app/(dashboard)/pages/components/blocks/BrowserBlock.tsx:360,"Source-inventoried; key Pages/Browser paths tested live, repeated instance not individually mutated"
INT-00594,(shared/component),input,apps/frontend/src/app/(dashboard)/pages/components/blocks/BrowserBlock.tsx,371,<input,Review live behavior and state/API effect,PARTIAL_LIVE_KEY_FLOW,apps/frontend/src/app/(dashboard)/pages/components/blocks/BrowserBlock.tsx:371,"Source-inventoried; key Pages/Browser paths tested live, repeated instance not individually mutated"
INT-00595,(shared/component),change-handler,apps/frontend/src/app/(dashboard)/pages/components/blocks/BrowserBlock.tsx,374,onChange={(event) => setUrlInput(event.target.value)},Review live behavior and state/API effect,PARTIAL_LIVE_KEY_FLOW,apps/frontend/src/app/(dashboard)/pages/components/blocks/BrowserBlock.tsx:374,"Source-inventoried; key Pages/Browser paths tested live, repeated instance not individually mutated"
INT-00596,(shared/component),keyboard-handler,apps/frontend/src/app/(dashboard)/pages/components/blocks/BrowserBlock.tsx,375,onKeyDown={(event) => { if (event.key === 'Enter') navigate(urlInput); }},Review live behavior and state/API effect,PARTIAL_LIVE_KEY_FLOW,apps/frontend/src/app/(dashboard)/pages/components/blocks/BrowserBlock.tsx:375,"Source-inventoried; key Pages/Browser paths tested live, repeated instance not individually mutated"
INT-00597,(shared/component),button,apps/frontend/src/app/(dashboard)/pages/components/blocks/BrowserBlock.tsx,379,"<button onClick={() => navigate(urlInput)} disabled={!urlInput.trim()} className=""rounded bg-amber-600 px-3 py-1 text-sm text-white transition-colors hover:bg-amber-700 disabled:opacity-50"">Go</button>",Review live behavior and state/API effect,PARTIAL_LIVE_KEY_FLOW,apps/frontend/src/app/(dashboard)/pages/components/blocks/BrowserBlock.tsx:379,"Source-inventoried; key Pages/Browser paths tested live, repeated instance not individually mutated"
INT-00598,(shared/component),click-handler,apps/frontend/src/app/(dashboard)/pages/components/blocks/BrowserBlock.tsx,379,"<button onClick={() => navigate(urlInput)} disabled={!urlInput.trim()} className=""rounded bg-amber-600 px-3 py-1 text-sm text-white transition-colors hover:bg-amber-700 disabled:opacity-50"">Go</button>",Review live behavior and state/API effect,PARTIAL_LIVE_KEY_FLOW,apps/frontend/src/app/(dashboard)/pages/components/blocks/BrowserBlock.tsx:379,"Source-inventoried; key Pages/Browser paths tested live, repeated instance not individually mutated"
INT-00599,(shared/component),button,apps/frontend/src/app/(dashboard)/pages/components/blocks/BrowserBlock.tsx,381,<button,Review live behavior and state/API effect,PARTIAL_LIVE_KEY_FLOW,apps/frontend/src/app/(dashboard)/pages/components/blocks/BrowserBlock.tsx:381,"Source-inventoried; key Pages/Browser paths tested live, repeated instance not individually mutated"
INT-00600,(shared/component),click-handler,apps/frontend/src/app/(dashboard)/pages/components/blocks/BrowserBlock.tsx,382,onClick={() => viewportRef.current?.sendInput({ type: 'take-control' })},Review live behavior and state/API effect,PARTIAL_LIVE_KEY_FLOW,apps/frontend/src/app/(dashboard)/pages/components/blocks/BrowserBlock.tsx:382,"Source-inventoried; key Pages/Browser paths tested live, repeated instance not individually mutated"
INT-00601,(shared/component),button,apps/frontend/src/app/(dashboard)/pages/components/blocks/BrowserBlock.tsx,391,<button,Review live behavior and state/API effect,PARTIAL_LIVE_KEY_FLOW,apps/frontend/src/app/(dashboard)/pages/components/blocks/BrowserBlock.tsx:391,"Source-inventoried; key Pages/Browser paths tested live, repeated instance not individually mutated"
INT-00602,(shared/component),click-handler,apps/frontend/src/app/(dashboard)/pages/components/blocks/BrowserBlock.tsx,392,onClick={() => {,Review live behavior and state/API effect,PARTIAL_LIVE_KEY_FLOW,apps/frontend/src/app/(dashboard)/pages/components/blocks/BrowserBlock.tsx:392,"Source-inventoried; key Pages/Browser paths tested live, repeated instance not individually mutated"
INT-00603,(shared/component),button,apps/frontend/src/app/(dashboard)/pages/components/blocks/BrowserBlock.tsx,408,<button,Review live behavior and state/API effect,PARTIAL_LIVE_KEY_FLOW,apps/frontend/src/app/(dashboard)/pages/components/blocks/BrowserBlock.tsx:408,"Source-inventoried; key Pages/Browser paths tested live, repeated instance not individually mutated"
INT-00604,(shared/component),click-handler,apps/frontend/src/app/(dashboard)/pages/components/blocks/BrowserBlock.tsx,409,onClick={() => applyLayoutMode(layoutMode === 'medium' ? 'normal' : 'medium')},Review live behavior and state/API effect,PARTIAL_LIVE_KEY_FLOW,apps/frontend/src/app/(dashboard)/pages/components/blocks/BrowserBlock.tsx:409,"Source-inventoried; key Pages/Browser paths tested live, repeated instance not individually mutated"
INT-00605,(shared/component),button,apps/frontend/src/app/(dashboard)/pages/components/blocks/BrowserBlock.tsx,420,<button,Review live behavior and state/API effect,PARTIAL_LIVE_KEY_FLOW,apps/frontend/src/app/(dashboard)/pages/components/blocks/BrowserBlock.tsx:420,"Source-inventoried; key Pages/Browser paths tested live, repeated instance not individually mutated"
INT-00606,(shared/component),click-handler,apps/frontend/src/app/(dashboard)/pages/components/blocks/BrowserBlock.tsx,421,onClick={() => applyLayoutMode(layoutMode === 'fullscreen' ? 'normal' : 'fullscreen')},Review live behavior and state/API effect,PARTIAL_LIVE_KEY_FLOW,apps/frontend/src/app/(dashboard)/pages/components/blocks/BrowserBlock.tsx:421,"Source-inventoried; key Pages/Browser paths tested live, repeated instance not individually mutated"
INT-00607,(shared/component),button,apps/frontend/src/app/(dashboard)/pages/components/blocks/BrowserBlock.tsx,454,<button,Review live behavior and state/API effect,PARTIAL_LIVE_KEY_FLOW,apps/frontend/src/app/(dashboard)/pages/components/blocks/BrowserBlock.tsx:454,"Source-inventoried; key Pages/Browser paths tested live, repeated instance not individually mutated"
INT-00608,(shared/component),click-handler,apps/frontend/src/app/(dashboard)/pages/components/blocks/BrowserBlock.tsx,455,onClick={() => {,Review live behavior and state/API effect,PARTIAL_LIVE_KEY_FLOW,apps/frontend/src/app/(dashboard)/pages/components/blocks/BrowserBlock.tsx:455,"Source-inventoried; key Pages/Browser paths tested live, repeated instance not individually mutated"
INT-00609,(shared/component),button,apps/frontend/src/app/(dashboard)/pages/components/blocks/CalloutBlock.tsx,42,<button,Review live behavior and state/API effect,PARTIAL_LIVE_KEY_FLOW,apps/frontend/src/app/(dashboard)/pages/components/blocks/CalloutBlock.tsx:42,"Source-inventoried; key Pages/Browser paths tested live, repeated instance not individually mutated"
INT-00610,(shared/component),click-handler,apps/frontend/src/app/(dashboard)/pages/components/blocks/CalloutBlock.tsx,43,onClick={() => setShowIconPicker(!showIconPicker)},Review live behavior and state/API effect,PARTIAL_LIVE_KEY_FLOW,apps/frontend/src/app/(dashboard)/pages/components/blocks/CalloutBlock.tsx:43,"Source-inventoried; key Pages/Browser paths tested live, repeated instance not individually mutated"
INT-00611,(shared/component),button,apps/frontend/src/app/(dashboard)/pages/components/blocks/CalloutBlock.tsx,51,<button,Review live behavior and state/API effect,PARTIAL_LIVE_KEY_FLOW,apps/frontend/src/app/(dashboard)/pages/components/blocks/CalloutBlock.tsx:51,"Source-inventoried; key Pages/Browser paths tested live, repeated instance not individually mutated"
INT-00612,(shared/component),click-handler,apps/frontend/src/app/(dashboard)/pages/components/blocks/CalloutBlock.tsx,53,onClick={() => {,Review live behavior and state/API effect,PARTIAL_LIVE_KEY_FLOW,apps/frontend/src/app/(dashboard)/pages/components/blocks/CalloutBlock.tsx:53,"Source-inventoried; key Pages/Browser paths tested live, repeated instance not individually mutated"
INT-00613,(shared/component),textarea,apps/frontend/src/app/(dashboard)/pages/components/blocks/CalloutBlock.tsx,65,<textarea,Review live behavior and state/API effect,PARTIAL_LIVE_KEY_FLOW,apps/frontend/src/app/(dashboard)/pages/components/blocks/CalloutBlock.tsx:65,"Source-inventoried; key Pages/Browser paths tested live, repeated instance not individually mutated"
INT-00614,(shared/component),change-handler,apps/frontend/src/app/(dashboard)/pages/components/blocks/CalloutBlock.tsx,67,"onChange={(e) => onChange({ icon, variant, text: e.target.value })}",Review live behavior and state/API effect,PARTIAL_LIVE_KEY_FLOW,apps/frontend/src/app/(dashboard)/pages/components/blocks/CalloutBlock.tsx:67,"Source-inventoried; key Pages/Browser paths tested live, repeated instance not individually mutated"
INT-00615,(shared/component),select,apps/frontend/src/app/(dashboard)/pages/components/blocks/CalloutBlock.tsx,71,<select,Review live behavior and state/API effect,PARTIAL_LIVE_KEY_FLOW,apps/frontend/src/app/(dashboard)/pages/components/blocks/CalloutBlock.tsx:71,"Source-inventoried; key Pages/Browser paths tested live, repeated instance not individually mutated"
INT-00616,(shared/component),change-handler,apps/frontend/src/app/(dashboard)/pages/components/blocks/CalloutBlock.tsx,73,"onChange={(e) => onChange({ icon, variant: e.target.value as CalloutVariant, text })}",Review live behavior and state/API effect,PARTIAL_LIVE_KEY_FLOW,apps/frontend/src/app/(dashboard)/pages/components/blocks/CalloutBlock.tsx:73,"Source-inventoried; key Pages/Browser paths tested live, repeated instance not individually mutated"
INT-00617,(shared/component),button,apps/frontend/src/app/(dashboard)/pages/components/blocks/ChecklistBlock.tsx,52,<button,Review live behavior and state/API effect,PARTIAL_LIVE_KEY_FLOW,apps/frontend/src/app/(dashboard)/pages/components/blocks/ChecklistBlock.tsx:52,"Source-inventoried; key Pages/Browser paths tested live, repeated instance not individually mutated"
INT-00618,(shared/component),click-handler,apps/frontend/src/app/(dashboard)/pages/components/blocks/ChecklistBlock.tsx,53,onClick={() => toggleItem(item.id)},Review live behavior and state/API effect,PARTIAL_LIVE_KEY_FLOW,apps/frontend/src/app/(dashboard)/pages/components/blocks/ChecklistBlock.tsx:53,"Source-inventoried; key Pages/Browser paths tested live, repeated instance not individually mutated"
INT-00619,(shared/component),input,apps/frontend/src/app/(dashboard)/pages/components/blocks/ChecklistBlock.tsx,62,<input,Review live behavior and state/API effect,PARTIAL_LIVE_KEY_FLOW,apps/frontend/src/app/(dashboard)/pages/components/blocks/ChecklistBlock.tsx:62,"Source-inventoried; key Pages/Browser paths tested live, repeated instance not individually mutated"
INT-00620,(shared/component),change-handler,apps/frontend/src/app/(dashboard)/pages/components/blocks/ChecklistBlock.tsx,65,"onChange={(e) => updateItemText(item.id, e.target.value)}",Review live behavior and state/API effect,PARTIAL_LIVE_KEY_FLOW,apps/frontend/src/app/(dashboard)/pages/components/blocks/ChecklistBlock.tsx:65,"Source-inventoried; key Pages/Browser paths tested live, repeated instance not individually mutated"
INT-00621,(shared/component),button,apps/frontend/src/app/(dashboard)/pages/components/blocks/ChecklistBlock.tsx,70,<button,Review live behavior and state/API effect,PARTIAL_LIVE_KEY_FLOW,apps/frontend/src/app/(dashboard)/pages/components/blocks/ChecklistBlock.tsx:70,"Source-inventoried; key Pages/Browser paths tested live, repeated instance not individually mutated"
INT-00622,(shared/component),click-handler,apps/frontend/src/app/(dashboard)/pages/components/blocks/ChecklistBlock.tsx,71,onClick={() => removeItem(item.id)},Review live behavior and state/API effect,PARTIAL_LIVE_KEY_FLOW,apps/frontend/src/app/(dashboard)/pages/components/blocks/ChecklistBlock.tsx:71,"Source-inventoried; key Pages/Browser paths tested live, repeated instance not individually mutated"
INT-00623,(shared/component),input,apps/frontend/src/app/(dashboard)/pages/components/blocks/ChecklistBlock.tsx,80,<input,Review live behavior and state/API effect,PARTIAL_LIVE_KEY_FLOW,apps/frontend/src/app/(dashboard)/pages/components/blocks/ChecklistBlock.tsx:80,"Source-inventoried; key Pages/Browser paths tested live, repeated instance not individually mutated"
INT-00624,(shared/component),change-handler,apps/frontend/src/app/(dashboard)/pages/components/blocks/ChecklistBlock.tsx,83,onChange={(e) => setNewItemText(e.target.value)},Review live behavior and state/API effect,PARTIAL_LIVE_KEY_FLOW,apps/frontend/src/app/(dashboard)/pages/components/blocks/ChecklistBlock.tsx:83,"Source-inventoried; key Pages/Browser paths tested live, repeated instance not individually mutated"
INT-00625,(shared/component),keyboard-handler,apps/frontend/src/app/(dashboard)/pages/components/blocks/ChecklistBlock.tsx,84,onKeyDown={(e) => e.key === 'Enter' && addItem()},Review live behavior and state/API effect,PARTIAL_LIVE_KEY_FLOW,apps/frontend/src/app/(dashboard)/pages/components/blocks/ChecklistBlock.tsx:84,"Source-inventoried; key Pages/Browser paths tested live, repeated instance not individually mutated"
INT-00626,(shared/component),select,apps/frontend/src/app/(dashboard)/pages/components/blocks/CodeBlock.tsx,53,<select,Review live behavior and state/API effect,PARTIAL_LIVE_KEY_FLOW,apps/frontend/src/app/(dashboard)/pages/components/blocks/CodeBlock.tsx:53,"Source-inventoried; key Pages/Browser paths tested live, repeated instance not individually mutated"
INT-00627,(shared/component),change-handler,apps/frontend/src/app/(dashboard)/pages/components/blocks/CodeBlock.tsx,55,"onChange={(e) => onChange({ language: e.target.value, code })}",Review live behavior and state/API effect,PARTIAL_LIVE_KEY_FLOW,apps/frontend/src/app/(dashboard)/pages/components/blocks/CodeBlock.tsx:55,"Source-inventoried; key Pages/Browser paths tested live, repeated instance not individually mutated"
INT-00628,(shared/component),button,apps/frontend/src/app/(dashboard)/pages/components/blocks/CodeBlock.tsx,65,<button,Review live behavior and state/API effect,PARTIAL_LIVE_KEY_FLOW,apps/frontend/src/app/(dashboard)/pages/components/blocks/CodeBlock.tsx:65,"Source-inventoried; key Pages/Browser paths tested live, repeated instance not individually mutated"
INT-00629,(shared/component),click-handler,apps/frontend/src/app/(dashboard)/pages/components/blocks/CodeBlock.tsx,66,onClick={() => setIsEditing(!isEditing)},Review live behavior and state/API effect,PARTIAL_LIVE_KEY_FLOW,apps/frontend/src/app/(dashboard)/pages/components/blocks/CodeBlock.tsx:66,"Source-inventoried; key Pages/Browser paths tested live, repeated instance not individually mutated"
INT-00630,(shared/component),button,apps/frontend/src/app/(dashboard)/pages/components/blocks/CodeBlock.tsx,72,<button,Review live behavior and state/API effect,PARTIAL_LIVE_KEY_FLOW,apps/frontend/src/app/(dashboard)/pages/components/blocks/CodeBlock.tsx:72,"Source-inventoried; key Pages/Browser paths tested live, repeated instance not individually mutated"
INT-00631,(shared/component),click-handler,apps/frontend/src/app/(dashboard)/pages/components/blocks/CodeBlock.tsx,73,onClick={handleCopy},Review live behavior and state/API effect,PARTIAL_LIVE_KEY_FLOW,apps/frontend/src/app/(dashboard)/pages/components/blocks/CodeBlock.tsx:73,"Source-inventoried; key Pages/Browser paths tested live, repeated instance not individually mutated"
INT-00632,(shared/component),textarea,apps/frontend/src/app/(dashboard)/pages/components/blocks/CodeBlock.tsx,82,<textarea,Review live behavior and state/API effect,PARTIAL_LIVE_KEY_FLOW,apps/frontend/src/app/(dashboard)/pages/components/blocks/CodeBlock.tsx:82,"Source-inventoried; key Pages/Browser paths tested live, repeated instance not individually mutated"
INT-00633,(shared/component),change-handler,apps/frontend/src/app/(dashboard)/pages/components/blocks/CodeBlock.tsx,85,"onChange={(e) => onChange({ language, code: e.target.value })}",Review live behavior and state/API effect,PARTIAL_LIVE_KEY_FLOW,apps/frontend/src/app/(dashboard)/pages/components/blocks/CodeBlock.tsx:85,"Source-inventoried; key Pages/Browser paths tested live, repeated instance not individually mutated"
INT-00634,(shared/component),input,apps/frontend/src/app/(dashboard)/pages/components/blocks/EmbedBlock.tsx,25,<input,Review live behavior and state/API effect,PARTIAL_LIVE_KEY_FLOW,apps/frontend/src/app/(dashboard)/pages/components/blocks/EmbedBlock.tsx:25,"Source-inventoried; key Pages/Browser paths tested live, repeated instance not individually mutated"
INT-00635,(shared/component),change-handler,apps/frontend/src/app/(dashboard)/pages/components/blocks/EmbedBlock.tsx,28,onChange={(e) => setEditUrl(e.target.value)},Review live behavior and state/API effect,PARTIAL_LIVE_KEY_FLOW,apps/frontend/src/app/(dashboard)/pages/components/blocks/EmbedBlock.tsx:28,"Source-inventoried; key Pages/Browser paths tested live, repeated instance not individually mutated"
INT-00636,(shared/component),textarea,apps/frontend/src/app/(dashboard)/pages/components/blocks/EmbedBlock.tsx,32,<textarea,Review live behavior and state/API effect,PARTIAL_LIVE_KEY_FLOW,apps/frontend/src/app/(dashboard)/pages/components/blocks/EmbedBlock.tsx:32,"Source-inventoried; key Pages/Browser paths tested live, repeated instance not individually mutated"
INT-00637,(shared/component),change-handler,apps/frontend/src/app/(dashboard)/pages/components/blocks/EmbedBlock.tsx,34,onChange={(e) => setEditHtml(e.target.value)},Review live behavior and state/API effect,PARTIAL_LIVE_KEY_FLOW,apps/frontend/src/app/(dashboard)/pages/components/blocks/EmbedBlock.tsx:34,"Source-inventoried; key Pages/Browser paths tested live, repeated instance not individually mutated"
INT-00638,(shared/component),button,apps/frontend/src/app/(dashboard)/pages/components/blocks/EmbedBlock.tsx,39,<button,Review live behavior and state/API effect,PARTIAL_LIVE_KEY_FLOW,apps/frontend/src/app/(dashboard)/pages/components/blocks/EmbedBlock.tsx:39,"Source-inventoried; key Pages/Browser paths tested live, repeated instance not individually mutated"
INT-00639,(shared/component),click-handler,apps/frontend/src/app/(dashboard)/pages/components/blocks/EmbedBlock.tsx,40,onClick={handleSave},Review live behavior and state/API effect,PARTIAL_LIVE_KEY_FLOW,apps/frontend/src/app/(dashboard)/pages/components/blocks/EmbedBlock.tsx:40,"Source-inventoried; key Pages/Browser paths tested live, repeated instance not individually mutated"
INT-00640,(shared/component),button,apps/frontend/src/app/(dashboard)/pages/components/blocks/EmbedBlock.tsx,46,<button,Review live behavior and state/API effect,PARTIAL_LIVE_KEY_FLOW,apps/frontend/src/app/(dashboard)/pages/components/blocks/EmbedBlock.tsx:46,"Source-inventoried; key Pages/Browser paths tested live, repeated instance not individually mutated"
INT-00641,(shared/component),click-handler,apps/frontend/src/app/(dashboard)/pages/components/blocks/EmbedBlock.tsx,47,onClick={() => setIsEditing(false)},Review live behavior and state/API effect,PARTIAL_LIVE_KEY_FLOW,apps/frontend/src/app/(dashboard)/pages/components/blocks/EmbedBlock.tsx:47,"Source-inventoried; key Pages/Browser paths tested live, repeated instance not individually mutated"
INT-00642,(shared/component),link,apps/frontend/src/app/(dashboard)/pages/components/blocks/EmbedBlock.tsx,66,<a,Review live behavior and state/API effect,PARTIAL_LIVE_KEY_FLOW,apps/frontend/src/app/(dashboard)/pages/components/blocks/EmbedBlock.tsx:66,"Source-inventoried; key Pages/Browser paths tested live, repeated instance not individually mutated"
INT-00643,(shared/component),button,apps/frontend/src/app/(dashboard)/pages/components/blocks/EmbedBlock.tsx,78,<button,Review live behavior and state/API effect,PARTIAL_LIVE_KEY_FLOW,apps/frontend/src/app/(dashboard)/pages/components/blocks/EmbedBlock.tsx:78,"Source-inventoried; key Pages/Browser paths tested live, repeated instance not individually mutated"
INT-00644,(shared/component),click-handler,apps/frontend/src/app/(dashboard)/pages/components/blocks/EmbedBlock.tsx,79,onClick={() => setIsEditing(true)},Review live behavior and state/API effect,PARTIAL_LIVE_KEY_FLOW,apps/frontend/src/app/(dashboard)/pages/components/blocks/EmbedBlock.tsx:79,"Source-inventoried; key Pages/Browser paths tested live, repeated instance not individually mutated"
INT-00645,(shared/component),button,apps/frontend/src/app/(dashboard)/pages/components/blocks/FileBlock.tsx,15,<button,Review live behavior and state/API effect,PARTIAL_LIVE_KEY_FLOW,apps/frontend/src/app/(dashboard)/pages/components/blocks/FileBlock.tsx:15,"Source-inventoried; key Pages/Browser paths tested live, repeated instance not individually mutated"
INT-00646,(shared/component),link,apps/frontend/src/app/(dashboard)/pages/components/blocks/FileBlock.tsx,29,<a,Review live behavior and state/API effect,PARTIAL_LIVE_KEY_FLOW,apps/frontend/src/app/(dashboard)/pages/components/blocks/FileBlock.tsx:29,"Source-inventoried; key Pages/Browser paths tested live, repeated instance not individually mutated"
INT-00647,(shared/component),link,apps/frontend/src/app/(dashboard)/pages/components/blocks/FileBlock.tsx,41,<a,Review live behavior and state/API effect,PARTIAL_LIVE_KEY_FLOW,apps/frontend/src/app/(dashboard)/pages/components/blocks/FileBlock.tsx:41,"Source-inventoried; key Pages/Browser paths tested live, repeated instance not individually mutated"
INT-00648,(shared/component),input,apps/frontend/src/app/(dashboard)/pages/components/blocks/LinkBlock.tsx,27,<input,Review live behavior and state/API effect,PARTIAL_LIVE_KEY_FLOW,apps/frontend/src/app/(dashboard)/pages/components/blocks/LinkBlock.tsx:27,"Source-inventoried; key Pages/Browser paths tested live, repeated instance not individually mutated"
INT-00649,(shared/component),change-handler,apps/frontend/src/app/(dashboard)/pages/components/blocks/LinkBlock.tsx,30,onChange={(e) => setEditUrl(e.target.value)},Review live behavior and state/API effect,PARTIAL_LIVE_KEY_FLOW,apps/frontend/src/app/(dashboard)/pages/components/blocks/LinkBlock.tsx:30,"Source-inventoried; key Pages/Browser paths tested live, repeated instance not individually mutated"
INT-00650,(shared/component),input,apps/frontend/src/app/(dashboard)/pages/components/blocks/LinkBlock.tsx,34,<input,Review live behavior and state/API effect,PARTIAL_LIVE_KEY_FLOW,apps/frontend/src/app/(dashboard)/pages/components/blocks/LinkBlock.tsx:34,"Source-inventoried; key Pages/Browser paths tested live, repeated instance not individually mutated"
INT-00651,(shared/component),change-handler,apps/frontend/src/app/(dashboard)/pages/components/blocks/LinkBlock.tsx,37,onChange={(e) => setEditTitle(e.target.value)},Review live behavior and state/API effect,PARTIAL_LIVE_KEY_FLOW,apps/frontend/src/app/(dashboard)/pages/components/blocks/LinkBlock.tsx:37,"Source-inventoried; key Pages/Browser paths tested live, repeated instance not individually mutated"
INT-00652,(shared/component),textarea,apps/frontend/src/app/(dashboard)/pages/components/blocks/LinkBlock.tsx,41,<textarea,Review live behavior and state/API effect,PARTIAL_LIVE_KEY_FLOW,apps/frontend/src/app/(dashboard)/pages/components/blocks/LinkBlock.tsx:41,"Source-inventoried; key Pages/Browser paths tested live, repeated instance not individually mutated"
INT-00653,(shared/component),change-handler,apps/frontend/src/app/(dashboard)/pages/components/blocks/LinkBlock.tsx,43,onChange={(e) => setEditDescription(e.target.value)},Review live behavior and state/API effect,PARTIAL_LIVE_KEY_FLOW,apps/frontend/src/app/(dashboard)/pages/components/blocks/LinkBlock.tsx:43,"Source-inventoried; key Pages/Browser paths tested live, repeated instance not individually mutated"
INT-00654,(shared/component),button,apps/frontend/src/app/(dashboard)/pages/components/blocks/LinkBlock.tsx,49,<button,Review live behavior and state/API effect,PARTIAL_LIVE_KEY_FLOW,apps/frontend/src/app/(dashboard)/pages/components/blocks/LinkBlock.tsx:49,"Source-inventoried; key Pages/Browser paths tested live, repeated instance not individually mutated"
INT-00655,(shared/component),click-handler,apps/frontend/src/app/(dashboard)/pages/components/blocks/LinkBlock.tsx,50,onClick={handleSave},Review live behavior and state/API effect,PARTIAL_LIVE_KEY_FLOW,apps/frontend/src/app/(dashboard)/pages/components/blocks/LinkBlock.tsx:50,"Source-inventoried; key Pages/Browser paths tested live, repeated instance not individually mutated"
INT-00656,(shared/component),button,apps/frontend/src/app/(dashboard)/pages/components/blocks/LinkBlock.tsx,56,<button,Review live behavior and state/API effect,PARTIAL_LIVE_KEY_FLOW,apps/frontend/src/app/(dashboard)/pages/components/blocks/LinkBlock.tsx:56,"Source-inventoried; key Pages/Browser paths tested live, repeated instance not individually mutated"
INT-00657,(shared/component),click-handler,apps/frontend/src/app/(dashboard)/pages/components/blocks/LinkBlock.tsx,57,onClick={() => setIsEditing(false)},Review live behavior and state/API effect,PARTIAL_LIVE_KEY_FLOW,apps/frontend/src/app/(dashboard)/pages/components/blocks/LinkBlock.tsx:57,"Source-inventoried; key Pages/Browser paths tested live, repeated instance not individually mutated"
INT-00658,(shared/component),link,apps/frontend/src/app/(dashboard)/pages/components/blocks/LinkBlock.tsx,72,<a,Review live behavior and state/API effect,PARTIAL_LIVE_KEY_FLOW,apps/frontend/src/app/(dashboard)/pages/components/blocks/LinkBlock.tsx:72,"Source-inventoried; key Pages/Browser paths tested live, repeated instance not individually mutated"
INT-00659,(shared/component),button,apps/frontend/src/app/(dashboard)/pages/components/blocks/LinkBlock.tsx,86,<button,Review live behavior and state/API effect,PARTIAL_LIVE_KEY_FLOW,apps/frontend/src/app/(dashboard)/pages/components/blocks/LinkBlock.tsx:86,"Source-inventoried; key Pages/Browser paths tested live, repeated instance not individually mutated"
INT-00660,(shared/component),click-handler,apps/frontend/src/app/(dashboard)/pages/components/blocks/LinkBlock.tsx,87,onClick={() => setIsEditing(true)},Review live behavior and state/API effect,PARTIAL_LIVE_KEY_FLOW,apps/frontend/src/app/(dashboard)/pages/components/blocks/LinkBlock.tsx:87,"Source-inventoried; key Pages/Browser paths tested live, repeated instance not individually mutated"
INT-00661,(shared/component),input,apps/frontend/src/app/(dashboard)/pages/components/blocks/MapBlock.tsx,32,<input,Review live behavior and state/API effect,PARTIAL_LIVE_KEY_FLOW,apps/frontend/src/app/(dashboard)/pages/components/blocks/MapBlock.tsx:32,"Source-inventoried; key Pages/Browser paths tested live, repeated instance not individually mutated"
INT-00662,(shared/component),change-handler,apps/frontend/src/app/(dashboard)/pages/components/blocks/MapBlock.tsx,35,onChange={(e) => setEditLat(e.target.value)},Review live behavior and state/API effect,PARTIAL_LIVE_KEY_FLOW,apps/frontend/src/app/(dashboard)/pages/components/blocks/MapBlock.tsx:35,"Source-inventoried; key Pages/Browser paths tested live, repeated instance not individually mutated"
INT-00663,(shared/component),input,apps/frontend/src/app/(dashboard)/pages/components/blocks/MapBlock.tsx,40,<input,Review live behavior and state/API effect,PARTIAL_LIVE_KEY_FLOW,apps/frontend/src/app/(dashboard)/pages/components/blocks/MapBlock.tsx:40,"Source-inventoried; key Pages/Browser paths tested live, repeated instance not individually mutated"
INT-00664,(shared/component),change-handler,apps/frontend/src/app/(dashboard)/pages/components/blocks/MapBlock.tsx,43,onChange={(e) => setEditLng(e.target.value)},Review live behavior and state/API effect,PARTIAL_LIVE_KEY_FLOW,apps/frontend/src/app/(dashboard)/pages/components/blocks/MapBlock.tsx:43,"Source-inventoried; key Pages/Browser paths tested live, repeated instance not individually mutated"
INT-00665,(shared/component),input,apps/frontend/src/app/(dashboard)/pages/components/blocks/MapBlock.tsx,49,<input,Review live behavior and state/API effect,PARTIAL_LIVE_KEY_FLOW,apps/frontend/src/app/(dashboard)/pages/components/blocks/MapBlock.tsx:49,"Source-inventoried; key Pages/Browser paths tested live, repeated instance not individually mutated"
INT-00666,(shared/component),change-handler,apps/frontend/src/app/(dashboard)/pages/components/blocks/MapBlock.tsx,52,onChange={(e) => setEditTitle(e.target.value)},Review live behavior and state/API effect,PARTIAL_LIVE_KEY_FLOW,apps/frontend/src/app/(dashboard)/pages/components/blocks/MapBlock.tsx:52,"Source-inventoried; key Pages/Browser paths tested live, repeated instance not individually mutated"
INT-00667,(shared/component),button,apps/frontend/src/app/(dashboard)/pages/components/blocks/MapBlock.tsx,57,<button,Review live behavior and state/API effect,PARTIAL_LIVE_KEY_FLOW,apps/frontend/src/app/(dashboard)/pages/components/blocks/MapBlock.tsx:57,"Source-inventoried; key Pages/Browser paths tested live, repeated instance not individually mutated"
INT-00668,(shared/component),click-handler,apps/frontend/src/app/(dashboard)/pages/components/blocks/MapBlock.tsx,58,onClick={handleSave},Review live behavior and state/API effect,PARTIAL_LIVE_KEY_FLOW,apps/frontend/src/app/(dashboard)/pages/components/blocks/MapBlock.tsx:58,"Source-inventoried; key Pages/Browser paths tested live, repeated instance not individually mutated"
INT-00669,(shared/component),button,apps/frontend/src/app/(dashboard)/pages/components/blocks/MapBlock.tsx,64,<button,Review live behavior and state/API effect,PARTIAL_LIVE_KEY_FLOW,apps/frontend/src/app/(dashboard)/pages/components/blocks/MapBlock.tsx:64,"Source-inventoried; key Pages/Browser paths tested live, repeated instance not individually mutated"
INT-00670,(shared/component),click-handler,apps/frontend/src/app/(dashboard)/pages/components/blocks/MapBlock.tsx,65,onClick={() => setIsEditing(false)},Review live behavior and state/API effect,PARTIAL_LIVE_KEY_FLOW,apps/frontend/src/app/(dashboard)/pages/components/blocks/MapBlock.tsx:65,"Source-inventoried; key Pages/Browser paths tested live, repeated instance not individually mutated"
INT-00671,(shared/component),button,apps/frontend/src/app/(dashboard)/pages/components/blocks/MapBlock.tsx,91,<button,Review live behavior and state/API effect,PARTIAL_LIVE_KEY_FLOW,apps/frontend/src/app/(dashboard)/pages/components/blocks/MapBlock.tsx:91,"Source-inventoried; key Pages/Browser paths tested live, repeated instance not individually mutated"
INT-00672,(shared/component),click-handler,apps/frontend/src/app/(dashboard)/pages/components/blocks/MapBlock.tsx,92,onClick={() => setIsEditing(true)},Review live behavior and state/API effect,PARTIAL_LIVE_KEY_FLOW,apps/frontend/src/app/(dashboard)/pages/components/blocks/MapBlock.tsx:92,"Source-inventoried; key Pages/Browser paths tested live, repeated instance not individually mutated"
INT-00673,(shared/component),button,apps/frontend/src/app/(dashboard)/pages/components/blocks/PageReferenceBlock.tsx,37,<button,Review live behavior and state/API effect,PARTIAL_LIVE_KEY_FLOW,apps/frontend/src/app/(dashboard)/pages/components/blocks/PageReferenceBlock.tsx:37,"Source-inventoried; key Pages/Browser paths tested live, repeated instance not individually mutated"
INT-00674,(shared/component),click-handler,apps/frontend/src/app/(dashboard)/pages/components/blocks/PageReferenceBlock.tsx,39,onClick={() => {,Review live behavior and state/API effect,PARTIAL_LIVE_KEY_FLOW,apps/frontend/src/app/(dashboard)/pages/components/blocks/PageReferenceBlock.tsx:39,"Source-inventoried; key Pages/Browser paths tested live, repeated instance not individually mutated"
INT-00675,(shared/component),button,apps/frontend/src/app/(dashboard)/pages/components/blocks/PageReferenceBlock.tsx,69,<button,Review live behavior and state/API effect,PARTIAL_LIVE_KEY_FLOW,apps/frontend/src/app/(dashboard)/pages/components/blocks/PageReferenceBlock.tsx:69,"Source-inventoried; key Pages/Browser paths tested live, repeated instance not individually mutated"
INT-00676,(shared/component),click-handler,apps/frontend/src/app/(dashboard)/pages/components/blocks/PageReferenceBlock.tsx,70,onClick={(e) => { e.stopPropagation(); setIsEditing(true); }},Review live behavior and state/API effect,PARTIAL_LIVE_KEY_FLOW,apps/frontend/src/app/(dashboard)/pages/components/blocks/PageReferenceBlock.tsx:70,"Source-inventoried; key Pages/Browser paths tested live, repeated instance not individually mutated"
INT-00677,(shared/component),button,apps/frontend/src/app/(dashboard)/pages/components/blocks/PageReferenceBlock.tsx,76,<button,Review live behavior and state/API effect,PARTIAL_LIVE_KEY_FLOW,apps/frontend/src/app/(dashboard)/pages/components/blocks/PageReferenceBlock.tsx:76,"Source-inventoried; key Pages/Browser paths tested live, repeated instance not individually mutated"
INT-00678,(shared/component),click-handler,apps/frontend/src/app/(dashboard)/pages/components/blocks/PageReferenceBlock.tsx,77,onClick={(e) => { e.stopPropagation(); router.push(`/pages?open=${linkedPage.id}`); }},Review live behavior and state/API effect,PARTIAL_LIVE_KEY_FLOW,apps/frontend/src/app/(dashboard)/pages/components/blocks/PageReferenceBlock.tsx:77,"Source-inventoried; key Pages/Browser paths tested live, repeated instance not individually mutated"
INT-00679,(shared/component),textarea,apps/frontend/src/app/(dashboard)/pages/components/blocks/QuoteBlock.tsx,11,<textarea,Review live behavior and state/API effect,PARTIAL_LIVE_KEY_FLOW,apps/frontend/src/app/(dashboard)/pages/components/blocks/QuoteBlock.tsx:11,"Source-inventoried; key Pages/Browser paths tested live, repeated instance not individually mutated"
INT-00680,(shared/component),change-handler,apps/frontend/src/app/(dashboard)/pages/components/blocks/QuoteBlock.tsx,13,onChange={(e) => onChange({ text: e.target.value })},Review live behavior and state/API effect,PARTIAL_LIVE_KEY_FLOW,apps/frontend/src/app/(dashboard)/pages/components/blocks/QuoteBlock.tsx:13,"Source-inventoried; key Pages/Browser paths tested live, repeated instance not individually mutated"
INT-00681,(shared/component),pointer-handler,apps/frontend/src/app/(dashboard)/pages/components/blocks/RemoteBrowserViewport.tsx,296,onPointerDown={(event) => {,Review live behavior and state/API effect,PARTIAL_LIVE_KEY_FLOW,apps/frontend/src/app/(dashboard)/pages/components/blocks/RemoteBrowserViewport.tsx:296,"Source-inventoried; key Pages/Browser paths tested live, repeated instance not individually mutated"
INT-00682,(shared/component),pointer-handler,apps/frontend/src/app/(dashboard)/pages/components/blocks/RemoteBrowserViewport.tsx,307,onPointerMove={(event) => {,Review live behavior and state/API effect,PARTIAL_LIVE_KEY_FLOW,apps/frontend/src/app/(dashboard)/pages/components/blocks/RemoteBrowserViewport.tsx:307,"Source-inventoried; key Pages/Browser paths tested live, repeated instance not individually mutated"
INT-00683,(shared/component),pointer-handler,apps/frontend/src/app/(dashboard)/pages/components/blocks/RemoteBrowserViewport.tsx,321,onPointerUp={(event) => {,Review live behavior and state/API effect,PARTIAL_LIVE_KEY_FLOW,apps/frontend/src/app/(dashboard)/pages/components/blocks/RemoteBrowserViewport.tsx:321,"Source-inventoried; key Pages/Browser paths tested live, repeated instance not individually mutated"
INT-00684,(shared/component),pointer-handler,apps/frontend/src/app/(dashboard)/pages/components/blocks/RemoteBrowserViewport.tsx,326,onPointerCancel={() => sendInput({ type: 'release' })},Review live behavior and state/API effect,PARTIAL_LIVE_KEY_FLOW,apps/frontend/src/app/(dashboard)/pages/components/blocks/RemoteBrowserViewport.tsx:326,"Source-inventoried; key Pages/Browser paths tested live, repeated instance not individually mutated"
INT-00685,(shared/component),keyboard-handler,apps/frontend/src/app/(dashboard)/pages/components/blocks/RemoteBrowserViewport.tsx,330,onKeyDown={(event) => {,Review live behavior and state/API effect,PARTIAL_LIVE_KEY_FLOW,apps/frontend/src/app/(dashboard)/pages/components/blocks/RemoteBrowserViewport.tsx:330,"Source-inventoried; key Pages/Browser paths tested live, repeated instance not individually mutated"
INT-00686,(shared/component),keyboard-handler,apps/frontend/src/app/(dashboard)/pages/components/blocks/RemoteBrowserViewport.tsx,334,onKeyUp={(event) => {,Review live behavior and state/API effect,PARTIAL_LIVE_KEY_FLOW,apps/frontend/src/app/(dashboard)/pages/components/blocks/RemoteBrowserViewport.tsx:334,"Source-inventoried; key Pages/Browser paths tested live, repeated instance not individually mutated"
INT-00687,(shared/component),button,apps/frontend/src/app/(dashboard)/pages/components/blocks/RemoteBrowserViewport.tsx,343,<button,Review live behavior and state/API effect,PARTIAL_LIVE_KEY_FLOW,apps/frontend/src/app/(dashboard)/pages/components/blocks/RemoteBrowserViewport.tsx:343,"Source-inventoried; key Pages/Browser paths tested live, repeated instance not individually mutated"
INT-00688,(shared/component),click-handler,apps/frontend/src/app/(dashboard)/pages/components/blocks/RemoteBrowserViewport.tsx,344,onClick={() => { setFrameDead(false); socketRef.current?.close(); }},Review live behavior and state/API effect,PARTIAL_LIVE_KEY_FLOW,apps/frontend/src/app/(dashboard)/pages/components/blocks/RemoteBrowserViewport.tsx:344,"Source-inventoried; key Pages/Browser paths tested live, repeated instance not individually mutated"
INT-00689,(shared/component),input,apps/frontend/src/app/(dashboard)/pages/components/blocks/ResearchWorkspaceBlock.tsx,146,<input,Review live behavior and state/API effect,PARTIAL_LIVE_KEY_FLOW,apps/frontend/src/app/(dashboard)/pages/components/blocks/ResearchWorkspaceBlock.tsx:146,"Source-inventoried; key Pages/Browser paths tested live, repeated instance not individually mutated"
INT-00690,(shared/component),change-handler,apps/frontend/src/app/(dashboard)/pages/components/blocks/ResearchWorkspaceBlock.tsx,149,onChange={(e) => setNewSessionName(e.target.value)},Review live behavior and state/API effect,PARTIAL_LIVE_KEY_FLOW,apps/frontend/src/app/(dashboard)/pages/components/blocks/ResearchWorkspaceBlock.tsx:149,"Source-inventoried; key Pages/Browser paths tested live, repeated instance not individually mutated"
INT-00691,(shared/component),button,apps/frontend/src/app/(dashboard)/pages/components/blocks/ResearchWorkspaceBlock.tsx,154,<button,Review live behavior and state/API effect,PARTIAL_LIVE_KEY_FLOW,apps/frontend/src/app/(dashboard)/pages/components/blocks/ResearchWorkspaceBlock.tsx:154,"Source-inventoried; key Pages/Browser paths tested live, repeated instance not individually mutated"
INT-00692,(shared/component),click-handler,apps/frontend/src/app/(dashboard)/pages/components/blocks/ResearchWorkspaceBlock.tsx,155,onClick={() => createSessionMutation.mutate(newSessionName)},Review live behavior and state/API effect,PARTIAL_LIVE_KEY_FLOW,apps/frontend/src/app/(dashboard)/pages/components/blocks/ResearchWorkspaceBlock.tsx:155,"Source-inventoried; key Pages/Browser paths tested live, repeated instance not individually mutated"
INT-00693,(shared/component),button,apps/frontend/src/app/(dashboard)/pages/components/blocks/ResearchWorkspaceBlock.tsx,163,<button,Review live behavior and state/API effect,PARTIAL_LIVE_KEY_FLOW,apps/frontend/src/app/(dashboard)/pages/components/blocks/ResearchWorkspaceBlock.tsx:163,"Source-inventoried; key Pages/Browser paths tested live, repeated instance not individually mutated"
INT-00694,(shared/component),click-handler,apps/frontend/src/app/(dashboard)/pages/components/blocks/ResearchWorkspaceBlock.tsx,164,onClick={() => setShowNewSession(true)},Review live behavior and state/API effect,PARTIAL_LIVE_KEY_FLOW,apps/frontend/src/app/(dashboard)/pages/components/blocks/ResearchWorkspaceBlock.tsx:164,"Source-inventoried; key Pages/Browser paths tested live, repeated instance not individually mutated"
INT-00695,(shared/component),select,apps/frontend/src/app/(dashboard)/pages/components/blocks/ResearchWorkspaceBlock.tsx,181,<select,Review live behavior and state/API effect,PARTIAL_LIVE_KEY_FLOW,apps/frontend/src/app/(dashboard)/pages/components/blocks/ResearchWorkspaceBlock.tsx:181,"Source-inventoried; key Pages/Browser paths tested live, repeated instance not individually mutated"
INT-00696,(shared/component),change-handler,apps/frontend/src/app/(dashboard)/pages/components/blocks/ResearchWorkspaceBlock.tsx,183,onChange={(e) => setActiveSessionId(e.target.value)},Review live behavior and state/API effect,PARTIAL_LIVE_KEY_FLOW,apps/frontend/src/app/(dashboard)/pages/components/blocks/ResearchWorkspaceBlock.tsx:183,"Source-inventoried; key Pages/Browser paths tested live, repeated instance not individually mutated"
INT-00697,(shared/component),button,apps/frontend/src/app/(dashboard)/pages/components/blocks/ResearchWorkspaceBlock.tsx,190,<button,Review live behavior and state/API effect,PARTIAL_LIVE_KEY_FLOW,apps/frontend/src/app/(dashboard)/pages/components/blocks/ResearchWorkspaceBlock.tsx:190,"Source-inventoried; key Pages/Browser paths tested live, repeated instance not individually mutated"
INT-00698,(shared/component),click-handler,apps/frontend/src/app/(dashboard)/pages/components/blocks/ResearchWorkspaceBlock.tsx,191,onClick={() => setShowNewSession(true)},Review live behavior and state/API effect,PARTIAL_LIVE_KEY_FLOW,apps/frontend/src/app/(dashboard)/pages/components/blocks/ResearchWorkspaceBlock.tsx:191,"Source-inventoried; key Pages/Browser paths tested live, repeated instance not individually mutated"
INT-00699,(shared/component),input,apps/frontend/src/app/(dashboard)/pages/components/blocks/ResearchWorkspaceBlock.tsx,202,<input,Review live behavior and state/API effect,PARTIAL_LIVE_KEY_FLOW,apps/frontend/src/app/(dashboard)/pages/components/blocks/ResearchWorkspaceBlock.tsx:202,"Source-inventoried; key Pages/Browser paths tested live, repeated instance not individually mutated"
INT-00700,(shared/component),change-handler,apps/frontend/src/app/(dashboard)/pages/components/blocks/ResearchWorkspaceBlock.tsx,205,onChange={(e) => setNewSessionName(e.target.value)},Review live behavior and state/API effect,PARTIAL_LIVE_KEY_FLOW,apps/frontend/src/app/(dashboard)/pages/components/blocks/ResearchWorkspaceBlock.tsx:205,"Source-inventoried; key Pages/Browser paths tested live, repeated instance not individually mutated"
INT-00701,(shared/component),button,apps/frontend/src/app/(dashboard)/pages/components/blocks/ResearchWorkspaceBlock.tsx,210,<button,Review live behavior and state/API effect,PARTIAL_LIVE_KEY_FLOW,apps/frontend/src/app/(dashboard)/pages/components/blocks/ResearchWorkspaceBlock.tsx:210,"Source-inventoried; key Pages/Browser paths tested live, repeated instance not individually mutated"
INT-00702,(shared/component),click-handler,apps/frontend/src/app/(dashboard)/pages/components/blocks/ResearchWorkspaceBlock.tsx,211,onClick={() => createSessionMutation.mutate(newSessionName)},Review live behavior and state/API effect,PARTIAL_LIVE_KEY_FLOW,apps/frontend/src/app/(dashboard)/pages/components/blocks/ResearchWorkspaceBlock.tsx:211,"Source-inventoried; key Pages/Browser paths tested live, repeated instance not individually mutated"
INT-00703,(shared/component),button,apps/frontend/src/app/(dashboard)/pages/components/blocks/ResearchWorkspaceBlock.tsx,217,"<button onClick={() => setShowNewSession(false)} className=""text-xs text-fg-muted"">Abbrechen</button>",Review live behavior and state/API effect,PARTIAL_LIVE_KEY_FLOW,apps/frontend/src/app/(dashboard)/pages/components/blocks/ResearchWorkspaceBlock.tsx:217,"Source-inventoried; key Pages/Browser paths tested live, repeated instance not individually mutated"
INT-00704,(shared/component),click-handler,apps/frontend/src/app/(dashboard)/pages/components/blocks/ResearchWorkspaceBlock.tsx,217,"<button onClick={() => setShowNewSession(false)} className=""text-xs text-fg-muted"">Abbrechen</button>",Review live behavior and state/API effect,PARTIAL_LIVE_KEY_FLOW,apps/frontend/src/app/(dashboard)/pages/components/blocks/ResearchWorkspaceBlock.tsx:217,"Source-inventoried; key Pages/Browser paths tested live, repeated instance not individually mutated"
INT-00705,(shared/component),button,apps/frontend/src/app/(dashboard)/pages/components/blocks/ResearchWorkspaceBlock.tsx,224,<button,Review live behavior and state/API effect,PARTIAL_LIVE_KEY_FLOW,apps/frontend/src/app/(dashboard)/pages/components/blocks/ResearchWorkspaceBlock.tsx:224,"Source-inventoried; key Pages/Browser paths tested live, repeated instance not individually mutated"
INT-00706,(shared/component),click-handler,apps/frontend/src/app/(dashboard)/pages/components/blocks/ResearchWorkspaceBlock.tsx,226,onClick={() => setActiveTab(tab)},Review live behavior and state/API effect,PARTIAL_LIVE_KEY_FLOW,apps/frontend/src/app/(dashboard)/pages/components/blocks/ResearchWorkspaceBlock.tsx:226,"Source-inventoried; key Pages/Browser paths tested live, repeated instance not individually mutated"
INT-00707,(shared/component),change-handler,apps/frontend/src/app/(dashboard)/pages/components/blocks/ResearchWorkspaceBlock.tsx,245,onChange={onChange},Review live behavior and state/API effect,PARTIAL_LIVE_KEY_FLOW,apps/frontend/src/app/(dashboard)/pages/components/blocks/ResearchWorkspaceBlock.tsx:245,"Source-inventoried; key Pages/Browser paths tested live, repeated instance not individually mutated"
INT-00708,(shared/component),button,apps/frontend/src/app/(dashboard)/pages/components/blocks/ResearchWorkspaceBlock.tsx,249,<button,Review live behavior and state/API effect,PARTIAL_LIVE_KEY_FLOW,apps/frontend/src/app/(dashboard)/pages/components/blocks/ResearchWorkspaceBlock.tsx:249,"Source-inventoried; key Pages/Browser paths tested live, repeated instance not individually mutated"
INT-00709,(shared/component),click-handler,apps/frontend/src/app/(dashboard)/pages/components/blocks/ResearchWorkspaceBlock.tsx,250,onClick={() => {,Review live behavior and state/API effect,PARTIAL_LIVE_KEY_FLOW,apps/frontend/src/app/(dashboard)/pages/components/blocks/ResearchWorkspaceBlock.tsx:250,"Source-inventoried; key Pages/Browser paths tested live, repeated instance not individually mutated"
INT-00710,(shared/component),input,apps/frontend/src/app/(dashboard)/pages/components/blocks/ResearchWorkspaceBlock.tsx,271,<input,Review live behavior and state/API effect,PARTIAL_LIVE_KEY_FLOW,apps/frontend/src/app/(dashboard)/pages/components/blocks/ResearchWorkspaceBlock.tsx:271,"Source-inventoried; key Pages/Browser paths tested live, repeated instance not individually mutated"
INT-00711,(shared/component),change-handler,apps/frontend/src/app/(dashboard)/pages/components/blocks/ResearchWorkspaceBlock.tsx,274,onChange={(e) => setNewSourceUrl(e.target.value)},Review live behavior and state/API effect,PARTIAL_LIVE_KEY_FLOW,apps/frontend/src/app/(dashboard)/pages/components/blocks/ResearchWorkspaceBlock.tsx:274,"Source-inventoried; key Pages/Browser paths tested live, repeated instance not individually mutated"
INT-00712,(shared/component),input,apps/frontend/src/app/(dashboard)/pages/components/blocks/ResearchWorkspaceBlock.tsx,278,<input,Review live behavior and state/API effect,PARTIAL_LIVE_KEY_FLOW,apps/frontend/src/app/(dashboard)/pages/components/blocks/ResearchWorkspaceBlock.tsx:278,"Source-inventoried; key Pages/Browser paths tested live, repeated instance not individually mutated"
INT-00713,(shared/component),change-handler,apps/frontend/src/app/(dashboard)/pages/components/blocks/ResearchWorkspaceBlock.tsx,281,onChange={(e) => setNewSourceTitle(e.target.value)},Review live behavior and state/API effect,PARTIAL_LIVE_KEY_FLOW,apps/frontend/src/app/(dashboard)/pages/components/blocks/ResearchWorkspaceBlock.tsx:281,"Source-inventoried; key Pages/Browser paths tested live, repeated instance not individually mutated"
INT-00714,(shared/component),button,apps/frontend/src/app/(dashboard)/pages/components/blocks/ResearchWorkspaceBlock.tsx,285,<button,Review live behavior and state/API effect,PARTIAL_LIVE_KEY_FLOW,apps/frontend/src/app/(dashboard)/pages/components/blocks/ResearchWorkspaceBlock.tsx:285,"Source-inventoried; key Pages/Browser paths tested live, repeated instance not individually mutated"
INT-00715,(shared/component),click-handler,apps/frontend/src/app/(dashboard)/pages/components/blocks/ResearchWorkspaceBlock.tsx,286,onClick={() => addSourceMutation.mutate()},Review live behavior and state/API effect,PARTIAL_LIVE_KEY_FLOW,apps/frontend/src/app/(dashboard)/pages/components/blocks/ResearchWorkspaceBlock.tsx:286,"Source-inventoried; key Pages/Browser paths tested live, repeated instance not individually mutated"
INT-00716,(shared/component),button,apps/frontend/src/app/(dashboard)/pages/components/blocks/ResearchWorkspaceBlock.tsx,299,<button,Review live behavior and state/API effect,PARTIAL_LIVE_KEY_FLOW,apps/frontend/src/app/(dashboard)/pages/components/blocks/ResearchWorkspaceBlock.tsx:299,"Source-inventoried; key Pages/Browser paths tested live, repeated instance not individually mutated"
INT-00717,(shared/component),click-handler,apps/frontend/src/app/(dashboard)/pages/components/blocks/ResearchWorkspaceBlock.tsx,300,"onClick={() => togglePinMutation.mutate({ sourceId: source.id, isPinned: !source.isPinned })}",Review live behavior and state/API effect,PARTIAL_LIVE_KEY_FLOW,apps/frontend/src/app/(dashboard)/pages/components/blocks/ResearchWorkspaceBlock.tsx:300,"Source-inventoried; key Pages/Browser paths tested live, repeated instance not individually mutated"
INT-00718,(shared/component),link,apps/frontend/src/app/(dashboard)/pages/components/blocks/ResearchWorkspaceBlock.tsx,306,<a,Review live behavior and state/API effect,PARTIAL_LIVE_KEY_FLOW,apps/frontend/src/app/(dashboard)/pages/components/blocks/ResearchWorkspaceBlock.tsx:306,"Source-inventoried; key Pages/Browser paths tested live, repeated instance not individually mutated"
INT-00719,(shared/component),button,apps/frontend/src/app/(dashboard)/pages/components/blocks/ResearchWorkspaceBlock.tsx,322,<button,Review live behavior and state/API effect,PARTIAL_LIVE_KEY_FLOW,apps/frontend/src/app/(dashboard)/pages/components/blocks/ResearchWorkspaceBlock.tsx:322,"Source-inventoried; key Pages/Browser paths tested live, repeated instance not individually mutated"
INT-00720,(shared/component),click-handler,apps/frontend/src/app/(dashboard)/pages/components/blocks/ResearchWorkspaceBlock.tsx,323,onClick={() => deleteSourceMutation.mutate(source.id)},Review live behavior and state/API effect,PARTIAL_LIVE_KEY_FLOW,apps/frontend/src/app/(dashboard)/pages/components/blocks/ResearchWorkspaceBlock.tsx:323,"Source-inventoried; key Pages/Browser paths tested live, repeated instance not individually mutated"
INT-00721,(shared/component),button,apps/frontend/src/app/(dashboard)/pages/components/blocks/ResearchWorkspaceBlock.tsx,339,<button,Review live behavior and state/API effect,PARTIAL_LIVE_KEY_FLOW,apps/frontend/src/app/(dashboard)/pages/components/blocks/ResearchWorkspaceBlock.tsx:339,"Source-inventoried; key Pages/Browser paths tested live, repeated instance not individually mutated"
INT-00722,(shared/component),click-handler,apps/frontend/src/app/(dashboard)/pages/components/blocks/ResearchWorkspaceBlock.tsx,340,onClick={() => {,Review live behavior and state/API effect,PARTIAL_LIVE_KEY_FLOW,apps/frontend/src/app/(dashboard)/pages/components/blocks/ResearchWorkspaceBlock.tsx:340,"Source-inventoried; key Pages/Browser paths tested live, repeated instance not individually mutated"
INT-00723,(shared/component),textarea,apps/frontend/src/app/(dashboard)/pages/components/blocks/ResearchWorkspaceBlock.tsx,366,<textarea,Review live behavior and state/API effect,PARTIAL_LIVE_KEY_FLOW,apps/frontend/src/app/(dashboard)/pages/components/blocks/ResearchWorkspaceBlock.tsx:366,"Source-inventoried; key Pages/Browser paths tested live, repeated instance not individually mutated"
INT-00724,(shared/component),change-handler,apps/frontend/src/app/(dashboard)/pages/components/blocks/ResearchWorkspaceBlock.tsx,368,onChange={(e) => {,Review live behavior and state/API effect,PARTIAL_LIVE_KEY_FLOW,apps/frontend/src/app/(dashboard)/pages/components/blocks/ResearchWorkspaceBlock.tsx:368,"Source-inventoried; key Pages/Browser paths tested live, repeated instance not individually mutated"
INT-00725,(shared/component),input,apps/frontend/src/app/(dashboard)/pages/components/blocks/SearchBlock.tsx,119,<input,Review live behavior and state/API effect,PARTIAL_LIVE_KEY_FLOW,apps/frontend/src/app/(dashboard)/pages/components/blocks/SearchBlock.tsx:119,"Source-inventoried; key Pages/Browser paths tested live, repeated instance not individually mutated"
INT-00726,(shared/component),change-handler,apps/frontend/src/app/(dashboard)/pages/components/blocks/SearchBlock.tsx,123,onChange={(e) => handleQueryChange(e.target.value)},Review live behavior and state/API effect,PARTIAL_LIVE_KEY_FLOW,apps/frontend/src/app/(dashboard)/pages/components/blocks/SearchBlock.tsx:123,"Source-inventoried; key Pages/Browser paths tested live, repeated instance not individually mutated"
INT-00727,(shared/component),button,apps/frontend/src/app/(dashboard)/pages/components/blocks/SearchBlock.tsx,137,<button,Review live behavior and state/API effect,PARTIAL_LIVE_KEY_FLOW,apps/frontend/src/app/(dashboard)/pages/components/blocks/SearchBlock.tsx:137,"Source-inventoried; key Pages/Browser paths tested live, repeated instance not individually mutated"
INT-00728,(shared/component),click-handler,apps/frontend/src/app/(dashboard)/pages/components/blocks/SearchBlock.tsx,139,onClick={() => handleScopeChange(opt.value)},Review live behavior and state/API effect,PARTIAL_LIVE_KEY_FLOW,apps/frontend/src/app/(dashboard)/pages/components/blocks/SearchBlock.tsx:139,"Source-inventoried; key Pages/Browser paths tested live, repeated instance not individually mutated"
INT-00729,(shared/component),button,apps/frontend/src/app/(dashboard)/pages/components/blocks/SearchBlock.tsx,172,<button,Review live behavior and state/API effect,PARTIAL_LIVE_KEY_FLOW,apps/frontend/src/app/(dashboard)/pages/components/blocks/SearchBlock.tsx:172,"Source-inventoried; key Pages/Browser paths tested live, repeated instance not individually mutated"
INT-00730,(shared/component),click-handler,apps/frontend/src/app/(dashboard)/pages/components/blocks/SearchBlock.tsx,174,onClick={() => {,Review live behavior and state/API effect,PARTIAL_LIVE_KEY_FLOW,apps/frontend/src/app/(dashboard)/pages/components/blocks/SearchBlock.tsx:174,"Source-inventoried; key Pages/Browser paths tested live, repeated instance not individually mutated"
INT-00731,(shared/component),input,apps/frontend/src/app/(dashboard)/pages/components/blocks/TableBlock.tsx,115,<input,Review live behavior and state/API effect,PARTIAL_LIVE_KEY_FLOW,apps/frontend/src/app/(dashboard)/pages/components/blocks/TableBlock.tsx:115,"Source-inventoried; key Pages/Browser paths tested live, repeated instance not individually mutated"
INT-00732,(shared/component),change-handler,apps/frontend/src/app/(dashboard)/pages/components/blocks/TableBlock.tsx,117,"onChange={(e) => updateColumnName(col.id, e.target.value)}",Review live behavior and state/API effect,PARTIAL_LIVE_KEY_FLOW,apps/frontend/src/app/(dashboard)/pages/components/blocks/TableBlock.tsx:117,"Source-inventoried; key Pages/Browser paths tested live, repeated instance not individually mutated"
INT-00733,(shared/component),button,apps/frontend/src/app/(dashboard)/pages/components/blocks/TableBlock.tsx,120,<button,Review live behavior and state/API effect,PARTIAL_LIVE_KEY_FLOW,apps/frontend/src/app/(dashboard)/pages/components/blocks/TableBlock.tsx:120,"Source-inventoried; key Pages/Browser paths tested live, repeated instance not individually mutated"
INT-00734,(shared/component),click-handler,apps/frontend/src/app/(dashboard)/pages/components/blocks/TableBlock.tsx,121,onClick={() => setShowColMenu(showColMenu === col.id ? null : col.id)},Review live behavior and state/API effect,PARTIAL_LIVE_KEY_FLOW,apps/frontend/src/app/(dashboard)/pages/components/blocks/TableBlock.tsx:121,"Source-inventoried; key Pages/Browser paths tested live, repeated instance not individually mutated"
INT-00735,(shared/component),button,apps/frontend/src/app/(dashboard)/pages/components/blocks/TableBlock.tsx,132,<button,Review live behavior and state/API effect,PARTIAL_LIVE_KEY_FLOW,apps/frontend/src/app/(dashboard)/pages/components/blocks/TableBlock.tsx:132,"Source-inventoried; key Pages/Browser paths tested live, repeated instance not individually mutated"
INT-00736,(shared/component),click-handler,apps/frontend/src/app/(dashboard)/pages/components/blocks/TableBlock.tsx,134,onClick={() => {,Review live behavior and state/API effect,PARTIAL_LIVE_KEY_FLOW,apps/frontend/src/app/(dashboard)/pages/components/blocks/TableBlock.tsx:134,"Source-inventoried; key Pages/Browser paths tested live, repeated instance not individually mutated"
INT-00737,(shared/component),button,apps/frontend/src/app/(dashboard)/pages/components/blocks/TableBlock.tsx,150,<button,Review live behavior and state/API effect,PARTIAL_LIVE_KEY_FLOW,apps/frontend/src/app/(dashboard)/pages/components/blocks/TableBlock.tsx:150,"Source-inventoried; key Pages/Browser paths tested live, repeated instance not individually mutated"
INT-00738,(shared/component),click-handler,apps/frontend/src/app/(dashboard)/pages/components/blocks/TableBlock.tsx,152,"onClick={() => { setColumnFunction(col.id, fn); setShowColMenu(null); }}",Review live behavior and state/API effect,PARTIAL_LIVE_KEY_FLOW,apps/frontend/src/app/(dashboard)/pages/components/blocks/TableBlock.tsx:152,"Source-inventoried; key Pages/Browser paths tested live, repeated instance not individually mutated"
INT-00739,(shared/component),button,apps/frontend/src/app/(dashboard)/pages/components/blocks/TableBlock.tsx,161,<button,Review live behavior and state/API effect,PARTIAL_LIVE_KEY_FLOW,apps/frontend/src/app/(dashboard)/pages/components/blocks/TableBlock.tsx:161,"Source-inventoried; key Pages/Browser paths tested live, repeated instance not individually mutated"
INT-00740,(shared/component),click-handler,apps/frontend/src/app/(dashboard)/pages/components/blocks/TableBlock.tsx,162,"onClick={() => { setColumnFunction(col.id, null); setShowColMenu(null); }}",Review live behavior and state/API effect,PARTIAL_LIVE_KEY_FLOW,apps/frontend/src/app/(dashboard)/pages/components/blocks/TableBlock.tsx:162,"Source-inventoried; key Pages/Browser paths tested live, repeated instance not individually mutated"
INT-00741,(shared/component),button,apps/frontend/src/app/(dashboard)/pages/components/blocks/TableBlock.tsx,170,<button,Review live behavior and state/API effect,PARTIAL_LIVE_KEY_FLOW,apps/frontend/src/app/(dashboard)/pages/components/blocks/TableBlock.tsx:170,"Source-inventoried; key Pages/Browser paths tested live, repeated instance not individually mutated"
INT-00742,(shared/component),click-handler,apps/frontend/src/app/(dashboard)/pages/components/blocks/TableBlock.tsx,171,onClick={() => removeColumn(col.id)},Review live behavior and state/API effect,PARTIAL_LIVE_KEY_FLOW,apps/frontend/src/app/(dashboard)/pages/components/blocks/TableBlock.tsx:171,"Source-inventoried; key Pages/Browser paths tested live, repeated instance not individually mutated"
INT-00743,(shared/component),button,apps/frontend/src/app/(dashboard)/pages/components/blocks/TableBlock.tsx,182,<button,Review live behavior and state/API effect,PARTIAL_LIVE_KEY_FLOW,apps/frontend/src/app/(dashboard)/pages/components/blocks/TableBlock.tsx:182,"Source-inventoried; key Pages/Browser paths tested live, repeated instance not individually mutated"
INT-00744,(shared/component),click-handler,apps/frontend/src/app/(dashboard)/pages/components/blocks/TableBlock.tsx,183,onClick={addColumn},Review live behavior and state/API effect,PARTIAL_LIVE_KEY_FLOW,apps/frontend/src/app/(dashboard)/pages/components/blocks/TableBlock.tsx:183,"Source-inventoried; key Pages/Browser paths tested live, repeated instance not individually mutated"
INT-00745,(shared/component),input,apps/frontend/src/app/(dashboard)/pages/components/blocks/TableBlock.tsx,204,<input,Review live behavior and state/API effect,PARTIAL_LIVE_KEY_FLOW,apps/frontend/src/app/(dashboard)/pages/components/blocks/TableBlock.tsx:204,"Source-inventoried; key Pages/Browser paths tested live, repeated instance not individually mutated"
INT-00746,(shared/component),change-handler,apps/frontend/src/app/(dashboard)/pages/components/blocks/TableBlock.tsx,208,"onChange={(e) => updateCell(row.id, col.id, e.target.value)}",Review live behavior and state/API effect,PARTIAL_LIVE_KEY_FLOW,apps/frontend/src/app/(dashboard)/pages/components/blocks/TableBlock.tsx:208,"Source-inventoried; key Pages/Browser paths tested live, repeated instance not individually mutated"
INT-00747,(shared/component),keyboard-handler,apps/frontend/src/app/(dashboard)/pages/components/blocks/TableBlock.tsx,210,onKeyDown={(e) => e.key === 'Enter' && setEditingCell(null)},Review live behavior and state/API effect,PARTIAL_LIVE_KEY_FLOW,apps/frontend/src/app/(dashboard)/pages/components/blocks/TableBlock.tsx:210,"Source-inventoried; key Pages/Browser paths tested live, repeated instance not individually mutated"
INT-00748,(shared/component),button,apps/frontend/src/app/(dashboard)/pages/components/blocks/TableBlock.tsx,219,<button,Review live behavior and state/API effect,PARTIAL_LIVE_KEY_FLOW,apps/frontend/src/app/(dashboard)/pages/components/blocks/TableBlock.tsx:219,"Source-inventoried; key Pages/Browser paths tested live, repeated instance not individually mutated"
INT-00749,(shared/component),click-handler,apps/frontend/src/app/(dashboard)/pages/components/blocks/TableBlock.tsx,220,onClick={() => removeRow(row.id)},Review live behavior and state/API effect,PARTIAL_LIVE_KEY_FLOW,apps/frontend/src/app/(dashboard)/pages/components/blocks/TableBlock.tsx:220,"Source-inventoried; key Pages/Browser paths tested live, repeated instance not individually mutated"
INT-00750,(shared/component),button,apps/frontend/src/app/(dashboard)/pages/components/blocks/TableBlock.tsx,251,<button,Review live behavior and state/API effect,PARTIAL_LIVE_KEY_FLOW,apps/frontend/src/app/(dashboard)/pages/components/blocks/TableBlock.tsx:251,"Source-inventoried; key Pages/Browser paths tested live, repeated instance not individually mutated"
INT-00751,(shared/component),click-handler,apps/frontend/src/app/(dashboard)/pages/components/blocks/TableBlock.tsx,252,onClick={addRow},Review live behavior and state/API effect,PARTIAL_LIVE_KEY_FLOW,apps/frontend/src/app/(dashboard)/pages/components/blocks/TableBlock.tsx:252,"Source-inventoried; key Pages/Browser paths tested live, repeated instance not individually mutated"
INT-00752,(shared/component),input,apps/frontend/src/app/(dashboard)/pages/components/blocks/TimelineBlock.tsx,56,<input,Review live behavior and state/API effect,PARTIAL_LIVE_KEY_FLOW,apps/frontend/src/app/(dashboard)/pages/components/blocks/TimelineBlock.tsx:56,"Source-inventoried; key Pages/Browser paths tested live, repeated instance not individually mutated"
INT-00753,(shared/component),change-handler,apps/frontend/src/app/(dashboard)/pages/components/blocks/TimelineBlock.tsx,59,"onChange={(e) => updateEntry(entry.id, 'date', e.target.value)}",Review live behavior and state/API effect,PARTIAL_LIVE_KEY_FLOW,apps/frontend/src/app/(dashboard)/pages/components/blocks/TimelineBlock.tsx:59,"Source-inventoried; key Pages/Browser paths tested live, repeated instance not individually mutated"
INT-00754,(shared/component),button,apps/frontend/src/app/(dashboard)/pages/components/blocks/TimelineBlock.tsx,62,<button,Review live behavior and state/API effect,PARTIAL_LIVE_KEY_FLOW,apps/frontend/src/app/(dashboard)/pages/components/blocks/TimelineBlock.tsx:62,"Source-inventoried; key Pages/Browser paths tested live, repeated instance not individually mutated"
INT-00755,(shared/component),click-handler,apps/frontend/src/app/(dashboard)/pages/components/blocks/TimelineBlock.tsx,63,onClick={() => removeEntry(entry.id)},Review live behavior and state/API effect,PARTIAL_LIVE_KEY_FLOW,apps/frontend/src/app/(dashboard)/pages/components/blocks/TimelineBlock.tsx:63,"Source-inventoried; key Pages/Browser paths tested live, repeated instance not individually mutated"
INT-00756,(shared/component),input,apps/frontend/src/app/(dashboard)/pages/components/blocks/TimelineBlock.tsx,69,<input,Review live behavior and state/API effect,PARTIAL_LIVE_KEY_FLOW,apps/frontend/src/app/(dashboard)/pages/components/blocks/TimelineBlock.tsx:69,"Source-inventoried; key Pages/Browser paths tested live, repeated instance not individually mutated"
INT-00757,(shared/component),change-handler,apps/frontend/src/app/(dashboard)/pages/components/blocks/TimelineBlock.tsx,72,"onChange={(e) => updateEntry(entry.id, 'title', e.target.value)}",Review live behavior and state/API effect,PARTIAL_LIVE_KEY_FLOW,apps/frontend/src/app/(dashboard)/pages/components/blocks/TimelineBlock.tsx:72,"Source-inventoried; key Pages/Browser paths tested live, repeated instance not individually mutated"
INT-00758,(shared/component),textarea,apps/frontend/src/app/(dashboard)/pages/components/blocks/TimelineBlock.tsx,76,<textarea,Review live behavior and state/API effect,PARTIAL_LIVE_KEY_FLOW,apps/frontend/src/app/(dashboard)/pages/components/blocks/TimelineBlock.tsx:76,"Source-inventoried; key Pages/Browser paths tested live, repeated instance not individually mutated"
INT-00759,(shared/component),change-handler,apps/frontend/src/app/(dashboard)/pages/components/blocks/TimelineBlock.tsx,78,"onChange={(e) => updateEntry(entry.id, 'description', e.target.value)}",Review live behavior and state/API effect,PARTIAL_LIVE_KEY_FLOW,apps/frontend/src/app/(dashboard)/pages/components/blocks/TimelineBlock.tsx:78,"Source-inventoried; key Pages/Browser paths tested live, repeated instance not individually mutated"
INT-00760,(shared/component),button,apps/frontend/src/app/(dashboard)/pages/components/blocks/TimelineBlock.tsx,85,<button,Review live behavior and state/API effect,PARTIAL_LIVE_KEY_FLOW,apps/frontend/src/app/(dashboard)/pages/components/blocks/TimelineBlock.tsx:85,"Source-inventoried; key Pages/Browser paths tested live, repeated instance not individually mutated"
INT-00761,(shared/component),click-handler,apps/frontend/src/app/(dashboard)/pages/components/blocks/TimelineBlock.tsx,86,onClick={addEntry},Review live behavior and state/API effect,PARTIAL_LIVE_KEY_FLOW,apps/frontend/src/app/(dashboard)/pages/components/blocks/TimelineBlock.tsx:86,"Source-inventoried; key Pages/Browser paths tested live, repeated instance not individually mutated"
INT-00762,(shared/component),button,apps/frontend/src/app/(dashboard)/pages/components/blocks/TodoBlock.tsx,17,<button,Review live behavior and state/API effect,PARTIAL_LIVE_KEY_FLOW,apps/frontend/src/app/(dashboard)/pages/components/blocks/TodoBlock.tsx:17,"Source-inventoried; key Pages/Browser paths tested live, repeated instance not individually mutated"
INT-00763,(shared/component),click-handler,apps/frontend/src/app/(dashboard)/pages/components/blocks/TodoBlock.tsx,18,"onClick={() => onChange({ checked: !checked, text })}",Review live behavior and state/API effect,PARTIAL_LIVE_KEY_FLOW,apps/frontend/src/app/(dashboard)/pages/components/blocks/TodoBlock.tsx:18,"Source-inventoried; key Pages/Browser paths tested live, repeated instance not individually mutated"
INT-00764,(shared/component),input,apps/frontend/src/app/(dashboard)/pages/components/blocks/TodoBlock.tsx,27,<input,Review live behavior and state/API effect,PARTIAL_LIVE_KEY_FLOW,apps/frontend/src/app/(dashboard)/pages/components/blocks/TodoBlock.tsx:27,"Source-inventoried; key Pages/Browser paths tested live, repeated instance not individually mutated"
INT-00765,(shared/component),change-handler,apps/frontend/src/app/(dashboard)/pages/components/blocks/TodoBlock.tsx,30,"onChange={(e) => onChange({ checked, text: e.target.value })}",Review live behavior and state/API effect,PARTIAL_LIVE_KEY_FLOW,apps/frontend/src/app/(dashboard)/pages/components/blocks/TodoBlock.tsx:30,"Source-inventoried; key Pages/Browser paths tested live, repeated instance not individually mutated"
INT-00766,(shared/component),button,apps/frontend/src/app/(dashboard)/pages/components/blocks/ToggleBlock.tsx,16,<button,Review live behavior and state/API effect,PARTIAL_LIVE_KEY_FLOW,apps/frontend/src/app/(dashboard)/pages/components/blocks/ToggleBlock.tsx:16,"Source-inventoried; key Pages/Browser paths tested live, repeated instance not individually mutated"
INT-00767,(shared/component),click-handler,apps/frontend/src/app/(dashboard)/pages/components/blocks/ToggleBlock.tsx,17,"onClick={() => onChange({ label, content, isOpen: !isOpen })}",Review live behavior and state/API effect,PARTIAL_LIVE_KEY_FLOW,apps/frontend/src/app/(dashboard)/pages/components/blocks/ToggleBlock.tsx:17,"Source-inventoried; key Pages/Browser paths tested live, repeated instance not individually mutated"
INT-00768,(shared/component),textarea,apps/frontend/src/app/(dashboard)/pages/components/blocks/ToggleBlock.tsx,27,<textarea,Review live behavior and state/API effect,PARTIAL_LIVE_KEY_FLOW,apps/frontend/src/app/(dashboard)/pages/components/blocks/ToggleBlock.tsx:27,"Source-inventoried; key Pages/Browser paths tested live, repeated instance not individually mutated"
INT-00769,(shared/component),change-handler,apps/frontend/src/app/(dashboard)/pages/components/blocks/ToggleBlock.tsx,29,"onChange={(e) => onChange({ label, content: e.target.value, isOpen })}",Review live behavior and state/API effect,PARTIAL_LIVE_KEY_FLOW,apps/frontend/src/app/(dashboard)/pages/components/blocks/ToggleBlock.tsx:29,"Source-inventoried; key Pages/Browser paths tested live, repeated instance not individually mutated"
INT-00770,(shared/component),button,apps/frontend/src/app/(dashboard)/pages/components/blocks/VideoBlock.tsx,23,<button,Review live behavior and state/API effect,PARTIAL_LIVE_KEY_FLOW,apps/frontend/src/app/(dashboard)/pages/components/blocks/VideoBlock.tsx:23,"Source-inventoried; key Pages/Browser paths tested live, repeated instance not individually mutated"
INT-00771,(shared/component),click-handler,apps/frontend/src/app/(dashboard)/pages/components/blocks/VideoBlock.tsx,24,onClick={() => setShowPicker(true)},Review live behavior and state/API effect,PARTIAL_LIVE_KEY_FLOW,apps/frontend/src/app/(dashboard)/pages/components/blocks/VideoBlock.tsx:24,"Source-inventoried; key Pages/Browser paths tested live, repeated instance not individually mutated"
INT-00772,(shared/component),input,apps/frontend/src/app/(dashboard)/pages/components/blocks/VideoBlock.tsx,31,<input,Review live behavior and state/API effect,PARTIAL_LIVE_KEY_FLOW,apps/frontend/src/app/(dashboard)/pages/components/blocks/VideoBlock.tsx:31,"Source-inventoried; key Pages/Browser paths tested live, repeated instance not individually mutated"
INT-00773,(shared/component),change-handler,apps/frontend/src/app/(dashboard)/pages/components/blocks/VideoBlock.tsx,34,onChange={(e) => setEditUrl(e.target.value)},Review live behavior and state/API effect,PARTIAL_LIVE_KEY_FLOW,apps/frontend/src/app/(dashboard)/pages/components/blocks/VideoBlock.tsx:34,"Source-inventoried; key Pages/Browser paths tested live, repeated instance not individually mutated"
INT-00774,(shared/component),button,apps/frontend/src/app/(dashboard)/pages/components/blocks/VideoBlock.tsx,38,<button,Review live behavior and state/API effect,PARTIAL_LIVE_KEY_FLOW,apps/frontend/src/app/(dashboard)/pages/components/blocks/VideoBlock.tsx:38,"Source-inventoried; key Pages/Browser paths tested live, repeated instance not individually mutated"
INT-00775,(shared/component),click-handler,apps/frontend/src/app/(dashboard)/pages/components/blocks/VideoBlock.tsx,39,onClick={handleUrlSubmit},Review live behavior and state/API effect,PARTIAL_LIVE_KEY_FLOW,apps/frontend/src/app/(dashboard)/pages/components/blocks/VideoBlock.tsx:39,"Source-inventoried; key Pages/Browser paths tested live, repeated instance not individually mutated"
INT-00776,(shared/component),click-handler,apps/frontend/src/app/(dashboard)/pages/components/BlockVersionHistory.tsx,76,"<div className=""fixed inset-0 z-50 flex items-center justify-center bg-black/50"" onClick={onClose}>",Review live behavior and state/API effect,PARTIAL_LIVE_KEY_FLOW,apps/frontend/src/app/(dashboard)/pages/components/BlockVersionHistory.tsx:76,"Source-inventoried; key Pages/Browser paths tested live, repeated instance not individually mutated"
INT-00777,(shared/component),click-handler,apps/frontend/src/app/(dashboard)/pages/components/BlockVersionHistory.tsx,79,onClick={(e) => e.stopPropagation()},Review live behavior and state/API effect,PARTIAL_LIVE_KEY_FLOW,apps/frontend/src/app/(dashboard)/pages/components/BlockVersionHistory.tsx:79,"Source-inventoried; key Pages/Browser paths tested live, repeated instance not individually mutated"
INT-00778,(shared/component),button,apps/frontend/src/app/(dashboard)/pages/components/BlockVersionHistory.tsx,85,"<button onClick={onClose} className=""text-fg-muted hover:text-fg"">",Review live behavior and state/API effect,PARTIAL_LIVE_KEY_FLOW,apps/frontend/src/app/(dashboard)/pages/components/BlockVersionHistory.tsx:85,"Source-inventoried; key Pages/Browser paths tested live, repeated instance not individually mutated"
INT-00779,(shared/component),click-handler,apps/frontend/src/app/(dashboard)/pages/components/BlockVersionHistory.tsx,85,"<button onClick={onClose} className=""text-fg-muted hover:text-fg"">",Review live behavior and state/API effect,PARTIAL_LIVE_KEY_FLOW,apps/frontend/src/app/(dashboard)/pages/components/BlockVersionHistory.tsx:85,"Source-inventoried; key Pages/Browser paths tested live, repeated instance not individually mutated"
INT-00780,(shared/component),button,apps/frontend/src/app/(dashboard)/pages/components/BlockVersionHistory.tsx,112,<button,Review live behavior and state/API effect,PARTIAL_LIVE_KEY_FLOW,apps/frontend/src/app/(dashboard)/pages/components/BlockVersionHistory.tsx:112,"Source-inventoried; key Pages/Browser paths tested live, repeated instance not individually mutated"
INT-00781,(shared/component),click-handler,apps/frontend/src/app/(dashboard)/pages/components/BlockVersionHistory.tsx,113,onClick={() => restoreMutation.mutate(version.version)},Review live behavior and state/API effect,PARTIAL_LIVE_KEY_FLOW,apps/frontend/src/app/(dashboard)/pages/components/BlockVersionHistory.tsx:113,"Source-inventoried; key Pages/Browser paths tested live, repeated instance not individually mutated"
INT-00782,(shared/component),button,apps/frontend/src/app/(dashboard)/pages/components/Breadcrumbs.tsx,79,<button,Review live behavior and state/API effect,PARTIAL_LIVE_KEY_FLOW,apps/frontend/src/app/(dashboard)/pages/components/Breadcrumbs.tsx:79,"Source-inventoried; key Pages/Browser paths tested live, repeated instance not individually mutated"
INT-00783,(shared/component),click-handler,apps/frontend/src/app/(dashboard)/pages/components/Breadcrumbs.tsx,80,onClick={() => onNavigate(null)},Review live behavior and state/API effect,PARTIAL_LIVE_KEY_FLOW,apps/frontend/src/app/(dashboard)/pages/components/Breadcrumbs.tsx:80,"Source-inventoried; key Pages/Browser paths tested live, repeated instance not individually mutated"
INT-00784,(shared/component),button,apps/frontend/src/app/(dashboard)/pages/components/Breadcrumbs.tsx,90,<button,Review live behavior and state/API effect,PARTIAL_LIVE_KEY_FLOW,apps/frontend/src/app/(dashboard)/pages/components/Breadcrumbs.tsx:90,"Source-inventoried; key Pages/Browser paths tested live, repeated instance not individually mutated"
INT-00785,(shared/component),click-handler,apps/frontend/src/app/(dashboard)/pages/components/Breadcrumbs.tsx,91,onClick={() => onNavigate(crumb.id)},Review live behavior and state/API effect,PARTIAL_LIVE_KEY_FLOW,apps/frontend/src/app/(dashboard)/pages/components/Breadcrumbs.tsx:91,"Source-inventoried; key Pages/Browser paths tested live, repeated instance not individually mutated"
INT-00786,(shared/component),drag-handler,apps/frontend/src/app/(dashboard)/pages/components/DragDropContainer.tsx,85,onDragStart={handleDragStart},Review live behavior and state/API effect,PARTIAL_LIVE_KEY_FLOW,apps/frontend/src/app/(dashboard)/pages/components/DragDropContainer.tsx:85,"Source-inventoried; key Pages/Browser paths tested live, repeated instance not individually mutated"
INT-00787,(shared/component),drag-handler,apps/frontend/src/app/(dashboard)/pages/components/DragDropContainer.tsx,86,onDragEnd={handleDragEnd},Review live behavior and state/API effect,PARTIAL_LIVE_KEY_FLOW,apps/frontend/src/app/(dashboard)/pages/components/DragDropContainer.tsx:86,"Source-inventoried; key Pages/Browser paths tested live, repeated instance not individually mutated"
INT-00788,(shared/component),button,apps/frontend/src/app/(dashboard)/pages/components/PageHeader.tsx,101,<button,Review live behavior and state/API effect,PARTIAL_LIVE_KEY_FLOW,apps/frontend/src/app/(dashboard)/pages/components/PageHeader.tsx:101,"Source-inventoried; key Pages/Browser paths tested live, repeated instance not individually mutated"
INT-00789,(shared/component),click-handler,apps/frontend/src/app/(dashboard)/pages/components/PageHeader.tsx,102,onClick={() => onNavigate(null)},Review live behavior and state/API effect,PARTIAL_LIVE_KEY_FLOW,apps/frontend/src/app/(dashboard)/pages/components/PageHeader.tsx:102,"Source-inventoried; key Pages/Browser paths tested live, repeated instance not individually mutated"
INT-00790,(shared/component),button,apps/frontend/src/app/(dashboard)/pages/components/PageHeader.tsx,111,<button,Review live behavior and state/API effect,PARTIAL_LIVE_KEY_FLOW,apps/frontend/src/app/(dashboard)/pages/components/PageHeader.tsx:111,"Source-inventoried; key Pages/Browser paths tested live, repeated instance not individually mutated"
INT-00791,(shared/component),click-handler,apps/frontend/src/app/(dashboard)/pages/components/PageHeader.tsx,112,onClick={() => onNavigate(p.id)},Review live behavior and state/API effect,PARTIAL_LIVE_KEY_FLOW,apps/frontend/src/app/(dashboard)/pages/components/PageHeader.tsx:112,"Source-inventoried; key Pages/Browser paths tested live, repeated instance not individually mutated"
INT-00792,(shared/component),button,apps/frontend/src/app/(dashboard)/pages/components/PageHeader.tsx,126,<button,Review live behavior and state/API effect,PARTIAL_LIVE_KEY_FLOW,apps/frontend/src/app/(dashboard)/pages/components/PageHeader.tsx:126,"Source-inventoried; key Pages/Browser paths tested live, repeated instance not individually mutated"
INT-00793,(shared/component),click-handler,apps/frontend/src/app/(dashboard)/pages/components/PageHeader.tsx,127,onClick={() => updateMutation.mutate({ coverMediaId: null })},Review live behavior and state/API effect,PARTIAL_LIVE_KEY_FLOW,apps/frontend/src/app/(dashboard)/pages/components/PageHeader.tsx:127,"Source-inventoried; key Pages/Browser paths tested live, repeated instance not individually mutated"
INT-00794,(shared/component),button,apps/frontend/src/app/(dashboard)/pages/components/PageHeader.tsx,134,<button,Review live behavior and state/API effect,PARTIAL_LIVE_KEY_FLOW,apps/frontend/src/app/(dashboard)/pages/components/PageHeader.tsx:134,"Source-inventoried; key Pages/Browser paths tested live, repeated instance not individually mutated"
INT-00795,(shared/component),click-handler,apps/frontend/src/app/(dashboard)/pages/components/PageHeader.tsx,135,onClick={() => setShowCoverPicker(true)},Review live behavior and state/API effect,PARTIAL_LIVE_KEY_FLOW,apps/frontend/src/app/(dashboard)/pages/components/PageHeader.tsx:135,"Source-inventoried; key Pages/Browser paths tested live, repeated instance not individually mutated"
INT-00796,(shared/component),button,apps/frontend/src/app/(dashboard)/pages/components/PageHeader.tsx,146,<button,Review live behavior and state/API effect,PARTIAL_LIVE_KEY_FLOW,apps/frontend/src/app/(dashboard)/pages/components/PageHeader.tsx:146,"Source-inventoried; key Pages/Browser paths tested live, repeated instance not individually mutated"
INT-00797,(shared/component),click-handler,apps/frontend/src/app/(dashboard)/pages/components/PageHeader.tsx,147,onClick={() => setShowEmojiPicker(!showEmojiPicker)},Review live behavior and state/API effect,PARTIAL_LIVE_KEY_FLOW,apps/frontend/src/app/(dashboard)/pages/components/PageHeader.tsx:147,"Source-inventoried; key Pages/Browser paths tested live, repeated instance not individually mutated"
INT-00798,(shared/component),textarea,apps/frontend/src/app/(dashboard)/pages/components/PageHeader.tsx,174,<textarea,Review live behavior and state/API effect,PARTIAL_LIVE_KEY_FLOW,apps/frontend/src/app/(dashboard)/pages/components/PageHeader.tsx:174,"Source-inventoried; key Pages/Browser paths tested live, repeated instance not individually mutated"
INT-00799,(shared/component),change-handler,apps/frontend/src/app/(dashboard)/pages/components/PageHeader.tsx,180,onChange={(e) => setDescriptionValue(e.target.value)},Review live behavior and state/API effect,PARTIAL_LIVE_KEY_FLOW,apps/frontend/src/app/(dashboard)/pages/components/PageHeader.tsx:180,"Source-inventoried; key Pages/Browser paths tested live, repeated instance not individually mutated"
INT-00800,(shared/component),keyboard-handler,apps/frontend/src/app/(dashboard)/pages/components/PageHeader.tsx,182,onKeyDown={(e) => {,Review live behavior and state/API effect,PARTIAL_LIVE_KEY_FLOW,apps/frontend/src/app/(dashboard)/pages/components/PageHeader.tsx:182,"Source-inventoried; key Pages/Browser paths tested live, repeated instance not individually mutated"
INT-00801,(shared/component),click-handler,apps/frontend/src/app/(dashboard)/pages/components/PageHeader.tsx,191,onClick={() => setIsEditingDescription(true)},Review live behavior and state/API effect,PARTIAL_LIVE_KEY_FLOW,apps/frontend/src/app/(dashboard)/pages/components/PageHeader.tsx:191,"Source-inventoried; key Pages/Browser paths tested live, repeated instance not individually mutated"
INT-00802,(shared/component),click-handler,apps/frontend/src/app/(dashboard)/pages/components/PageHeader.tsx,269,"<div className=""fixed inset-0 z-50 flex items-center justify-center bg-black/50"" onClick={onClose}>",Review live behavior and state/API effect,PARTIAL_LIVE_KEY_FLOW,apps/frontend/src/app/(dashboard)/pages/components/PageHeader.tsx:269,"Source-inventoried; key Pages/Browser paths tested live, repeated instance not individually mutated"
INT-00803,(shared/component),click-handler,apps/frontend/src/app/(dashboard)/pages/components/PageHeader.tsx,272,onClick={(e) => e.stopPropagation()},Review live behavior and state/API effect,PARTIAL_LIVE_KEY_FLOW,apps/frontend/src/app/(dashboard)/pages/components/PageHeader.tsx:272,"Source-inventoried; key Pages/Browser paths tested live, repeated instance not individually mutated"
INT-00804,(shared/component),button,apps/frontend/src/app/(dashboard)/pages/components/PageHeader.tsx,278,<button,Review live behavior and state/API effect,PARTIAL_LIVE_KEY_FLOW,apps/frontend/src/app/(dashboard)/pages/components/PageHeader.tsx:278,"Source-inventoried; key Pages/Browser paths tested live, repeated instance not individually mutated"
INT-00805,(shared/component),click-handler,apps/frontend/src/app/(dashboard)/pages/components/PageHeader.tsx,279,onClick={() => setTab('builtin')},Review live behavior and state/API effect,PARTIAL_LIVE_KEY_FLOW,apps/frontend/src/app/(dashboard)/pages/components/PageHeader.tsx:279,"Source-inventoried; key Pages/Browser paths tested live, repeated instance not individually mutated"
INT-00806,(shared/component),button,apps/frontend/src/app/(dashboard)/pages/components/PageHeader.tsx,288,<button,Review live behavior and state/API effect,PARTIAL_LIVE_KEY_FLOW,apps/frontend/src/app/(dashboard)/pages/components/PageHeader.tsx:288,"Source-inventoried; key Pages/Browser paths tested live, repeated instance not individually mutated"
INT-00807,(shared/component),click-handler,apps/frontend/src/app/(dashboard)/pages/components/PageHeader.tsx,289,onClick={() => setTab('media')},Review live behavior and state/API effect,PARTIAL_LIVE_KEY_FLOW,apps/frontend/src/app/(dashboard)/pages/components/PageHeader.tsx:289,"Source-inventoried; key Pages/Browser paths tested live, repeated instance not individually mutated"
INT-00808,(shared/component),button,apps/frontend/src/app/(dashboard)/pages/components/PageHeader.tsx,303,<button,Review live behavior and state/API effect,PARTIAL_LIVE_KEY_FLOW,apps/frontend/src/app/(dashboard)/pages/components/PageHeader.tsx:303,"Source-inventoried; key Pages/Browser paths tested live, repeated instance not individually mutated"
INT-00809,(shared/component),click-handler,apps/frontend/src/app/(dashboard)/pages/components/PageHeader.tsx,305,onClick={() => onSelect(cover.id)},Review live behavior and state/API effect,PARTIAL_LIVE_KEY_FLOW,apps/frontend/src/app/(dashboard)/pages/components/PageHeader.tsx:305,"Source-inventoried; key Pages/Browser paths tested live, repeated instance not individually mutated"
INT-00810,(shared/component),button,apps/frontend/src/app/(dashboard)/pages/components/PageHeader.tsx,331,<button,Review live behavior and state/API effect,PARTIAL_LIVE_KEY_FLOW,apps/frontend/src/app/(dashboard)/pages/components/PageHeader.tsx:331,"Source-inventoried; key Pages/Browser paths tested live, repeated instance not individually mutated"
INT-00811,(shared/component),click-handler,apps/frontend/src/app/(dashboard)/pages/components/PageHeader.tsx,333,onClick={() => onSelect(item.id)},Review live behavior and state/API effect,PARTIAL_LIVE_KEY_FLOW,apps/frontend/src/app/(dashboard)/pages/components/PageHeader.tsx:333,"Source-inventoried; key Pages/Browser paths tested live, repeated instance not individually mutated"
INT-00812,(shared/component),button,apps/frontend/src/app/(dashboard)/pages/components/PageHeader.tsx,348,<button,Review live behavior and state/API effect,PARTIAL_LIVE_KEY_FLOW,apps/frontend/src/app/(dashboard)/pages/components/PageHeader.tsx:348,"Source-inventoried; key Pages/Browser paths tested live, repeated instance not individually mutated"
INT-00813,(shared/component),click-handler,apps/frontend/src/app/(dashboard)/pages/components/PageHeader.tsx,349,onClick={onClose},Review live behavior and state/API effect,PARTIAL_LIVE_KEY_FLOW,apps/frontend/src/app/(dashboard)/pages/components/PageHeader.tsx:349,"Source-inventoried; key Pages/Browser paths tested live, repeated instance not individually mutated"
INT-00814,(shared/component),click-handler,apps/frontend/src/app/(dashboard)/pages/components/PageVersionHistory.tsx,73,"<div className=""fixed inset-0 z-50 flex items-center justify-center bg-black/50"" onClick={onClose}>",Review live behavior and state/API effect,PARTIAL_LIVE_KEY_FLOW,apps/frontend/src/app/(dashboard)/pages/components/PageVersionHistory.tsx:73,"Source-inventoried; key Pages/Browser paths tested live, repeated instance not individually mutated"
INT-00815,(shared/component),click-handler,apps/frontend/src/app/(dashboard)/pages/components/PageVersionHistory.tsx,76,onClick={(e) => e.stopPropagation()},Review live behavior and state/API effect,PARTIAL_LIVE_KEY_FLOW,apps/frontend/src/app/(dashboard)/pages/components/PageVersionHistory.tsx:76,"Source-inventoried; key Pages/Browser paths tested live, repeated instance not individually mutated"
INT-00816,(shared/component),button,apps/frontend/src/app/(dashboard)/pages/components/PageVersionHistory.tsx,82,"<button onClick={onClose} className=""text-fg-muted hover:text-fg"">",Review live behavior and state/API effect,PARTIAL_LIVE_KEY_FLOW,apps/frontend/src/app/(dashboard)/pages/components/PageVersionHistory.tsx:82,"Source-inventoried; key Pages/Browser paths tested live, repeated instance not individually mutated"
INT-00817,(shared/component),click-handler,apps/frontend/src/app/(dashboard)/pages/components/PageVersionHistory.tsx,82,"<button onClick={onClose} className=""text-fg-muted hover:text-fg"">",Review live behavior and state/API effect,PARTIAL_LIVE_KEY_FLOW,apps/frontend/src/app/(dashboard)/pages/components/PageVersionHistory.tsx:82,"Source-inventoried; key Pages/Browser paths tested live, repeated instance not individually mutated"
INT-00818,(shared/component),button,apps/frontend/src/app/(dashboard)/pages/components/PageVersionHistory.tsx,111,<button,Review live behavior and state/API effect,PARTIAL_LIVE_KEY_FLOW,apps/frontend/src/app/(dashboard)/pages/components/PageVersionHistory.tsx:111,"Source-inventoried; key Pages/Browser paths tested live, repeated instance not individually mutated"
INT-00819,(shared/component),click-handler,apps/frontend/src/app/(dashboard)/pages/components/PageVersionHistory.tsx,112,onClick={() => restoreMutation.mutate(version.version)},Review live behavior and state/API effect,PARTIAL_LIVE_KEY_FLOW,apps/frontend/src/app/(dashboard)/pages/components/PageVersionHistory.tsx:112,"Source-inventoried; key Pages/Browser paths tested live, repeated instance not individually mutated"
INT-00820,(shared/component),keyboard-handler,apps/frontend/src/app/(dashboard)/pages/components/SlashMenu.tsx,134,onKeyDown={handleKeyDown},Review live behavior and state/API effect,PARTIAL_LIVE_KEY_FLOW,apps/frontend/src/app/(dashboard)/pages/components/SlashMenu.tsx:134,"Source-inventoried; key Pages/Browser paths tested live, repeated instance not individually mutated"
INT-00821,(shared/component),input,apps/frontend/src/app/(dashboard)/pages/components/SlashMenu.tsx,138,<input,Review live behavior and state/API effect,PARTIAL_LIVE_KEY_FLOW,apps/frontend/src/app/(dashboard)/pages/components/SlashMenu.tsx:138,"Source-inventoried; key Pages/Browser paths tested live, repeated instance not individually mutated"
INT-00822,(shared/component),change-handler,apps/frontend/src/app/(dashboard)/pages/components/SlashMenu.tsx,142,onChange={(e) => setSearch(e.target.value)},Review live behavior and state/API effect,PARTIAL_LIVE_KEY_FLOW,apps/frontend/src/app/(dashboard)/pages/components/SlashMenu.tsx:142,"Source-inventoried; key Pages/Browser paths tested live, repeated instance not individually mutated"
INT-00823,(shared/component),button,apps/frontend/src/app/(dashboard)/pages/components/SlashMenu.tsx,159,<button,Review live behavior and state/API effect,PARTIAL_LIVE_KEY_FLOW,apps/frontend/src/app/(dashboard)/pages/components/SlashMenu.tsx:159,"Source-inventoried; key Pages/Browser paths tested live, repeated instance not individually mutated"
INT-00824,(shared/component),click-handler,apps/frontend/src/app/(dashboard)/pages/components/SlashMenu.tsx,161,onClick={() => {,Review live behavior and state/API effect,PARTIAL_LIVE_KEY_FLOW,apps/frontend/src/app/(dashboard)/pages/components/SlashMenu.tsx:161,"Source-inventoried; key Pages/Browser paths tested live, repeated instance not individually mutated"
INT-00825,(shared/component),button,apps/frontend/src/app/(dashboard)/pages/components/SlashMenu.tsx,190,<button,Review live behavior and state/API effect,PARTIAL_LIVE_KEY_FLOW,apps/frontend/src/app/(dashboard)/pages/components/SlashMenu.tsx:190,"Source-inventoried; key Pages/Browser paths tested live, repeated instance not individually mutated"
INT-00826,(shared/component),click-handler,apps/frontend/src/app/(dashboard)/pages/components/SlashMenu.tsx,192,onClick={() => {,Review live behavior and state/API effect,PARTIAL_LIVE_KEY_FLOW,apps/frontend/src/app/(dashboard)/pages/components/SlashMenu.tsx:192,"Source-inventoried; key Pages/Browser paths tested live, repeated instance not individually mutated"
INT-00827,/pages,click-handler,apps/frontend/src/app/(dashboard)/pages/page.tsx,297,"<div className=""fixed inset-0 z-50 flex items-center justify-center bg-black/50"" onClick={onClose}>",Review live behavior and state/API effect,PARTIAL_LIVE_KEY_FLOW,apps/frontend/src/app/(dashboard)/pages/page.tsx:297,"Source-inventoried; key Pages/Browser paths tested live, repeated instance not individually mutated"
INT-00828,/pages,click-handler,apps/frontend/src/app/(dashboard)/pages/page.tsx,298,"<div className=""bg-white dark:bg-zinc-900 rounded-xl shadow-2xl w-full max-w-2xl p-6 mx-4 max-h-[80vh] overflow-y-auto"" onClick={(e) => e.stopPropagation()}>",Review live behavior and state/API effect,PARTIAL_LIVE_KEY_FLOW,apps/frontend/src/app/(dashboard)/pages/page.tsx:298,"Source-inventoried; key Pages/Browser paths tested live, repeated instance not individually mutated"
INT-00829,/pages,button,apps/frontend/src/app/(dashboard)/pages/page.tsx,305,<button,Review live behavior and state/API effect,PARTIAL_LIVE_KEY_FLOW,apps/frontend/src/app/(dashboard)/pages/page.tsx:305,"Source-inventoried; key Pages/Browser paths tested live, repeated instance not individually mutated"
INT-00830,/pages,click-handler,apps/frontend/src/app/(dashboard)/pages/page.tsx,307,onClick={() => toggle(item.id)},Review live behavior and state/API effect,PARTIAL_LIVE_KEY_FLOW,apps/frontend/src/app/(dashboard)/pages/page.tsx:307,"Source-inventoried; key Pages/Browser paths tested live, repeated instance not individually mutated"
INT-00831,/pages,button,apps/frontend/src/app/(dashboard)/pages/page.tsx,329,"<button onClick={onClose} className=""px-4 py-2 rounded-lg border border-zinc-300 dark:border-zinc-700 text-sm hover:bg-zinc-100 dark:hover:bg-zinc-800 transition-colors"">",Review live behavior and state/API effect,PARTIAL_LIVE_KEY_FLOW,apps/frontend/src/app/(dashboard)/pages/page.tsx:329,"Source-inventoried; key Pages/Browser paths tested live, repeated instance not individually mutated"
INT-00832,/pages,click-handler,apps/frontend/src/app/(dashboard)/pages/page.tsx,329,"<button onClick={onClose} className=""px-4 py-2 rounded-lg border border-zinc-300 dark:border-zinc-700 text-sm hover:bg-zinc-100 dark:hover:bg-zinc-800 transition-colors"">",Review live behavior and state/API effect,PARTIAL_LIVE_KEY_FLOW,apps/frontend/src/app/(dashboard)/pages/page.tsx:329,"Source-inventoried; key Pages/Browser paths tested live, repeated instance not individually mutated"
INT-00833,/pages,button,apps/frontend/src/app/(dashboard)/pages/page.tsx,332,<button,Review live behavior and state/API effect,PARTIAL_LIVE_KEY_FLOW,apps/frontend/src/app/(dashboard)/pages/page.tsx:332,"Source-inventoried; key Pages/Browser paths tested live, repeated instance not individually mutated"
INT-00834,/pages,click-handler,apps/frontend/src/app/(dashboard)/pages/page.tsx,333,onClick={() => { onSelect(selected); setSelected([]); onClose(); }},Review live behavior and state/API effect,PARTIAL_LIVE_KEY_FLOW,apps/frontend/src/app/(dashboard)/pages/page.tsx:333,"Source-inventoried; key Pages/Browser paths tested live, repeated instance not individually mutated"
INT-00835,/pages,click-handler,apps/frontend/src/app/(dashboard)/pages/page.tsx,355,onClick={() => onSelect(node.id)},Review live behavior and state/API effect,PARTIAL_LIVE_KEY_FLOW,apps/frontend/src/app/(dashboard)/pages/page.tsx:355,"Source-inventoried; key Pages/Browser paths tested live, repeated instance not individually mutated"
INT-00836,/pages,button,apps/frontend/src/app/(dashboard)/pages/page.tsx,379,<button,Review live behavior and state/API effect,PARTIAL_LIVE_KEY_FLOW,apps/frontend/src/app/(dashboard)/pages/page.tsx:379,"Source-inventoried; key Pages/Browser paths tested live, repeated instance not individually mutated"
INT-00837,/pages,click-handler,apps/frontend/src/app/(dashboard)/pages/page.tsx,381,onClick={(e) => { e.stopPropagation(); onDelete(node.id); }},Review live behavior and state/API effect,PARTIAL_LIVE_KEY_FLOW,apps/frontend/src/app/(dashboard)/pages/page.tsx:381,"Source-inventoried; key Pages/Browser paths tested live, repeated instance not individually mutated"
INT-00838,/pages,click-handler,apps/frontend/src/app/(dashboard)/pages/page.tsx,435,"<div className=""fixed inset-0 z-50 flex items-center justify-center bg-black/50"" onClick={onClose}>",Review live behavior and state/API effect,PARTIAL_LIVE_KEY_FLOW,apps/frontend/src/app/(dashboard)/pages/page.tsx:435,"Source-inventoried; key Pages/Browser paths tested live, repeated instance not individually mutated"
INT-00839,/pages,click-handler,apps/frontend/src/app/(dashboard)/pages/page.tsx,436,"<div className=""bg-white dark:bg-zinc-900 rounded-xl shadow-2xl w-full max-w-lg p-6 mx-4"" onClick={(e) => e.stopPropagation()}>",Review live behavior and state/API effect,PARTIAL_LIVE_KEY_FLOW,apps/frontend/src/app/(dashboard)/pages/page.tsx:436,"Source-inventoried; key Pages/Browser paths tested live, repeated instance not individually mutated"
INT-00840,/pages,button,apps/frontend/src/app/(dashboard)/pages/page.tsx,444,<button,Review live behavior and state/API effect,PARTIAL_LIVE_KEY_FLOW,apps/frontend/src/app/(dashboard)/pages/page.tsx:444,"Source-inventoried; key Pages/Browser paths tested live, repeated instance not individually mutated"
INT-00841,/pages,click-handler,apps/frontend/src/app/(dashboard)/pages/page.tsx,446,onClick={() => setTemplateId('')},Review live behavior and state/API effect,PARTIAL_LIVE_KEY_FLOW,apps/frontend/src/app/(dashboard)/pages/page.tsx:446,"Source-inventoried; key Pages/Browser paths tested live, repeated instance not individually mutated"
INT-00842,/pages,button,apps/frontend/src/app/(dashboard)/pages/page.tsx,457,<button,Review live behavior and state/API effect,PARTIAL_LIVE_KEY_FLOW,apps/frontend/src/app/(dashboard)/pages/page.tsx:457,"Source-inventoried; key Pages/Browser paths tested live, repeated instance not individually mutated"
INT-00843,/pages,click-handler,apps/frontend/src/app/(dashboard)/pages/page.tsx,460,onClick={() => setTemplateId(t.id)},Review live behavior and state/API effect,PARTIAL_LIVE_KEY_FLOW,apps/frontend/src/app/(dashboard)/pages/page.tsx:460,"Source-inventoried; key Pages/Browser paths tested live, repeated instance not individually mutated"
INT-00844,/pages,input,apps/frontend/src/app/(dashboard)/pages/page.tsx,477,<input,Review live behavior and state/API effect,PARTIAL_LIVE_KEY_FLOW,apps/frontend/src/app/(dashboard)/pages/page.tsx:477,"Source-inventoried; key Pages/Browser paths tested live, repeated instance not individually mutated"
INT-00845,/pages,change-handler,apps/frontend/src/app/(dashboard)/pages/page.tsx,480,value={title} onChange={(e) => setTitle(e.target.value)},Review live behavior and state/API effect,PARTIAL_LIVE_KEY_FLOW,apps/frontend/src/app/(dashboard)/pages/page.tsx:480,"Source-inventoried; key Pages/Browser paths tested live, repeated instance not individually mutated"
INT-00846,/pages,textarea,apps/frontend/src/app/(dashboard)/pages/page.tsx,485,<textarea,Review live behavior and state/API effect,PARTIAL_LIVE_KEY_FLOW,apps/frontend/src/app/(dashboard)/pages/page.tsx:485,"Source-inventoried; key Pages/Browser paths tested live, repeated instance not individually mutated"
INT-00847,/pages,change-handler,apps/frontend/src/app/(dashboard)/pages/page.tsx,489,value={description} onChange={(e) => setDescription(e.target.value)},Review live behavior and state/API effect,PARTIAL_LIVE_KEY_FLOW,apps/frontend/src/app/(dashboard)/pages/page.tsx:489,"Source-inventoried; key Pages/Browser paths tested live, repeated instance not individually mutated"
INT-00848,/pages,select,apps/frontend/src/app/(dashboard)/pages/page.tsx,494,<select,Review live behavior and state/API effect,PARTIAL_LIVE_KEY_FLOW,apps/frontend/src/app/(dashboard)/pages/page.tsx:494,"Source-inventoried; key Pages/Browser paths tested live, repeated instance not individually mutated"
INT-00849,/pages,change-handler,apps/frontend/src/app/(dashboard)/pages/page.tsx,496,value={parentId} onChange={(e) => setParentId(e.target.value)},Review live behavior and state/API effect,PARTIAL_LIVE_KEY_FLOW,apps/frontend/src/app/(dashboard)/pages/page.tsx:496,"Source-inventoried; key Pages/Browser paths tested live, repeated instance not individually mutated"
INT-00850,/pages,button,apps/frontend/src/app/(dashboard)/pages/page.tsx,505,<button,Review live behavior and state/API effect,PARTIAL_LIVE_KEY_FLOW,apps/frontend/src/app/(dashboard)/pages/page.tsx:505,"Source-inventoried; key Pages/Browser paths tested live, repeated instance not individually mutated"
INT-00851,/pages,click-handler,apps/frontend/src/app/(dashboard)/pages/page.tsx,506,onClick={() => mutation.mutate()},Review live behavior and state/API effect,PARTIAL_LIVE_KEY_FLOW,apps/frontend/src/app/(dashboard)/pages/page.tsx:506,"Source-inventoried; key Pages/Browser paths tested live, repeated instance not individually mutated"
INT-00852,/pages,select,apps/frontend/src/app/(dashboard)/pages/page.tsx,536,<select,Review live behavior and state/API effect,PARTIAL_LIVE_KEY_FLOW,apps/frontend/src/app/(dashboard)/pages/page.tsx:536,"Source-inventoried; key Pages/Browser paths tested live, repeated instance not individually mutated"
INT-00853,/pages,change-handler,apps/frontend/src/app/(dashboard)/pages/page.tsx,538,"onChange={(e) => onUpdate({ content: { ...block.content, level: Number(e.target.value) } })}",Review live behavior and state/API effect,PARTIAL_LIVE_KEY_FLOW,apps/frontend/src/app/(dashboard)/pages/page.tsx:538,"Source-inventoried; key Pages/Browser paths tested live, repeated instance not individually mutated"
INT-00854,/pages,button,apps/frontend/src/app/(dashboard)/pages/page.tsx,580,<button,Review live behavior and state/API effect,PARTIAL_LIVE_KEY_FLOW,apps/frontend/src/app/(dashboard)/pages/page.tsx:580,"Source-inventoried; key Pages/Browser paths tested live, repeated instance not individually mutated"
INT-00855,/pages,click-handler,apps/frontend/src/app/(dashboard)/pages/page.tsx,581,onClick={() => setShowMediaPicker(true)},Review live behavior and state/API effect,PARTIAL_LIVE_KEY_FLOW,apps/frontend/src/app/(dashboard)/pages/page.tsx:581,"Source-inventoried; key Pages/Browser paths tested live, repeated instance not individually mutated"
INT-00856,/pages,button,apps/frontend/src/app/(dashboard)/pages/page.tsx,588,<button,Review live behavior and state/API effect,PARTIAL_LIVE_KEY_FLOW,apps/frontend/src/app/(dashboard)/pages/page.tsx:588,"Source-inventoried; key Pages/Browser paths tested live, repeated instance not individually mutated"
INT-00857,/pages,click-handler,apps/frontend/src/app/(dashboard)/pages/page.tsx,589,onClick={() => setShowMediaPicker(true)},Review live behavior and state/API effect,PARTIAL_LIVE_KEY_FLOW,apps/frontend/src/app/(dashboard)/pages/page.tsx:589,"Source-inventoried; key Pages/Browser paths tested live, repeated instance not individually mutated"
INT-00858,/pages,button,apps/frontend/src/app/(dashboard)/pages/page.tsx,609,<button,Review live behavior and state/API effect,PARTIAL_LIVE_KEY_FLOW,apps/frontend/src/app/(dashboard)/pages/page.tsx:609,"Source-inventoried; key Pages/Browser paths tested live, repeated instance not individually mutated"
INT-00859,/pages,click-handler,apps/frontend/src/app/(dashboard)/pages/page.tsx,610,onClick={() => setShowMediaPicker(true)},Review live behavior and state/API effect,PARTIAL_LIVE_KEY_FLOW,apps/frontend/src/app/(dashboard)/pages/page.tsx:610,"Source-inventoried; key Pages/Browser paths tested live, repeated instance not individually mutated"
INT-00860,/pages,change-handler,apps/frontend/src/app/(dashboard)/pages/page.tsx,642,"onChange={(data) => onUpdate({ content: { ...block.content, ...data } })}",Review live behavior and state/API effect,PARTIAL_LIVE_KEY_FLOW,apps/frontend/src/app/(dashboard)/pages/page.tsx:642,"Source-inventoried; key Pages/Browser paths tested live, repeated instance not individually mutated"
INT-00861,/pages,change-handler,apps/frontend/src/app/(dashboard)/pages/page.tsx,653,"onChange={(data) => onUpdate({ content: { ...block.content, ...data } })}",Review live behavior and state/API effect,PARTIAL_LIVE_KEY_FLOW,apps/frontend/src/app/(dashboard)/pages/page.tsx:653,"Source-inventoried; key Pages/Browser paths tested live, repeated instance not individually mutated"
INT-00862,/pages,change-handler,apps/frontend/src/app/(dashboard)/pages/page.tsx,664,"onChange={(data) => onUpdate({ content: { ...block.content, ...data } })}",Review live behavior and state/API effect,PARTIAL_LIVE_KEY_FLOW,apps/frontend/src/app/(dashboard)/pages/page.tsx:664,"Source-inventoried; key Pages/Browser paths tested live, repeated instance not individually mutated"
INT-00863,/pages,change-handler,apps/frontend/src/app/(dashboard)/pages/page.tsx,673,"onChange={(data) => onUpdate({ content: { ...block.content, ...data } })}",Review live behavior and state/API effect,PARTIAL_LIVE_KEY_FLOW,apps/frontend/src/app/(dashboard)/pages/page.tsx:673,"Source-inventoried; key Pages/Browser paths tested live, repeated instance not individually mutated"
INT-00864,/pages,change-handler,apps/frontend/src/app/(dashboard)/pages/page.tsx,683,"onChange={(data) => onUpdate({ content: { ...block.content, ...data } })}",Review live behavior and state/API effect,PARTIAL_LIVE_KEY_FLOW,apps/frontend/src/app/(dashboard)/pages/page.tsx:683,"Source-inventoried; key Pages/Browser paths tested live, repeated instance not individually mutated"
INT-00865,/pages,change-handler,apps/frontend/src/app/(dashboard)/pages/page.tsx,695,"onChange={(data) => onUpdate({ content: { ...block.content, ...data } })}",Review live behavior and state/API effect,PARTIAL_LIVE_KEY_FLOW,apps/frontend/src/app/(dashboard)/pages/page.tsx:695,"Source-inventoried; key Pages/Browser paths tested live, repeated instance not individually mutated"
INT-00866,/pages,change-handler,apps/frontend/src/app/(dashboard)/pages/page.tsx,706,"onChange={(data) => onUpdate({ content: { ...block.content, ...data } })}",Review live behavior and state/API effect,PARTIAL_LIVE_KEY_FLOW,apps/frontend/src/app/(dashboard)/pages/page.tsx:706,"Source-inventoried; key Pages/Browser paths tested live, repeated instance not individually mutated"
INT-00867,/pages,change-handler,apps/frontend/src/app/(dashboard)/pages/page.tsx,716,"onChange={(data) => onUpdate({ content: { ...block.content, ...data } })}",Review live behavior and state/API effect,PARTIAL_LIVE_KEY_FLOW,apps/frontend/src/app/(dashboard)/pages/page.tsx:716,"Source-inventoried; key Pages/Browser paths tested live, repeated instance not individually mutated"
INT-00868,/pages,change-handler,apps/frontend/src/app/(dashboard)/pages/page.tsx,727,"onChange={(data) => onUpdate({ content: { ...block.content, ...data } })}",Review live behavior and state/API effect,PARTIAL_LIVE_KEY_FLOW,apps/frontend/src/app/(dashboard)/pages/page.tsx:727,"Source-inventoried; key Pages/Browser paths tested live, repeated instance not individually mutated"
INT-00869,/pages,change-handler,apps/frontend/src/app/(dashboard)/pages/page.tsx,738,"onChange={(data) => onUpdate({ content: { ...block.content, ...data } })}",Review live behavior and state/API effect,PARTIAL_LIVE_KEY_FLOW,apps/frontend/src/app/(dashboard)/pages/page.tsx:738,"Source-inventoried; key Pages/Browser paths tested live, repeated instance not individually mutated"
INT-00870,/pages,change-handler,apps/frontend/src/app/(dashboard)/pages/page.tsx,747,"onChange={(data) => onUpdate({ content: { ...block.content, ...data } })}",Review live behavior and state/API effect,PARTIAL_LIVE_KEY_FLOW,apps/frontend/src/app/(dashboard)/pages/page.tsx:747,"Source-inventoried; key Pages/Browser paths tested live, repeated instance not individually mutated"
INT-00871,/pages,change-handler,apps/frontend/src/app/(dashboard)/pages/page.tsx,756,"onChange={(data) => onUpdate({ content: { ...block.content, ...data } })}",Review live behavior and state/API effect,PARTIAL_LIVE_KEY_FLOW,apps/frontend/src/app/(dashboard)/pages/page.tsx:756,"Source-inventoried; key Pages/Browser paths tested live, repeated instance not individually mutated"
INT-00872,/pages,change-handler,apps/frontend/src/app/(dashboard)/pages/page.tsx,766,"onChange={(data) => onUpdate({ content: { ...block.content, ...data } })}",Review live behavior and state/API effect,PARTIAL_LIVE_KEY_FLOW,apps/frontend/src/app/(dashboard)/pages/page.tsx:766,"Source-inventoried; key Pages/Browser paths tested live, repeated instance not individually mutated"
INT-00873,/pages,change-handler,apps/frontend/src/app/(dashboard)/pages/page.tsx,776,"onChange={(data) => onUpdate({ content: { ...block.content, ...data } })}",Review live behavior and state/API effect,PARTIAL_LIVE_KEY_FLOW,apps/frontend/src/app/(dashboard)/pages/page.tsx:776,"Source-inventoried; key Pages/Browser paths tested live, repeated instance not individually mutated"
INT-00874,/pages,change-handler,apps/frontend/src/app/(dashboard)/pages/page.tsx,787,"onChange={(data) => onUpdate({ content: { ...block.content, ...data } })}",Review live behavior and state/API effect,PARTIAL_LIVE_KEY_FLOW,apps/frontend/src/app/(dashboard)/pages/page.tsx:787,"Source-inventoried; key Pages/Browser paths tested live, repeated instance not individually mutated"
INT-00875,/pages,change-handler,apps/frontend/src/app/(dashboard)/pages/page.tsx,798,"onChange={(data) => onUpdate({ content: { ...block.content, ...data } })}",Review live behavior and state/API effect,PARTIAL_LIVE_KEY_FLOW,apps/frontend/src/app/(dashboard)/pages/page.tsx:798,"Source-inventoried; key Pages/Browser paths tested live, repeated instance not individually mutated"
INT-00876,/pages,change-handler,apps/frontend/src/app/(dashboard)/pages/page.tsx,810,"onChange={(data) => onUpdate({ content: { ...block.content, ...data } })}",Review live behavior and state/API effect,PARTIAL_LIVE_KEY_FLOW,apps/frontend/src/app/(dashboard)/pages/page.tsx:810,"Source-inventoried; key Pages/Browser paths tested live, repeated instance not individually mutated"
INT-00877,/pages,button,apps/frontend/src/app/(dashboard)/pages/page.tsx,1051,"<button onClick={onBack} className=""mt-2 text-sm text-amber-600 hover:underline"">Zurück zur Übersicht</button>",Review live behavior and state/API effect,PARTIAL_LIVE_KEY_FLOW,apps/frontend/src/app/(dashboard)/pages/page.tsx:1051,"Source-inventoried; key Pages/Browser paths tested live, repeated instance not individually mutated"
INT-00878,/pages,click-handler,apps/frontend/src/app/(dashboard)/pages/page.tsx,1051,"<button onClick={onBack} className=""mt-2 text-sm text-amber-600 hover:underline"">Zurück zur Übersicht</button>",Review live behavior and state/API effect,PARTIAL_LIVE_KEY_FLOW,apps/frontend/src/app/(dashboard)/pages/page.tsx:1051,"Source-inventoried; key Pages/Browser paths tested live, repeated instance not individually mutated"
INT-00879,/pages,button,apps/frontend/src/app/(dashboard)/pages/page.tsx,1073,<button,Review live behavior and state/API effect,PARTIAL_LIVE_KEY_FLOW,apps/frontend/src/app/(dashboard)/pages/page.tsx:1073,"Source-inventoried; key Pages/Browser paths tested live, repeated instance not individually mutated"
INT-00880,/pages,click-handler,apps/frontend/src/app/(dashboard)/pages/page.tsx,1074,onClick={() => setShowPageHistory(true)},Review live behavior and state/API effect,PARTIAL_LIVE_KEY_FLOW,apps/frontend/src/app/(dashboard)/pages/page.tsx:1074,"Source-inventoried; key Pages/Browser paths tested live, repeated instance not individually mutated"
INT-00881,/pages,button,apps/frontend/src/app/(dashboard)/pages/page.tsx,1079,<button,Review live behavior and state/API effect,PARTIAL_LIVE_KEY_FLOW,apps/frontend/src/app/(dashboard)/pages/page.tsx:1079,"Source-inventoried; key Pages/Browser paths tested live, repeated instance not individually mutated"
INT-00882,/pages,click-handler,apps/frontend/src/app/(dashboard)/pages/page.tsx,1080,onClick={toggleWide},Review live behavior and state/API effect,PARTIAL_LIVE_KEY_FLOW,apps/frontend/src/app/(dashboard)/pages/page.tsx:1080,"Source-inventoried; key Pages/Browser paths tested live, repeated instance not individually mutated"
INT-00883,/pages,button,apps/frontend/src/app/(dashboard)/pages/page.tsx,1092,<button,Review live behavior and state/API effect,PARTIAL_LIVE_KEY_FLOW,apps/frontend/src/app/(dashboard)/pages/page.tsx:1092,"Source-inventoried; key Pages/Browser paths tested live, repeated instance not individually mutated"
INT-00884,/pages,click-handler,apps/frontend/src/app/(dashboard)/pages/page.tsx,1093,"onClick={() => { if (window.confirm(`""${page.title}"" löschen?`)) deletePageMutation.mutate(); }}",Review live behavior and state/API effect,PARTIAL_LIVE_KEY_FLOW,apps/frontend/src/app/(dashboard)/pages/page.tsx:1093,"Source-inventoried; key Pages/Browser paths tested live, repeated instance not individually mutated"
INT-00885,/pages,input,apps/frontend/src/app/(dashboard)/pages/page.tsx,1146,<input,Review live behavior and state/API effect,PARTIAL_LIVE_KEY_FLOW,apps/frontend/src/app/(dashboard)/pages/page.tsx:1146,"Source-inventoried; key Pages/Browser paths tested live, repeated instance not individually mutated"
INT-00886,/pages,button,apps/frontend/src/app/(dashboard)/pages/page.tsx,1156,<button,Review live behavior and state/API effect,PARTIAL_LIVE_KEY_FLOW,apps/frontend/src/app/(dashboard)/pages/page.tsx:1156,"Source-inventoried; key Pages/Browser paths tested live, repeated instance not individually mutated"
INT-00887,/pages,click-handler,apps/frontend/src/app/(dashboard)/pages/page.tsx,1158,onClick={() => addBlockMutation.mutate(entry.type)},Review live behavior and state/API effect,PARTIAL_LIVE_KEY_FLOW,apps/frontend/src/app/(dashboard)/pages/page.tsx:1158,"Source-inventoried; key Pages/Browser paths tested live, repeated instance not individually mutated"
INT-00888,/pages,button,apps/frontend/src/app/(dashboard)/pages/page.tsx,1167,"<button onClick={() => setAddingBlock(null)} className=""w-full mt-2 px-3 py-1.5 rounded-lg text-sm text-fg-muted hover:text-fg hover:bg-bg-surface transition-colors"">",Review live behavior and state/API effect,PARTIAL_LIVE_KEY_FLOW,apps/frontend/src/app/(dashboard)/pages/page.tsx:1167,"Source-inventoried; key Pages/Browser paths tested live, repeated instance not individually mutated"
INT-00889,/pages,click-handler,apps/frontend/src/app/(dashboard)/pages/page.tsx,1167,"<button onClick={() => setAddingBlock(null)} className=""w-full mt-2 px-3 py-1.5 rounded-lg text-sm text-fg-muted hover:text-fg hover:bg-bg-surface transition-colors"">",Review live behavior and state/API effect,PARTIAL_LIVE_KEY_FLOW,apps/frontend/src/app/(dashboard)/pages/page.tsx:1167,"Source-inventoried; key Pages/Browser paths tested live, repeated instance not individually mutated"
INT-00890,/pages,button,apps/frontend/src/app/(dashboard)/pages/page.tsx,1172,<button,Review live behavior and state/API effect,PARTIAL_LIVE_KEY_FLOW,apps/frontend/src/app/(dashboard)/pages/page.tsx:1172,"Source-inventoried; key Pages/Browser paths tested live, repeated instance not individually mutated"
INT-00891,/pages,click-handler,apps/frontend/src/app/(dashboard)/pages/page.tsx,1173,onClick={() => setAddingBlock('menu')},Review live behavior and state/API effect,PARTIAL_LIVE_KEY_FLOW,apps/frontend/src/app/(dashboard)/pages/page.tsx:1173,"Source-inventoried; key Pages/Browser paths tested live, repeated instance not individually mutated"
INT-00892,/pages,button,apps/frontend/src/app/(dashboard)/pages/page.tsx,1286,<button,Review live behavior and state/API effect,PARTIAL_LIVE_KEY_FLOW,apps/frontend/src/app/(dashboard)/pages/page.tsx:1286,"Source-inventoried; key Pages/Browser paths tested live, repeated instance not individually mutated"
INT-00893,/pages,click-handler,apps/frontend/src/app/(dashboard)/pages/page.tsx,1287,onClick={() => onNavigate(target.id)},Review live behavior and state/API effect,PARTIAL_LIVE_KEY_FLOW,apps/frontend/src/app/(dashboard)/pages/page.tsx:1287,"Source-inventoried; key Pages/Browser paths tested live, repeated instance not individually mutated"
INT-00894,/pages,link,apps/frontend/src/app/(dashboard)/pages/page.tsx,1336,<a,Review live behavior and state/API effect,PARTIAL_LIVE_KEY_FLOW,apps/frontend/src/app/(dashboard)/pages/page.tsx:1336,"Source-inventoried; key Pages/Browser paths tested live, repeated instance not individually mutated"
INT-00895,/pages,button,apps/frontend/src/app/(dashboard)/pages/page.tsx,1439,<button,Review live behavior and state/API effect,PARTIAL_LIVE_KEY_FLOW,apps/frontend/src/app/(dashboard)/pages/page.tsx:1439,"Source-inventoried; key Pages/Browser paths tested live, repeated instance not individually mutated"
INT-00896,/pages,click-handler,apps/frontend/src/app/(dashboard)/pages/page.tsx,1440,onClick={() => setShowAdd(!showAdd)},Review live behavior and state/API effect,PARTIAL_LIVE_KEY_FLOW,apps/frontend/src/app/(dashboard)/pages/page.tsx:1440,"Source-inventoried; key Pages/Browser paths tested live, repeated instance not individually mutated"
INT-00897,/pages,select,apps/frontend/src/app/(dashboard)/pages/page.tsx,1449,<select,Review live behavior and state/API effect,PARTIAL_LIVE_KEY_FLOW,apps/frontend/src/app/(dashboard)/pages/page.tsx:1449,"Source-inventoried; key Pages/Browser paths tested live, repeated instance not individually mutated"
INT-00898,/pages,change-handler,apps/frontend/src/app/(dashboard)/pages/page.tsx,1451,onChange={(e) => setTargetPageId(e.target.value)},Review live behavior and state/API effect,PARTIAL_LIVE_KEY_FLOW,apps/frontend/src/app/(dashboard)/pages/page.tsx:1451,"Source-inventoried; key Pages/Browser paths tested live, repeated instance not individually mutated"
INT-00899,/pages,select,apps/frontend/src/app/(dashboard)/pages/page.tsx,1459,<select,Review live behavior and state/API effect,PARTIAL_LIVE_KEY_FLOW,apps/frontend/src/app/(dashboard)/pages/page.tsx:1459,"Source-inventoried; key Pages/Browser paths tested live, repeated instance not individually mutated"
INT-00900,/pages,change-handler,apps/frontend/src/app/(dashboard)/pages/page.tsx,1461,onChange={(e) => setRelationType(e.target.value)},Review live behavior and state/API effect,PARTIAL_LIVE_KEY_FLOW,apps/frontend/src/app/(dashboard)/pages/page.tsx:1461,"Source-inventoried; key Pages/Browser paths tested live, repeated instance not individually mutated"
INT-00901,/pages,button,apps/frontend/src/app/(dashboard)/pages/page.tsx,1469,<button,Review live behavior and state/API effect,PARTIAL_LIVE_KEY_FLOW,apps/frontend/src/app/(dashboard)/pages/page.tsx:1469,"Source-inventoried; key Pages/Browser paths tested live, repeated instance not individually mutated"
INT-00902,/pages,click-handler,apps/frontend/src/app/(dashboard)/pages/page.tsx,1470,onClick={() => addRelationMutation.mutate()},Review live behavior and state/API effect,PARTIAL_LIVE_KEY_FLOW,apps/frontend/src/app/(dashboard)/pages/page.tsx:1470,"Source-inventoried; key Pages/Browser paths tested live, repeated instance not individually mutated"
INT-00903,/pages,button,apps/frontend/src/app/(dashboard)/pages/page.tsx,1483,<button,Review live behavior and state/API effect,PARTIAL_LIVE_KEY_FLOW,apps/frontend/src/app/(dashboard)/pages/page.tsx:1483,"Source-inventoried; key Pages/Browser paths tested live, repeated instance not individually mutated"
INT-00904,/pages,click-handler,apps/frontend/src/app/(dashboard)/pages/page.tsx,1484,onClick={() => onNavigate(rel.targetId)},Review live behavior and state/API effect,PARTIAL_LIVE_KEY_FLOW,apps/frontend/src/app/(dashboard)/pages/page.tsx:1484,"Source-inventoried; key Pages/Browser paths tested live, repeated instance not individually mutated"
INT-00905,/pages,button,apps/frontend/src/app/(dashboard)/pages/page.tsx,1491,<button,Review live behavior and state/API effect,PARTIAL_LIVE_KEY_FLOW,apps/frontend/src/app/(dashboard)/pages/page.tsx:1491,"Source-inventoried; key Pages/Browser paths tested live, repeated instance not individually mutated"
INT-00906,/pages,click-handler,apps/frontend/src/app/(dashboard)/pages/page.tsx,1492,onClick={() => deleteRelationMutation.mutate(rel.id)},Review live behavior and state/API effect,PARTIAL_LIVE_KEY_FLOW,apps/frontend/src/app/(dashboard)/pages/page.tsx:1492,"Source-inventoried; key Pages/Browser paths tested live, repeated instance not individually mutated"
INT-00907,/pages,button,apps/frontend/src/app/(dashboard)/pages/page.tsx,1562,<button,Review live behavior and state/API effect,PARTIAL_LIVE_KEY_FLOW,apps/frontend/src/app/(dashboard)/pages/page.tsx:1562,"Source-inventoried; key Pages/Browser paths tested live, repeated instance not individually mutated"
INT-00908,/pages,click-handler,apps/frontend/src/app/(dashboard)/pages/page.tsx,1563,onClick={() => setShowCreate(true)},Review live behavior and state/API effect,PARTIAL_LIVE_KEY_FLOW,apps/frontend/src/app/(dashboard)/pages/page.tsx:1563,"Source-inventoried; key Pages/Browser paths tested live, repeated instance not individually mutated"
INT-00909,/pages,button,apps/frontend/src/app/(dashboard)/pages/page.tsx,1585,<button,Review live behavior and state/API effect,PARTIAL_LIVE_KEY_FLOW,apps/frontend/src/app/(dashboard)/pages/page.tsx:1585,"Source-inventoried; key Pages/Browser paths tested live, repeated instance not individually mutated"
INT-00910,/pages,click-handler,apps/frontend/src/app/(dashboard)/pages/page.tsx,1586,onClick={() => setShowCreate(true)},Review live behavior and state/API effect,PARTIAL_LIVE_KEY_FLOW,apps/frontend/src/app/(dashboard)/pages/page.tsx:1586,"Source-inventoried; key Pages/Browser paths tested live, repeated instance not individually mutated"
INT-00911,/plugins,button,apps/frontend/src/app/(dashboard)/plugins/page.tsx,106,<button,Review live behavior and state/API effect,PARTIAL_CODE_ONLY,apps/frontend/src/app/(dashboard)/plugins/page.tsx:106,Source-inventoried and route rendered; control not individually mutated during safe audit
INT-00912,/plugins,click-handler,apps/frontend/src/app/(dashboard)/plugins/page.tsx,107,onClick={onInstall},Review live behavior and state/API effect,PARTIAL_CODE_ONLY,apps/frontend/src/app/(dashboard)/plugins/page.tsx:107,Source-inventoried and route rendered; control not individually mutated during safe audit
INT-00913,/plugins,link,apps/frontend/src/app/(dashboard)/plugins/page.tsx,158,<a,Review live behavior and state/API effect,PARTIAL_CODE_ONLY,apps/frontend/src/app/(dashboard)/plugins/page.tsx:158,Source-inventoried and route rendered; control not individually mutated during safe audit
INT-00914,/plugins,button,apps/frontend/src/app/(dashboard)/plugins/page.tsx,170,<button,Review live behavior and state/API effect,PARTIAL_CODE_ONLY,apps/frontend/src/app/(dashboard)/plugins/page.tsx:170,Source-inventoried and route rendered; control not individually mutated during safe audit
INT-00915,/plugins,click-handler,apps/frontend/src/app/(dashboard)/plugins/page.tsx,171,onClick={() => toggleMutation.mutate(plugin)},Review live behavior and state/API effect,PARTIAL_CODE_ONLY,apps/frontend/src/app/(dashboard)/plugins/page.tsx:171,Source-inventoried and route rendered; control not individually mutated during safe audit
INT-00916,/plugins,button,apps/frontend/src/app/(dashboard)/plugins/page.tsx,184,<button,Review live behavior and state/API effect,PARTIAL_CODE_ONLY,apps/frontend/src/app/(dashboard)/plugins/page.tsx:184,Source-inventoried and route rendered; control not individually mutated during safe audit
INT-00917,/plugins,click-handler,apps/frontend/src/app/(dashboard)/plugins/page.tsx,185,onClick={() => {,Review live behavior and state/API effect,PARTIAL_CODE_ONLY,apps/frontend/src/app/(dashboard)/plugins/page.tsx:185,Source-inventoried and route rendered; control not individually mutated during safe audit
INT-00918,/plugins,click-handler,apps/frontend/src/app/(dashboard)/plugins/page.tsx,250,onClick={onClose},Review live behavior and state/API effect,PARTIAL_CODE_ONLY,apps/frontend/src/app/(dashboard)/plugins/page.tsx:250,Source-inventoried and route rendered; control not individually mutated during safe audit
INT-00919,/plugins,form,apps/frontend/src/app/(dashboard)/plugins/page.tsx,252,<form,Review live behavior and state/API effect,PARTIAL_CODE_ONLY,apps/frontend/src/app/(dashboard)/plugins/page.tsx:252,Source-inventoried and route rendered; control not individually mutated during safe audit
INT-00920,/plugins,click-handler,apps/frontend/src/app/(dashboard)/plugins/page.tsx,253,onClick={(e) => e.stopPropagation()},Review live behavior and state/API effect,PARTIAL_CODE_ONLY,apps/frontend/src/app/(dashboard)/plugins/page.tsx:253,Source-inventoried and route rendered; control not individually mutated during safe audit
INT-00921,/plugins,submit-handler,apps/frontend/src/app/(dashboard)/plugins/page.tsx,254,onSubmit={handleSubmit},Review live behavior and state/API effect,PARTIAL_CODE_ONLY,apps/frontend/src/app/(dashboard)/plugins/page.tsx:254,Source-inventoried and route rendered; control not individually mutated during safe audit
INT-00922,/plugins,button,apps/frontend/src/app/(dashboard)/plugins/page.tsx,259,<button,Review live behavior and state/API effect,PARTIAL_CODE_ONLY,apps/frontend/src/app/(dashboard)/plugins/page.tsx:259,Source-inventoried and route rendered; control not individually mutated during safe audit
INT-00923,/plugins,click-handler,apps/frontend/src/app/(dashboard)/plugins/page.tsx,261,onClick={onClose},Review live behavior and state/API effect,PARTIAL_CODE_ONLY,apps/frontend/src/app/(dashboard)/plugins/page.tsx:261,Source-inventoried and route rendered; control not individually mutated during safe audit
INT-00924,/plugins,input,apps/frontend/src/app/(dashboard)/plugins/page.tsx,270,<input,Review live behavior and state/API effect,PARTIAL_CODE_ONLY,apps/frontend/src/app/(dashboard)/plugins/page.tsx:270,Source-inventoried and route rendered; control not individually mutated during safe audit
INT-00925,/plugins,change-handler,apps/frontend/src/app/(dashboard)/plugins/page.tsx,273,onChange={(e) => setName(e.target.value)},Review live behavior and state/API effect,PARTIAL_CODE_ONLY,apps/frontend/src/app/(dashboard)/plugins/page.tsx:273,Source-inventoried and route rendered; control not individually mutated during safe audit
INT-00926,/plugins,input,apps/frontend/src/app/(dashboard)/plugins/page.tsx,282,<input,Review live behavior and state/API effect,PARTIAL_CODE_ONLY,apps/frontend/src/app/(dashboard)/plugins/page.tsx:282,Source-inventoried and route rendered; control not individually mutated during safe audit
INT-00927,/plugins,change-handler,apps/frontend/src/app/(dashboard)/plugins/page.tsx,285,onChange={(e) => setVersion(e.target.value)},Review live behavior and state/API effect,PARTIAL_CODE_ONLY,apps/frontend/src/app/(dashboard)/plugins/page.tsx:285,Source-inventoried and route rendered; control not individually mutated during safe audit
INT-00928,/plugins,textarea,apps/frontend/src/app/(dashboard)/plugins/page.tsx,294,<textarea,Review live behavior and state/API effect,PARTIAL_CODE_ONLY,apps/frontend/src/app/(dashboard)/plugins/page.tsx:294,Source-inventoried and route rendered; control not individually mutated during safe audit
INT-00929,/plugins,change-handler,apps/frontend/src/app/(dashboard)/plugins/page.tsx,296,onChange={(e) => setDescription(e.target.value)},Review live behavior and state/API effect,PARTIAL_CODE_ONLY,apps/frontend/src/app/(dashboard)/plugins/page.tsx:296,Source-inventoried and route rendered; control not individually mutated during safe audit
INT-00930,/plugins,input,apps/frontend/src/app/(dashboard)/plugins/page.tsx,305,<input,Review live behavior and state/API effect,PARTIAL_CODE_ONLY,apps/frontend/src/app/(dashboard)/plugins/page.tsx:305,Source-inventoried and route rendered; control not individually mutated during safe audit
INT-00931,/plugins,change-handler,apps/frontend/src/app/(dashboard)/plugins/page.tsx,308,onChange={(e) => setAuthor(e.target.value)},Review live behavior and state/API effect,PARTIAL_CODE_ONLY,apps/frontend/src/app/(dashboard)/plugins/page.tsx:308,Source-inventoried and route rendered; control not individually mutated during safe audit
INT-00932,/plugins,input,apps/frontend/src/app/(dashboard)/plugins/page.tsx,316,<input,Review live behavior and state/API effect,PARTIAL_CODE_ONLY,apps/frontend/src/app/(dashboard)/plugins/page.tsx:316,Source-inventoried and route rendered; control not individually mutated during safe audit
INT-00933,/plugins,change-handler,apps/frontend/src/app/(dashboard)/plugins/page.tsx,319,onChange={(e) => setHomepage(e.target.value)},Review live behavior and state/API effect,PARTIAL_CODE_ONLY,apps/frontend/src/app/(dashboard)/plugins/page.tsx:319,Source-inventoried and route rendered; control not individually mutated during safe audit
INT-00934,/plugins,button,apps/frontend/src/app/(dashboard)/plugins/page.tsx,328,<button,Review live behavior and state/API effect,PARTIAL_CODE_ONLY,apps/frontend/src/app/(dashboard)/plugins/page.tsx:328,Source-inventoried and route rendered; control not individually mutated during safe audit
INT-00935,/plugins,click-handler,apps/frontend/src/app/(dashboard)/plugins/page.tsx,330,onClick={onClose},Review live behavior and state/API effect,PARTIAL_CODE_ONLY,apps/frontend/src/app/(dashboard)/plugins/page.tsx:330,Source-inventoried and route rendered; control not individually mutated during safe audit
INT-00936,/plugins,button,apps/frontend/src/app/(dashboard)/plugins/page.tsx,335,<button,Review live behavior and state/API effect,PARTIAL_CODE_ONLY,apps/frontend/src/app/(dashboard)/plugins/page.tsx:335,Source-inventoried and route rendered; control not individually mutated during safe audit
INT-00937,/projects,click-handler,apps/frontend/src/app/(dashboard)/projects/page.tsx,116,"<div className=""fixed inset-0 z-50 flex items-center justify-center bg-black/50"" onClick={onClose}>",Review live behavior and state/API effect,PARTIAL_CODE_ONLY,apps/frontend/src/app/(dashboard)/projects/page.tsx:116,Source-inventoried and route rendered; control not individually mutated during safe audit
INT-00938,/projects,click-handler,apps/frontend/src/app/(dashboard)/projects/page.tsx,117,"<div className=""bg-white dark:bg-zinc-900 rounded-xl shadow-2xl w-full max-w-lg p-6 mx-4"" onClick={(e) => e.stopPropagation()}>",Review live behavior and state/API effect,PARTIAL_CODE_ONLY,apps/frontend/src/app/(dashboard)/projects/page.tsx:117,Source-inventoried and route rendered; control not individually mutated during safe audit
INT-00939,/projects,input,apps/frontend/src/app/(dashboard)/projects/page.tsx,122,<input,Review live behavior and state/API effect,PARTIAL_CODE_ONLY,apps/frontend/src/app/(dashboard)/projects/page.tsx:122,Source-inventoried and route rendered; control not individually mutated during safe audit
INT-00940,/projects,change-handler,apps/frontend/src/app/(dashboard)/projects/page.tsx,125,value={title} onChange={(e) => setTitle(e.target.value)},Review live behavior and state/API effect,PARTIAL_CODE_ONLY,apps/frontend/src/app/(dashboard)/projects/page.tsx:125,Source-inventoried and route rendered; control not individually mutated during safe audit
INT-00941,/projects,textarea,apps/frontend/src/app/(dashboard)/projects/page.tsx,130,<textarea,Review live behavior and state/API effect,PARTIAL_CODE_ONLY,apps/frontend/src/app/(dashboard)/projects/page.tsx:130,Source-inventoried and route rendered; control not individually mutated during safe audit
INT-00942,/projects,change-handler,apps/frontend/src/app/(dashboard)/projects/page.tsx,133,value={description} onChange={(e) => setDescription(e.target.value)},Review live behavior and state/API effect,PARTIAL_CODE_ONLY,apps/frontend/src/app/(dashboard)/projects/page.tsx:133,Source-inventoried and route rendered; control not individually mutated during safe audit
INT-00943,/projects,select,apps/frontend/src/app/(dashboard)/projects/page.tsx,139,<select,Review live behavior and state/API effect,PARTIAL_CODE_ONLY,apps/frontend/src/app/(dashboard)/projects/page.tsx:139,Source-inventoried and route rendered; control not individually mutated during safe audit
INT-00944,/projects,change-handler,apps/frontend/src/app/(dashboard)/projects/page.tsx,141,value={status} onChange={(e) => setStatus(e.target.value)},Review live behavior and state/API effect,PARTIAL_CODE_ONLY,apps/frontend/src/app/(dashboard)/projects/page.tsx:141,Source-inventoried and route rendered; control not individually mutated during safe audit
INT-00945,/projects,select,apps/frontend/src/app/(dashboard)/projects/page.tsx,153,<select,Review live behavior and state/API effect,PARTIAL_CODE_ONLY,apps/frontend/src/app/(dashboard)/projects/page.tsx:153,Source-inventoried and route rendered; control not individually mutated during safe audit
INT-00946,/projects,change-handler,apps/frontend/src/app/(dashboard)/projects/page.tsx,155,value={type} onChange={(e) => setType(e.target.value)},Review live behavior and state/API effect,PARTIAL_CODE_ONLY,apps/frontend/src/app/(dashboard)/projects/page.tsx:155,Source-inventoried and route rendered; control not individually mutated during safe audit
INT-00947,/projects,input,apps/frontend/src/app/(dashboard)/projects/page.tsx,166,<input,Review live behavior and state/API effect,PARTIAL_CODE_ONLY,apps/frontend/src/app/(dashboard)/projects/page.tsx:166,Source-inventoried and route rendered; control not individually mutated during safe audit
INT-00948,/projects,change-handler,apps/frontend/src/app/(dashboard)/projects/page.tsx,169,value={githubUrl} onChange={(e) => setGithubUrl(e.target.value)},Review live behavior and state/API effect,PARTIAL_CODE_ONLY,apps/frontend/src/app/(dashboard)/projects/page.tsx:169,Source-inventoried and route rendered; control not individually mutated during safe audit
INT-00949,/projects,input,apps/frontend/src/app/(dashboard)/projects/page.tsx,174,<input,Review live behavior and state/API effect,PARTIAL_CODE_ONLY,apps/frontend/src/app/(dashboard)/projects/page.tsx:174,Source-inventoried and route rendered; control not individually mutated during safe audit
INT-00950,/projects,change-handler,apps/frontend/src/app/(dashboard)/projects/page.tsx,177,value={youtubeUrl} onChange={(e) => setYoutubeUrl(e.target.value)},Review live behavior and state/API effect,PARTIAL_CODE_ONLY,apps/frontend/src/app/(dashboard)/projects/page.tsx:177,Source-inventoried and route rendered; control not individually mutated during safe audit
INT-00951,/projects,button,apps/frontend/src/app/(dashboard)/projects/page.tsx,181,<button,Review live behavior and state/API effect,PARTIAL_CODE_ONLY,apps/frontend/src/app/(dashboard)/projects/page.tsx:181,Source-inventoried and route rendered; control not individually mutated during safe audit
INT-00952,/projects,click-handler,apps/frontend/src/app/(dashboard)/projects/page.tsx,182,onClick={() => mutation.mutate()},Review live behavior and state/API effect,PARTIAL_CODE_ONLY,apps/frontend/src/app/(dashboard)/projects/page.tsx:182,Source-inventoried and route rendered; control not individually mutated during safe audit
INT-00953,/projects,click-handler,apps/frontend/src/app/(dashboard)/projects/page.tsx,203,onClick={onClick},Review live behavior and state/API effect,PARTIAL_CODE_ONLY,apps/frontend/src/app/(dashboard)/projects/page.tsx:203,Source-inventoried and route rendered; control not individually mutated during safe audit
INT-00954,/projects,button,apps/frontend/src/app/(dashboard)/projects/page.tsx,214,<button,Review live behavior and state/API effect,PARTIAL_CODE_ONLY,apps/frontend/src/app/(dashboard)/projects/page.tsx:214,Source-inventoried and route rendered; control not individually mutated during safe audit
INT-00955,/projects,click-handler,apps/frontend/src/app/(dashboard)/projects/page.tsx,216,onClick={(e) => { e.stopPropagation(); setMenuOpen(!menuOpen); }},Review live behavior and state/API effect,PARTIAL_CODE_ONLY,apps/frontend/src/app/(dashboard)/projects/page.tsx:216,Source-inventoried and route rendered; control not individually mutated during safe audit
INT-00956,/projects,button,apps/frontend/src/app/(dashboard)/projects/page.tsx,222,<button,Review live behavior and state/API effect,PARTIAL_CODE_ONLY,apps/frontend/src/app/(dashboard)/projects/page.tsx:222,Source-inventoried and route rendered; control not individually mutated during safe audit
INT-00957,/projects,click-handler,apps/frontend/src/app/(dashboard)/projects/page.tsx,224,onClick={(e) => { e.stopPropagation(); setMenuOpen(false); onDelete(); }},Review live behavior and state/API effect,PARTIAL_CODE_ONLY,apps/frontend/src/app/(dashboard)/projects/page.tsx:224,Source-inventoried and route rendered; control not individually mutated during safe audit
INT-00958,/projects,button,apps/frontend/src/app/(dashboard)/projects/page.tsx,354,"<button onClick={onBack} className=""mt-2 text-sm text-amber-600 hover:underline"">",Review live behavior and state/API effect,PARTIAL_CODE_ONLY,apps/frontend/src/app/(dashboard)/projects/page.tsx:354,Source-inventoried and route rendered; control not individually mutated during safe audit
INT-00959,/projects,click-handler,apps/frontend/src/app/(dashboard)/projects/page.tsx,354,"<button onClick={onBack} className=""mt-2 text-sm text-amber-600 hover:underline"">",Review live behavior and state/API effect,PARTIAL_CODE_ONLY,apps/frontend/src/app/(dashboard)/projects/page.tsx:354,Source-inventoried and route rendered; control not individually mutated during safe audit
INT-00960,/projects,button,apps/frontend/src/app/(dashboard)/projects/page.tsx,365,"<button onClick={onBack} className=""inline-flex items-center gap-1 text-sm text-zinc-500 hover:text-zinc-800 dark:hover:text-zinc-200 mb-2 transition-colors"">",Review live behavior and state/API effect,PARTIAL_CODE_ONLY,apps/frontend/src/app/(dashboard)/projects/page.tsx:365,Source-inventoried and route rendered; control not individually mutated during safe audit
INT-00961,/projects,click-handler,apps/frontend/src/app/(dashboard)/projects/page.tsx,365,"<button onClick={onBack} className=""inline-flex items-center gap-1 text-sm text-zinc-500 hover:text-zinc-800 dark:hover:text-zinc-200 mb-2 transition-colors"">",Review live behavior and state/API effect,PARTIAL_CODE_ONLY,apps/frontend/src/app/(dashboard)/projects/page.tsx:365,Source-inventoried and route rendered; control not individually mutated during safe audit
INT-00962,/projects,select,apps/frontend/src/app/(dashboard)/projects/page.tsx,383,<select,Review live behavior and state/API effect,PARTIAL_CODE_ONLY,apps/frontend/src/app/(dashboard)/projects/page.tsx:383,Source-inventoried and route rendered; control not individually mutated during safe audit
INT-00963,/projects,change-handler,apps/frontend/src/app/(dashboard)/projects/page.tsx,385,onChange={(e) => updateProjectMutation.mutate({ status: e.target.value })},Review live behavior and state/API effect,PARTIAL_CODE_ONLY,apps/frontend/src/app/(dashboard)/projects/page.tsx:385,Source-inventoried and route rendered; control not individually mutated during safe audit
INT-00964,/projects,select,apps/frontend/src/app/(dashboard)/projects/page.tsx,395,<select,Review live behavior and state/API effect,PARTIAL_CODE_ONLY,apps/frontend/src/app/(dashboard)/projects/page.tsx:395,Source-inventoried and route rendered; control not individually mutated during safe audit
INT-00965,/projects,change-handler,apps/frontend/src/app/(dashboard)/projects/page.tsx,397,onChange={(e) => updateProjectMutation.mutate({ type: e.target.value })},Review live behavior and state/API effect,PARTIAL_CODE_ONLY,apps/frontend/src/app/(dashboard)/projects/page.tsx:397,Source-inventoried and route rendered; control not individually mutated during safe audit
INT-00966,/projects,button,apps/frontend/src/app/(dashboard)/projects/page.tsx,405,<button,Review live behavior and state/API effect,PARTIAL_CODE_ONLY,apps/frontend/src/app/(dashboard)/projects/page.tsx:405,Source-inventoried and route rendered; control not individually mutated during safe audit
INT-00967,/projects,click-handler,apps/frontend/src/app/(dashboard)/projects/page.tsx,406,onClick={() => { if (window.confirm('Wirklich löschen?')) deleteProjectMutation.mutate(); }},Review live behavior and state/API effect,PARTIAL_CODE_ONLY,apps/frontend/src/app/(dashboard)/projects/page.tsx:406,Source-inventoried and route rendered; control not individually mutated during safe audit
INT-00968,/projects,button,apps/frontend/src/app/(dashboard)/projects/page.tsx,416,<button,Review live behavior and state/API effect,PARTIAL_CODE_ONLY,apps/frontend/src/app/(dashboard)/projects/page.tsx:416,Source-inventoried and route rendered; control not individually mutated during safe audit
INT-00969,/projects,click-handler,apps/frontend/src/app/(dashboard)/projects/page.tsx,418,onClick={() => setTab(t)},Review live behavior and state/API effect,PARTIAL_CODE_ONLY,apps/frontend/src/app/(dashboard)/projects/page.tsx:418,Source-inventoried and route rendered; control not individually mutated during safe audit
INT-00970,/projects,link,apps/frontend/src/app/(dashboard)/projects/page.tsx,459,"<a href={project.githubUrl} target=""_blank"" rel=""noopener noreferrer""",Review live behavior and state/API effect,PARTIAL_CODE_ONLY,apps/frontend/src/app/(dashboard)/projects/page.tsx:459,Source-inventoried and route rendered; control not individually mutated during safe audit
INT-00971,/projects,textarea,apps/frontend/src/app/(dashboard)/projects/page.tsx,490,<textarea,Review live behavior and state/API effect,PARTIAL_CODE_ONLY,apps/frontend/src/app/(dashboard)/projects/page.tsx:490,Source-inventoried and route rendered; control not individually mutated during safe audit
INT-00972,/projects,change-handler,apps/frontend/src/app/(dashboard)/projects/page.tsx,494,onChange={(e) => setNewNoteContent(e.target.value)},Review live behavior and state/API effect,PARTIAL_CODE_ONLY,apps/frontend/src/app/(dashboard)/projects/page.tsx:494,Source-inventoried and route rendered; control not individually mutated during safe audit
INT-00973,/projects,button,apps/frontend/src/app/(dashboard)/projects/page.tsx,496,<button,Review live behavior and state/API effect,PARTIAL_CODE_ONLY,apps/frontend/src/app/(dashboard)/projects/page.tsx:496,Source-inventoried and route rendered; control not individually mutated during safe audit
INT-00974,/projects,click-handler,apps/frontend/src/app/(dashboard)/projects/page.tsx,497,onClick={() => addNoteMutation.mutate()},Review live behavior and state/API effect,PARTIAL_CODE_ONLY,apps/frontend/src/app/(dashboard)/projects/page.tsx:497,Source-inventoried and route rendered; control not individually mutated during safe audit
INT-00975,/projects,textarea,apps/frontend/src/app/(dashboard)/projects/page.tsx,513,<textarea,Review live behavior and state/API effect,PARTIAL_CODE_ONLY,apps/frontend/src/app/(dashboard)/projects/page.tsx:513,Source-inventoried and route rendered; control not individually mutated during safe audit
INT-00976,/projects,change-handler,apps/frontend/src/app/(dashboard)/projects/page.tsx,516,onChange={(e) => setEditNoteContent(e.target.value)},Review live behavior and state/API effect,PARTIAL_CODE_ONLY,apps/frontend/src/app/(dashboard)/projects/page.tsx:516,Source-inventoried and route rendered; control not individually mutated during safe audit
INT-00977,/projects,button,apps/frontend/src/app/(dashboard)/projects/page.tsx,519,<button,Review live behavior and state/API effect,PARTIAL_CODE_ONLY,apps/frontend/src/app/(dashboard)/projects/page.tsx:519,Source-inventoried and route rendered; control not individually mutated during safe audit
INT-00978,/projects,click-handler,apps/frontend/src/app/(dashboard)/projects/page.tsx,520,"onClick={() => updateNoteMutation.mutate({ noteId: note.id, content: editNoteContent })}",Review live behavior and state/API effect,PARTIAL_CODE_ONLY,apps/frontend/src/app/(dashboard)/projects/page.tsx:520,Source-inventoried and route rendered; control not individually mutated during safe audit
INT-00979,/projects,button,apps/frontend/src/app/(dashboard)/projects/page.tsx,526,<button,Review live behavior and state/API effect,PARTIAL_CODE_ONLY,apps/frontend/src/app/(dashboard)/projects/page.tsx:526,Source-inventoried and route rendered; control not individually mutated during safe audit
INT-00980,/projects,click-handler,apps/frontend/src/app/(dashboard)/projects/page.tsx,527,onClick={() => { setEditNoteId(null); setEditNoteContent(''); }},Review live behavior and state/API effect,PARTIAL_CODE_ONLY,apps/frontend/src/app/(dashboard)/projects/page.tsx:527,Source-inventoried and route rendered; control not individually mutated during safe audit
INT-00981,/projects,button,apps/frontend/src/app/(dashboard)/projects/page.tsx,539,<button,Review live behavior and state/API effect,PARTIAL_CODE_ONLY,apps/frontend/src/app/(dashboard)/projects/page.tsx:539,Source-inventoried and route rendered; control not individually mutated during safe audit
INT-00982,/projects,click-handler,apps/frontend/src/app/(dashboard)/projects/page.tsx,540,onClick={() => { setEditNoteId(note.id); setEditNoteContent(note.content); }},Review live behavior and state/API effect,PARTIAL_CODE_ONLY,apps/frontend/src/app/(dashboard)/projects/page.tsx:540,Source-inventoried and route rendered; control not individually mutated during safe audit
INT-00983,/projects,button,apps/frontend/src/app/(dashboard)/projects/page.tsx,545,<button,Review live behavior and state/API effect,PARTIAL_CODE_ONLY,apps/frontend/src/app/(dashboard)/projects/page.tsx:545,Source-inventoried and route rendered; control not individually mutated during safe audit
INT-00984,/projects,click-handler,apps/frontend/src/app/(dashboard)/projects/page.tsx,546,onClick={() => { if (window.confirm('Notiz löschen?')) deleteNoteMutation.mutate(note.id); }},Review live behavior and state/API effect,PARTIAL_CODE_ONLY,apps/frontend/src/app/(dashboard)/projects/page.tsx:546,Source-inventoried and route rendered; control not individually mutated during safe audit
INT-00985,/projects,input,apps/frontend/src/app/(dashboard)/projects/page.tsx,564,"<input placeholder=""URL""",Review live behavior and state/API effect,PARTIAL_CODE_ONLY,apps/frontend/src/app/(dashboard)/projects/page.tsx:564,Source-inventoried and route rendered; control not individually mutated during safe audit
INT-00986,/projects,change-handler,apps/frontend/src/app/(dashboard)/projects/page.tsx,566,value={newLinkUrl} onChange={(e) => setNewLinkUrl(e.target.value)},Review live behavior and state/API effect,PARTIAL_CODE_ONLY,apps/frontend/src/app/(dashboard)/projects/page.tsx:566,Source-inventoried and route rendered; control not individually mutated during safe audit
INT-00987,/projects,input,apps/frontend/src/app/(dashboard)/projects/page.tsx,568,"<input placeholder=""Label""",Review live behavior and state/API effect,PARTIAL_CODE_ONLY,apps/frontend/src/app/(dashboard)/projects/page.tsx:568,Source-inventoried and route rendered; control not individually mutated during safe audit
INT-00988,/projects,change-handler,apps/frontend/src/app/(dashboard)/projects/page.tsx,570,value={newLinkLabel} onChange={(e) => setNewLinkLabel(e.target.value)},Review live behavior and state/API effect,PARTIAL_CODE_ONLY,apps/frontend/src/app/(dashboard)/projects/page.tsx:570,Source-inventoried and route rendered; control not individually mutated during safe audit
INT-00989,/projects,select,apps/frontend/src/app/(dashboard)/projects/page.tsx,572,<select,Review live behavior and state/API effect,PARTIAL_CODE_ONLY,apps/frontend/src/app/(dashboard)/projects/page.tsx:572,Source-inventoried and route rendered; control not individually mutated during safe audit
INT-00990,/projects,change-handler,apps/frontend/src/app/(dashboard)/projects/page.tsx,574,value={newLinkType} onChange={(e) => setNewLinkType(e.target.value)},Review live behavior and state/API effect,PARTIAL_CODE_ONLY,apps/frontend/src/app/(dashboard)/projects/page.tsx:574,Source-inventoried and route rendered; control not individually mutated during safe audit
INT-00991,/projects,button,apps/frontend/src/app/(dashboard)/projects/page.tsx,580,<button,Review live behavior and state/API effect,PARTIAL_CODE_ONLY,apps/frontend/src/app/(dashboard)/projects/page.tsx:580,Source-inventoried and route rendered; control not individually mutated during safe audit
INT-00992,/projects,click-handler,apps/frontend/src/app/(dashboard)/projects/page.tsx,581,onClick={() => addLinkMutation.mutate()},Review live behavior and state/API effect,PARTIAL_CODE_ONLY,apps/frontend/src/app/(dashboard)/projects/page.tsx:581,Source-inventoried and route rendered; control not individually mutated during safe audit
INT-00993,/projects,link,apps/frontend/src/app/(dashboard)/projects/page.tsx,604,"<a href={link.url} target=""_blank"" rel=""noopener noreferrer""",Review live behavior and state/API effect,PARTIAL_CODE_ONLY,apps/frontend/src/app/(dashboard)/projects/page.tsx:604,Source-inventoried and route rendered; control not individually mutated during safe audit
INT-00994,/projects,button,apps/frontend/src/app/(dashboard)/projects/page.tsx,609,<button,Review live behavior and state/API effect,PARTIAL_CODE_ONLY,apps/frontend/src/app/(dashboard)/projects/page.tsx:609,Source-inventoried and route rendered; control not individually mutated during safe audit
INT-00995,/projects,click-handler,apps/frontend/src/app/(dashboard)/projects/page.tsx,610,onClick={() => { if (window.confirm('Link löschen?')) deleteLinkMutation.mutate(link.id); }},Review live behavior and state/API effect,PARTIAL_CODE_ONLY,apps/frontend/src/app/(dashboard)/projects/page.tsx:610,Source-inventoried and route rendered; control not individually mutated during safe audit
INT-00996,/projects,button,apps/frontend/src/app/(dashboard)/projects/page.tsx,673,<button,Review live behavior and state/API effect,PARTIAL_CODE_ONLY,apps/frontend/src/app/(dashboard)/projects/page.tsx:673,Source-inventoried and route rendered; control not individually mutated during safe audit
INT-00997,/projects,click-handler,apps/frontend/src/app/(dashboard)/projects/page.tsx,674,onClick={() => setDialogOpen(true)},Review live behavior and state/API effect,PARTIAL_CODE_ONLY,apps/frontend/src/app/(dashboard)/projects/page.tsx:674,Source-inventoried and route rendered; control not individually mutated during safe audit
INT-00998,/projects,input,apps/frontend/src/app/(dashboard)/projects/page.tsx,682,<input,Review live behavior and state/API effect,PARTIAL_CODE_ONLY,apps/frontend/src/app/(dashboard)/projects/page.tsx:682,Source-inventoried and route rendered; control not individually mutated during safe audit
INT-00999,/projects,change-handler,apps/frontend/src/app/(dashboard)/projects/page.tsx,685,onChange={(e) => setSearch(e.target.value)},Review live behavior and state/API effect,PARTIAL_CODE_ONLY,apps/frontend/src/app/(dashboard)/projects/page.tsx:685,Source-inventoried and route rendered; control not individually mutated during safe audit
INT-01000,/projects,button,apps/frontend/src/app/(dashboard)/projects/page.tsx,708,"<button onClick={() => queryClient.invalidateQueries({ queryKey: ['projects'] })} className=""mt-2 text-sm text-amber-600 hover:underline"">",Review live behavior and state/API effect,PARTIAL_CODE_ONLY,apps/frontend/src/app/(dashboard)/projects/page.tsx:708,Source-inventoried and route rendered; control not individually mutated during safe audit
INT-01001,/projects,click-handler,apps/frontend/src/app/(dashboard)/projects/page.tsx,708,"<button onClick={() => queryClient.invalidateQueries({ queryKey: ['projects'] })} className=""mt-2 text-sm text-amber-600 hover:underline"">",Review live behavior and state/API effect,PARTIAL_CODE_ONLY,apps/frontend/src/app/(dashboard)/projects/page.tsx:708,Source-inventoried and route rendered; control not individually mutated during safe audit
INT-01002,/projects,button,apps/frontend/src/app/(dashboard)/projects/page.tsx,723,<button,Review live behavior and state/API effect,PARTIAL_CODE_ONLY,apps/frontend/src/app/(dashboard)/projects/page.tsx:723,Source-inventoried and route rendered; control not individually mutated during safe audit
INT-01003,/projects,click-handler,apps/frontend/src/app/(dashboard)/projects/page.tsx,724,onClick={() => setDialogOpen(true)},Review live behavior and state/API effect,PARTIAL_CODE_ONLY,apps/frontend/src/app/(dashboard)/projects/page.tsx:724,Source-inventoried and route rendered; control not individually mutated during safe audit
INT-01004,/projects,click-handler,apps/frontend/src/app/(dashboard)/projects/page.tsx,738,onClick={() => setSelectedProjectId(project.id)},Review live behavior and state/API effect,PARTIAL_CODE_ONLY,apps/frontend/src/app/(dashboard)/projects/page.tsx:738,Source-inventoried and route rendered; control not individually mutated during safe audit
INT-01005,/recipes/[id]/cook,button,apps/frontend/src/app/(dashboard)/recipes/[id]/cook/page.tsx,196,"<button onClick={() => router.push('/recipes')} className=""text-white hover:underline"">",Review live behavior and state/API effect,PARTIAL_CODE_ONLY,apps/frontend/src/app/(dashboard)/recipes/[id]/cook/page.tsx:196,Source-inventoried and route rendered; control not individually mutated during safe audit
INT-01006,/recipes/[id]/cook,click-handler,apps/frontend/src/app/(dashboard)/recipes/[id]/cook/page.tsx,196,"<button onClick={() => router.push('/recipes')} className=""text-white hover:underline"">",Review live behavior and state/API effect,PARTIAL_CODE_ONLY,apps/frontend/src/app/(dashboard)/recipes/[id]/cook/page.tsx:196,Source-inventoried and route rendered; control not individually mutated during safe audit
INT-01007,/recipes/[id]/cook,button,apps/frontend/src/app/(dashboard)/recipes/[id]/cook/page.tsx,217,<button,Review live behavior and state/API effect,PARTIAL_CODE_ONLY,apps/frontend/src/app/(dashboard)/recipes/[id]/cook/page.tsx:217,Source-inventoried and route rendered; control not individually mutated during safe audit
INT-01008,/recipes/[id]/cook,click-handler,apps/frontend/src/app/(dashboard)/recipes/[id]/cook/page.tsx,218,onClick={() => router.push(`/recipes/${recipe.id}`)},Review live behavior and state/API effect,PARTIAL_CODE_ONLY,apps/frontend/src/app/(dashboard)/recipes/[id]/cook/page.tsx:218,Source-inventoried and route rendered; control not individually mutated during safe audit
INT-01009,/recipes/[id]/cook,button,apps/frontend/src/app/(dashboard)/recipes/[id]/cook/page.tsx,223,<button,Review live behavior and state/API effect,PARTIAL_CODE_ONLY,apps/frontend/src/app/(dashboard)/recipes/[id]/cook/page.tsx:223,Source-inventoried and route rendered; control not individually mutated during safe audit
INT-01010,/recipes/[id]/cook,click-handler,apps/frontend/src/app/(dashboard)/recipes/[id]/cook/page.tsx,224,onClick={() => router.push('/recipes')},Review live behavior and state/API effect,PARTIAL_CODE_ONLY,apps/frontend/src/app/(dashboard)/recipes/[id]/cook/page.tsx:224,Source-inventoried and route rendered; control not individually mutated during safe audit
INT-01011,/recipes/[id]/cook,button,apps/frontend/src/app/(dashboard)/recipes/[id]/cook/page.tsx,255,<button,Review live behavior and state/API effect,PARTIAL_CODE_ONLY,apps/frontend/src/app/(dashboard)/recipes/[id]/cook/page.tsx:255,Source-inventoried and route rendered; control not individually mutated during safe audit
INT-01012,/recipes/[id]/cook,click-handler,apps/frontend/src/app/(dashboard)/recipes/[id]/cook/page.tsx,256,onClick={() => {,Review live behavior and state/API effect,PARTIAL_CODE_ONLY,apps/frontend/src/app/(dashboard)/recipes/[id]/cook/page.tsx:256,Source-inventoried and route rendered; control not individually mutated during safe audit
INT-01013,/recipes/[id]/cook,click-handler,apps/frontend/src/app/(dashboard)/recipes/[id]/cook/page.tsx,286,onClick={handleQuickTap},Review live behavior and state/API effect,PARTIAL_CODE_ONLY,apps/frontend/src/app/(dashboard)/recipes/[id]/cook/page.tsx:286,Source-inventoried and route rendered; control not individually mutated during safe audit
INT-01014,/recipes/[id]/cook,button,apps/frontend/src/app/(dashboard)/recipes/[id]/cook/page.tsx,315,<button onClick={toggleTimer},Review live behavior and state/API effect,PARTIAL_CODE_ONLY,apps/frontend/src/app/(dashboard)/recipes/[id]/cook/page.tsx:315,Source-inventoried and route rendered; control not individually mutated during safe audit
INT-01015,/recipes/[id]/cook,click-handler,apps/frontend/src/app/(dashboard)/recipes/[id]/cook/page.tsx,315,<button onClick={toggleTimer},Review live behavior and state/API effect,PARTIAL_CODE_ONLY,apps/frontend/src/app/(dashboard)/recipes/[id]/cook/page.tsx:315,Source-inventoried and route rendered; control not individually mutated during safe audit
INT-01016,/recipes/[id]/cook,button,apps/frontend/src/app/(dashboard)/recipes/[id]/cook/page.tsx,320,<button onClick={toggleTimer},Review live behavior and state/API effect,PARTIAL_CODE_ONLY,apps/frontend/src/app/(dashboard)/recipes/[id]/cook/page.tsx:320,Source-inventoried and route rendered; control not individually mutated during safe audit
INT-01017,/recipes/[id]/cook,click-handler,apps/frontend/src/app/(dashboard)/recipes/[id]/cook/page.tsx,320,<button onClick={toggleTimer},Review live behavior and state/API effect,PARTIAL_CODE_ONLY,apps/frontend/src/app/(dashboard)/recipes/[id]/cook/page.tsx:320,Source-inventoried and route rendered; control not individually mutated during safe audit
INT-01018,/recipes/[id]/cook,button,apps/frontend/src/app/(dashboard)/recipes/[id]/cook/page.tsx,325,<button onClick={stopTimer},Review live behavior and state/API effect,PARTIAL_CODE_ONLY,apps/frontend/src/app/(dashboard)/recipes/[id]/cook/page.tsx:325,Source-inventoried and route rendered; control not individually mutated during safe audit
INT-01019,/recipes/[id]/cook,click-handler,apps/frontend/src/app/(dashboard)/recipes/[id]/cook/page.tsx,325,<button onClick={stopTimer},Review live behavior and state/API effect,PARTIAL_CODE_ONLY,apps/frontend/src/app/(dashboard)/recipes/[id]/cook/page.tsx:325,Source-inventoried and route rendered; control not individually mutated during safe audit
INT-01020,/recipes/[id]/cook,button,apps/frontend/src/app/(dashboard)/recipes/[id]/cook/page.tsx,344,<button onClick={prevStep},Review live behavior and state/API effect,PARTIAL_CODE_ONLY,apps/frontend/src/app/(dashboard)/recipes/[id]/cook/page.tsx:344,Source-inventoried and route rendered; control not individually mutated during safe audit
INT-01021,/recipes/[id]/cook,click-handler,apps/frontend/src/app/(dashboard)/recipes/[id]/cook/page.tsx,344,<button onClick={prevStep},Review live behavior and state/API effect,PARTIAL_CODE_ONLY,apps/frontend/src/app/(dashboard)/recipes/[id]/cook/page.tsx:344,Source-inventoried and route rendered; control not individually mutated during safe audit
INT-01022,/recipes/[id]/cook,button,apps/frontend/src/app/(dashboard)/recipes/[id]/cook/page.tsx,353,<button onClick={nextStep},Review live behavior and state/API effect,PARTIAL_CODE_ONLY,apps/frontend/src/app/(dashboard)/recipes/[id]/cook/page.tsx:353,Source-inventoried and route rendered; control not individually mutated during safe audit
INT-01023,/recipes/[id]/cook,click-handler,apps/frontend/src/app/(dashboard)/recipes/[id]/cook/page.tsx,353,<button onClick={nextStep},Review live behavior and state/API effect,PARTIAL_CODE_ONLY,apps/frontend/src/app/(dashboard)/recipes/[id]/cook/page.tsx:353,Source-inventoried and route rendered; control not individually mutated during safe audit
INT-01024,/recipes/[id],button,apps/frontend/src/app/(dashboard)/recipes/[id]/page.tsx,121,"<button onClick={() => router.push('/recipes')} className=""mt-4 text-primary hover:underline"">",Review live behavior and state/API effect,PARTIAL_CODE_ONLY,apps/frontend/src/app/(dashboard)/recipes/[id]/page.tsx:121,Source-inventoried and route rendered; control not individually mutated during safe audit
INT-01025,/recipes/[id],click-handler,apps/frontend/src/app/(dashboard)/recipes/[id]/page.tsx,121,"<button onClick={() => router.push('/recipes')} className=""mt-4 text-primary hover:underline"">",Review live behavior and state/API effect,PARTIAL_CODE_ONLY,apps/frontend/src/app/(dashboard)/recipes/[id]/page.tsx:121,Source-inventoried and route rendered; control not individually mutated during safe audit
INT-01026,/recipes/[id],button,apps/frontend/src/app/(dashboard)/recipes/[id]/page.tsx,132,"<button onClick={() => router.push('/recipes')} className=""text-sm text-muted-foreground hover:text-foreground transition mb-2 flex items-center gap-1"">",Review live behavior and state/API effect,PARTIAL_CODE_ONLY,apps/frontend/src/app/(dashboard)/recipes/[id]/page.tsx:132,Source-inventoried and route rendered; control not individually mutated during safe audit
INT-01027,/recipes/[id],click-handler,apps/frontend/src/app/(dashboard)/recipes/[id]/page.tsx,132,"<button onClick={() => router.push('/recipes')} className=""text-sm text-muted-foreground hover:text-foreground transition mb-2 flex items-center gap-1"">",Review live behavior and state/API effect,PARTIAL_CODE_ONLY,apps/frontend/src/app/(dashboard)/recipes/[id]/page.tsx:132,Source-inventoried and route rendered; control not individually mutated during safe audit
INT-01028,/recipes/[id],button,apps/frontend/src/app/(dashboard)/recipes/[id]/page.tsx,141,<button,Review live behavior and state/API effect,PARTIAL_CODE_ONLY,apps/frontend/src/app/(dashboard)/recipes/[id]/page.tsx:141,Source-inventoried and route rendered; control not individually mutated during safe audit
INT-01029,/recipes/[id],click-handler,apps/frontend/src/app/(dashboard)/recipes/[id]/page.tsx,142,onClick={() => router.push(`/recipes/${recipe.id}/cook`)},Review live behavior and state/API effect,PARTIAL_CODE_ONLY,apps/frontend/src/app/(dashboard)/recipes/[id]/page.tsx:142,Source-inventoried and route rendered; control not individually mutated during safe audit
INT-01030,/recipes/[id],link,apps/frontend/src/app/(dashboard)/recipes/[id]/page.tsx,168,"<a href={recipe.sourceUrl} target=""_blank"" rel=""noopener"" className=""text-primary hover:underline"">",Review live behavior and state/API effect,PARTIAL_CODE_ONLY,apps/frontend/src/app/(dashboard)/recipes/[id]/page.tsx:168,Source-inventoried and route rendered; control not individually mutated during safe audit
INT-01031,/recipes/[id],button,apps/frontend/src/app/(dashboard)/recipes/[id]/page.tsx,177,"<button onClick={() => handleServingsChange(servings - 1)} className=""w-8 h-8 rounded-full bg-muted hover:bg-muted-foreground/20 transition text-lg"">−</button>",Review live behavior and state/API effect,PARTIAL_CODE_ONLY,apps/frontend/src/app/(dashboard)/recipes/[id]/page.tsx:177,Source-inventoried and route rendered; control not individually mutated during safe audit
INT-01032,/recipes/[id],click-handler,apps/frontend/src/app/(dashboard)/recipes/[id]/page.tsx,177,"<button onClick={() => handleServingsChange(servings - 1)} className=""w-8 h-8 rounded-full bg-muted hover:bg-muted-foreground/20 transition text-lg"">−</button>",Review live behavior and state/API effect,PARTIAL_CODE_ONLY,apps/frontend/src/app/(dashboard)/recipes/[id]/page.tsx:177,Source-inventoried and route rendered; control not individually mutated during safe audit
INT-01033,/recipes/[id],button,apps/frontend/src/app/(dashboard)/recipes/[id]/page.tsx,179,"<button onClick={() => handleServingsChange(servings + 1)} className=""w-8 h-8 rounded-full bg-muted hover:bg-muted-foreground/20 transition text-lg"">+</button>",Review live behavior and state/API effect,PARTIAL_CODE_ONLY,apps/frontend/src/app/(dashboard)/recipes/[id]/page.tsx:179,Source-inventoried and route rendered; control not individually mutated during safe audit
INT-01034,/recipes/[id],click-handler,apps/frontend/src/app/(dashboard)/recipes/[id]/page.tsx,179,"<button onClick={() => handleServingsChange(servings + 1)} className=""w-8 h-8 rounded-full bg-muted hover:bg-muted-foreground/20 transition text-lg"">+</button>",Review live behavior and state/API effect,PARTIAL_CODE_ONLY,apps/frontend/src/app/(dashboard)/recipes/[id]/page.tsx:179,Source-inventoried and route rendered; control not individually mutated during safe audit
INT-01035,/recipes/[id],button,apps/frontend/src/app/(dashboard)/recipes/[id]/page.tsx,184,<button onClick={() => setShowIngredients(true)},Review live behavior and state/API effect,PARTIAL_CODE_ONLY,apps/frontend/src/app/(dashboard)/recipes/[id]/page.tsx:184,Source-inventoried and route rendered; control not individually mutated during safe audit
INT-01036,/recipes/[id],click-handler,apps/frontend/src/app/(dashboard)/recipes/[id]/page.tsx,184,<button onClick={() => setShowIngredients(true)},Review live behavior and state/API effect,PARTIAL_CODE_ONLY,apps/frontend/src/app/(dashboard)/recipes/[id]/page.tsx:184,Source-inventoried and route rendered; control not individually mutated during safe audit
INT-01037,/recipes/[id],button,apps/frontend/src/app/(dashboard)/recipes/[id]/page.tsx,188,<button onClick={() => setShowIngredients(false)},Review live behavior and state/API effect,PARTIAL_CODE_ONLY,apps/frontend/src/app/(dashboard)/recipes/[id]/page.tsx:188,Source-inventoried and route rendered; control not individually mutated during safe audit
INT-01038,/recipes/[id],click-handler,apps/frontend/src/app/(dashboard)/recipes/[id]/page.tsx,188,<button onClick={() => setShowIngredients(false)},Review live behavior and state/API effect,PARTIAL_CODE_ONLY,apps/frontend/src/app/(dashboard)/recipes/[id]/page.tsx:188,Source-inventoried and route rendered; control not individually mutated during safe audit
INT-01039,/recipes/create,input,apps/frontend/src/app/(dashboard)/recipes/create/page.tsx,157,<input,Review live behavior and state/API effect,PARTIAL_CODE_ONLY,apps/frontend/src/app/(dashboard)/recipes/create/page.tsx:157,Source-inventoried and route rendered; control not individually mutated during safe audit
INT-01040,/recipes/create,change-handler,apps/frontend/src/app/(dashboard)/recipes/create/page.tsx,160,onChange={e => setTitle(e.target.value)},Review live behavior and state/API effect,PARTIAL_CODE_ONLY,apps/frontend/src/app/(dashboard)/recipes/create/page.tsx:160,Source-inventoried and route rendered; control not individually mutated during safe audit
INT-01041,/recipes/create,textarea,apps/frontend/src/app/(dashboard)/recipes/create/page.tsx,168,<textarea,Review live behavior and state/API effect,PARTIAL_CODE_ONLY,apps/frontend/src/app/(dashboard)/recipes/create/page.tsx:168,Source-inventoried and route rendered; control not individually mutated during safe audit
INT-01042,/recipes/create,change-handler,apps/frontend/src/app/(dashboard)/recipes/create/page.tsx,170,onChange={e => setDescription(e.target.value)},Review live behavior and state/API effect,PARTIAL_CODE_ONLY,apps/frontend/src/app/(dashboard)/recipes/create/page.tsx:170,Source-inventoried and route rendered; control not individually mutated during safe audit
INT-01043,/recipes/create,input,apps/frontend/src/app/(dashboard)/recipes/create/page.tsx,179,<input,Review live behavior and state/API effect,PARTIAL_CODE_ONLY,apps/frontend/src/app/(dashboard)/recipes/create/page.tsx:179,Source-inventoried and route rendered; control not individually mutated during safe audit
INT-01044,/recipes/create,change-handler,apps/frontend/src/app/(dashboard)/recipes/create/page.tsx,182,onChange={e => setServings(parseInt(e.target.value) || 4)},Review live behavior and state/API effect,PARTIAL_CODE_ONLY,apps/frontend/src/app/(dashboard)/recipes/create/page.tsx:182,Source-inventoried and route rendered; control not individually mutated during safe audit
INT-01045,/recipes/create,input,apps/frontend/src/app/(dashboard)/recipes/create/page.tsx,190,<input,Review live behavior and state/API effect,PARTIAL_CODE_ONLY,apps/frontend/src/app/(dashboard)/recipes/create/page.tsx:190,Source-inventoried and route rendered; control not individually mutated during safe audit
INT-01046,/recipes/create,change-handler,apps/frontend/src/app/(dashboard)/recipes/create/page.tsx,193,onChange={e => setPrepTime(e.target.value)},Review live behavior and state/API effect,PARTIAL_CODE_ONLY,apps/frontend/src/app/(dashboard)/recipes/create/page.tsx:193,Source-inventoried and route rendered; control not individually mutated during safe audit
INT-01047,/recipes/create,input,apps/frontend/src/app/(dashboard)/recipes/create/page.tsx,200,<input,Review live behavior and state/API effect,PARTIAL_CODE_ONLY,apps/frontend/src/app/(dashboard)/recipes/create/page.tsx:200,Source-inventoried and route rendered; control not individually mutated during safe audit
INT-01048,/recipes/create,change-handler,apps/frontend/src/app/(dashboard)/recipes/create/page.tsx,203,onChange={e => setCookTime(e.target.value)},Review live behavior and state/API effect,PARTIAL_CODE_ONLY,apps/frontend/src/app/(dashboard)/recipes/create/page.tsx:203,Source-inventoried and route rendered; control not individually mutated during safe audit
INT-01049,/recipes/create,button,apps/frontend/src/app/(dashboard)/recipes/create/page.tsx,214,<button,Review live behavior and state/API effect,PARTIAL_CODE_ONLY,apps/frontend/src/app/(dashboard)/recipes/create/page.tsx:214,Source-inventoried and route rendered; control not individually mutated during safe audit
INT-01050,/recipes/create,click-handler,apps/frontend/src/app/(dashboard)/recipes/create/page.tsx,217,onClick={() => setEffortLevel(e)},Review live behavior and state/API effect,PARTIAL_CODE_ONLY,apps/frontend/src/app/(dashboard)/recipes/create/page.tsx:217,Source-inventoried and route rendered; control not individually mutated during safe audit
INT-01051,/recipes/create,button,apps/frontend/src/app/(dashboard)/recipes/create/page.tsx,235,<button,Review live behavior and state/API effect,PARTIAL_CODE_ONLY,apps/frontend/src/app/(dashboard)/recipes/create/page.tsx:235,Source-inventoried and route rendered; control not individually mutated during safe audit
INT-01052,/recipes/create,click-handler,apps/frontend/src/app/(dashboard)/recipes/create/page.tsx,237,onClick={addIngredient},Review live behavior and state/API effect,PARTIAL_CODE_ONLY,apps/frontend/src/app/(dashboard)/recipes/create/page.tsx:237,Source-inventoried and route rendered; control not individually mutated during safe audit
INT-01053,/recipes/create,input,apps/frontend/src/app/(dashboard)/recipes/create/page.tsx,246,<input,Review live behavior and state/API effect,PARTIAL_CODE_ONLY,apps/frontend/src/app/(dashboard)/recipes/create/page.tsx:246,Source-inventoried and route rendered; control not individually mutated during safe audit
INT-01054,/recipes/create,change-handler,apps/frontend/src/app/(dashboard)/recipes/create/page.tsx,249,"onChange={e => updateIngredient(i, 'amount', e.target.value)}",Review live behavior and state/API effect,PARTIAL_CODE_ONLY,apps/frontend/src/app/(dashboard)/recipes/create/page.tsx:249,Source-inventoried and route rendered; control not individually mutated during safe audit
INT-01055,/recipes/create,input,apps/frontend/src/app/(dashboard)/recipes/create/page.tsx,253,<input,Review live behavior and state/API effect,PARTIAL_CODE_ONLY,apps/frontend/src/app/(dashboard)/recipes/create/page.tsx:253,Source-inventoried and route rendered; control not individually mutated during safe audit
INT-01056,/recipes/create,change-handler,apps/frontend/src/app/(dashboard)/recipes/create/page.tsx,256,"onChange={e => updateIngredient(i, 'unit', e.target.value)}",Review live behavior and state/API effect,PARTIAL_CODE_ONLY,apps/frontend/src/app/(dashboard)/recipes/create/page.tsx:256,Source-inventoried and route rendered; control not individually mutated during safe audit
INT-01057,/recipes/create,input,apps/frontend/src/app/(dashboard)/recipes/create/page.tsx,260,<input,Review live behavior and state/API effect,PARTIAL_CODE_ONLY,apps/frontend/src/app/(dashboard)/recipes/create/page.tsx:260,Source-inventoried and route rendered; control not individually mutated during safe audit
INT-01058,/recipes/create,change-handler,apps/frontend/src/app/(dashboard)/recipes/create/page.tsx,263,"onChange={e => updateIngredient(i, 'name', e.target.value)}",Review live behavior and state/API effect,PARTIAL_CODE_ONLY,apps/frontend/src/app/(dashboard)/recipes/create/page.tsx:263,Source-inventoried and route rendered; control not individually mutated during safe audit
INT-01059,/recipes/create,input,apps/frontend/src/app/(dashboard)/recipes/create/page.tsx,267,<input,Review live behavior and state/API effect,PARTIAL_CODE_ONLY,apps/frontend/src/app/(dashboard)/recipes/create/page.tsx:267,Source-inventoried and route rendered; control not individually mutated during safe audit
INT-01060,/recipes/create,change-handler,apps/frontend/src/app/(dashboard)/recipes/create/page.tsx,270,"onChange={e => updateIngredient(i, 'note', e.target.value)}",Review live behavior and state/API effect,PARTIAL_CODE_ONLY,apps/frontend/src/app/(dashboard)/recipes/create/page.tsx:270,Source-inventoried and route rendered; control not individually mutated during safe audit
INT-01061,/recipes/create,button,apps/frontend/src/app/(dashboard)/recipes/create/page.tsx,274,<button,Review live behavior and state/API effect,PARTIAL_CODE_ONLY,apps/frontend/src/app/(dashboard)/recipes/create/page.tsx:274,Source-inventoried and route rendered; control not individually mutated during safe audit
INT-01062,/recipes/create,click-handler,apps/frontend/src/app/(dashboard)/recipes/create/page.tsx,276,onClick={() => removeIngredient(i)},Review live behavior and state/API effect,PARTIAL_CODE_ONLY,apps/frontend/src/app/(dashboard)/recipes/create/page.tsx:276,Source-inventoried and route rendered; control not individually mutated during safe audit
INT-01063,/recipes/create,button,apps/frontend/src/app/(dashboard)/recipes/create/page.tsx,290,<button,Review live behavior and state/API effect,PARTIAL_CODE_ONLY,apps/frontend/src/app/(dashboard)/recipes/create/page.tsx:290,Source-inventoried and route rendered; control not individually mutated during safe audit
INT-01064,/recipes/create,click-handler,apps/frontend/src/app/(dashboard)/recipes/create/page.tsx,292,onClick={addStep},Review live behavior and state/API effect,PARTIAL_CODE_ONLY,apps/frontend/src/app/(dashboard)/recipes/create/page.tsx:292,Source-inventoried and route rendered; control not individually mutated during safe audit
INT-01065,/recipes/create,textarea,apps/frontend/src/app/(dashboard)/recipes/create/page.tsx,304,<textarea,Review live behavior and state/API effect,PARTIAL_CODE_ONLY,apps/frontend/src/app/(dashboard)/recipes/create/page.tsx:304,Source-inventoried and route rendered; control not individually mutated during safe audit
INT-01066,/recipes/create,change-handler,apps/frontend/src/app/(dashboard)/recipes/create/page.tsx,306,"onChange={e => updateStep(i, 'instruction', e.target.value)}",Review live behavior and state/API effect,PARTIAL_CODE_ONLY,apps/frontend/src/app/(dashboard)/recipes/create/page.tsx:306,Source-inventoried and route rendered; control not individually mutated during safe audit
INT-01067,/recipes/create,input,apps/frontend/src/app/(dashboard)/recipes/create/page.tsx,311,<input,Review live behavior and state/API effect,PARTIAL_CODE_ONLY,apps/frontend/src/app/(dashboard)/recipes/create/page.tsx:311,Source-inventoried and route rendered; control not individually mutated during safe audit
INT-01068,/recipes/create,change-handler,apps/frontend/src/app/(dashboard)/recipes/create/page.tsx,314,"onChange={e => updateStep(i, 'timerSeconds', e.target.value)}",Review live behavior and state/API effect,PARTIAL_CODE_ONLY,apps/frontend/src/app/(dashboard)/recipes/create/page.tsx:314,Source-inventoried and route rendered; control not individually mutated during safe audit
INT-01069,/recipes/create,button,apps/frontend/src/app/(dashboard)/recipes/create/page.tsx,320,<button,Review live behavior and state/API effect,PARTIAL_CODE_ONLY,apps/frontend/src/app/(dashboard)/recipes/create/page.tsx:320,Source-inventoried and route rendered; control not individually mutated during safe audit
INT-01070,/recipes/create,click-handler,apps/frontend/src/app/(dashboard)/recipes/create/page.tsx,322,onClick={() => removeStep(i)},Review live behavior and state/API effect,PARTIAL_CODE_ONLY,apps/frontend/src/app/(dashboard)/recipes/create/page.tsx:322,Source-inventoried and route rendered; control not individually mutated during safe audit
INT-01071,/recipes/create,button,apps/frontend/src/app/(dashboard)/recipes/create/page.tsx,334,<button,Review live behavior and state/API effect,PARTIAL_CODE_ONLY,apps/frontend/src/app/(dashboard)/recipes/create/page.tsx:334,Source-inventoried and route rendered; control not individually mutated during safe audit
INT-01072,/recipes/create,click-handler,apps/frontend/src/app/(dashboard)/recipes/create/page.tsx,335,onClick={handleSave},Review live behavior and state/API effect,PARTIAL_CODE_ONLY,apps/frontend/src/app/(dashboard)/recipes/create/page.tsx:335,Source-inventoried and route rendered; control not individually mutated during safe audit
INT-01073,/recipes/create,button,apps/frontend/src/app/(dashboard)/recipes/create/page.tsx,341,<button,Review live behavior and state/API effect,PARTIAL_CODE_ONLY,apps/frontend/src/app/(dashboard)/recipes/create/page.tsx:341,Source-inventoried and route rendered; control not individually mutated during safe audit
INT-01074,/recipes/create,click-handler,apps/frontend/src/app/(dashboard)/recipes/create/page.tsx,342,onClick={() => router.push('/recipes')},Review live behavior and state/API effect,PARTIAL_CODE_ONLY,apps/frontend/src/app/(dashboard)/recipes/create/page.tsx:342,Source-inventoried and route rendered; control not individually mutated during safe audit
INT-01075,/recipes/dishes/[id],button,apps/frontend/src/app/(dashboard)/recipes/dishes/[id]/page.tsx,89,"<button onClick={() => router.push('/recipes')} className=""mt-2 text-sm text-amber-600 hover:underline"">",Review live behavior and state/API effect,PARTIAL_CODE_ONLY,apps/frontend/src/app/(dashboard)/recipes/dishes/[id]/page.tsx:89,Source-inventoried and route rendered; control not individually mutated during safe audit
INT-01076,/recipes/dishes/[id],click-handler,apps/frontend/src/app/(dashboard)/recipes/dishes/[id]/page.tsx,89,"<button onClick={() => router.push('/recipes')} className=""mt-2 text-sm text-amber-600 hover:underline"">",Review live behavior and state/API effect,PARTIAL_CODE_ONLY,apps/frontend/src/app/(dashboard)/recipes/dishes/[id]/page.tsx:89,Source-inventoried and route rendered; control not individually mutated during safe audit
INT-01077,/recipes/dishes/[id],button,apps/frontend/src/app/(dashboard)/recipes/dishes/[id]/page.tsx,99,<button,Review live behavior and state/API effect,PARTIAL_CODE_ONLY,apps/frontend/src/app/(dashboard)/recipes/dishes/[id]/page.tsx:99,Source-inventoried and route rendered; control not individually mutated during safe audit
INT-01078,/recipes/dishes/[id],click-handler,apps/frontend/src/app/(dashboard)/recipes/dishes/[id]/page.tsx,100,onClick={() => router.push('/recipes')},Review live behavior and state/API effect,PARTIAL_CODE_ONLY,apps/frontend/src/app/(dashboard)/recipes/dishes/[id]/page.tsx:100,Source-inventoried and route rendered; control not individually mutated during safe audit
INT-01079,/recipes/dishes/[id],button,apps/frontend/src/app/(dashboard)/recipes/dishes/[id]/page.tsx,139,<button,Review live behavior and state/API effect,PARTIAL_CODE_ONLY,apps/frontend/src/app/(dashboard)/recipes/dishes/[id]/page.tsx:139,Source-inventoried and route rendered; control not individually mutated during safe audit
INT-01080,/recipes/dishes/[id],click-handler,apps/frontend/src/app/(dashboard)/recipes/dishes/[id]/page.tsx,141,onClick={() => setSelectedRecipe(r.id)},Review live behavior and state/API effect,PARTIAL_CODE_ONLY,apps/frontend/src/app/(dashboard)/recipes/dishes/[id]/page.tsx:141,Source-inventoried and route rendered; control not individually mutated during safe audit
INT-01081,/recipes/dishes/[id],button,apps/frontend/src/app/(dashboard)/recipes/dishes/[id]/page.tsx,173,<button,Review live behavior and state/API effect,PARTIAL_CODE_ONLY,apps/frontend/src/app/(dashboard)/recipes/dishes/[id]/page.tsx:173,Source-inventoried and route rendered; control not individually mutated during safe audit
INT-01082,/recipes/dishes/[id],click-handler,apps/frontend/src/app/(dashboard)/recipes/dishes/[id]/page.tsx,175,onClick={() => {,Review live behavior and state/API effect,PARTIAL_CODE_ONLY,apps/frontend/src/app/(dashboard)/recipes/dishes/[id]/page.tsx:175,Source-inventoried and route rendered; control not individually mutated during safe audit
INT-01083,/recipes/dishes/[id],link,apps/frontend/src/app/(dashboard)/recipes/dishes/[id]/page.tsx,197,<Link,Review live behavior and state/API effect,PARTIAL_CODE_ONLY,apps/frontend/src/app/(dashboard)/recipes/dishes/[id]/page.tsx:197,Source-inventoried and route rendered; control not individually mutated during safe audit
INT-01084,/recipes/import,input,apps/frontend/src/app/(dashboard)/recipes/import/page.tsx,84,<input,Review live behavior and state/API effect,PARTIAL_CODE_ONLY,apps/frontend/src/app/(dashboard)/recipes/import/page.tsx:84,Source-inventoried and route rendered; control not individually mutated during safe audit
INT-01085,/recipes/import,change-handler,apps/frontend/src/app/(dashboard)/recipes/import/page.tsx,88,onChange={e => setUrl(e.target.value)},Review live behavior and state/API effect,PARTIAL_CODE_ONLY,apps/frontend/src/app/(dashboard)/recipes/import/page.tsx:88,Source-inventoried and route rendered; control not individually mutated during safe audit
INT-01086,/recipes/import,keyboard-handler,apps/frontend/src/app/(dashboard)/recipes/import/page.tsx,89,onKeyDown={e => e.key === 'Enter' && handleImport()},Review live behavior and state/API effect,PARTIAL_CODE_ONLY,apps/frontend/src/app/(dashboard)/recipes/import/page.tsx:89,Source-inventoried and route rendered; control not individually mutated during safe audit
INT-01087,/recipes/import,button,apps/frontend/src/app/(dashboard)/recipes/import/page.tsx,92,<button,Review live behavior and state/API effect,PARTIAL_CODE_ONLY,apps/frontend/src/app/(dashboard)/recipes/import/page.tsx:92,Source-inventoried and route rendered; control not individually mutated during safe audit
INT-01088,/recipes/import,click-handler,apps/frontend/src/app/(dashboard)/recipes/import/page.tsx,93,onClick={handleImport},Review live behavior and state/API effect,PARTIAL_CODE_ONLY,apps/frontend/src/app/(dashboard)/recipes/import/page.tsx:93,Source-inventoried and route rendered; control not individually mutated during safe audit
INT-01089,/recipes/import,button,apps/frontend/src/app/(dashboard)/recipes/import/page.tsx,110,<button,Review live behavior and state/API effect,PARTIAL_CODE_ONLY,apps/frontend/src/app/(dashboard)/recipes/import/page.tsx:110,Source-inventoried and route rendered; control not individually mutated during safe audit
INT-01090,/recipes/import,click-handler,apps/frontend/src/app/(dashboard)/recipes/import/page.tsx,112,onClick={() => setMode(m)},Review live behavior and state/API effect,PARTIAL_CODE_ONLY,apps/frontend/src/app/(dashboard)/recipes/import/page.tsx:112,Source-inventoried and route rendered; control not individually mutated during safe audit
INT-01091,/recipes/import,button,apps/frontend/src/app/(dashboard)/recipes/import/page.tsx,261,<button,Review live behavior and state/API effect,PARTIAL_CODE_ONLY,apps/frontend/src/app/(dashboard)/recipes/import/page.tsx:261,Source-inventoried and route rendered; control not individually mutated during safe audit
INT-01092,/recipes/import,click-handler,apps/frontend/src/app/(dashboard)/recipes/import/page.tsx,262,onClick={async () => {,Review live behavior and state/API effect,PARTIAL_CODE_ONLY,apps/frontend/src/app/(dashboard)/recipes/import/page.tsx:262,Source-inventoried and route rendered; control not individually mutated during safe audit
INT-01093,/recipes/import,button,apps/frontend/src/app/(dashboard)/recipes/import/page.tsx,289,<button,Review live behavior and state/API effect,PARTIAL_CODE_ONLY,apps/frontend/src/app/(dashboard)/recipes/import/page.tsx:289,Source-inventoried and route rendered; control not individually mutated during safe audit
INT-01094,/recipes/import,click-handler,apps/frontend/src/app/(dashboard)/recipes/import/page.tsx,290,onClick={() => setResult(null)},Review live behavior and state/API effect,PARTIAL_CODE_ONLY,apps/frontend/src/app/(dashboard)/recipes/import/page.tsx:290,Source-inventoried and route rendered; control not individually mutated during safe audit
INT-01095,/recipes,button,apps/frontend/src/app/(dashboard)/recipes/page.tsx,111,<button,Review live behavior and state/API effect,PARTIAL_CODE_ONLY,apps/frontend/src/app/(dashboard)/recipes/page.tsx:111,Source-inventoried and route rendered; control not individually mutated during safe audit
INT-01096,/recipes,click-handler,apps/frontend/src/app/(dashboard)/recipes/page.tsx,112,onClick={() => router.push('/login')},Review live behavior and state/API effect,PARTIAL_CODE_ONLY,apps/frontend/src/app/(dashboard)/recipes/page.tsx:112,Source-inventoried and route rendered; control not individually mutated during safe audit
INT-01097,/recipes,button,apps/frontend/src/app/(dashboard)/recipes/page.tsx,118,<button,Review live behavior and state/API effect,PARTIAL_CODE_ONLY,apps/frontend/src/app/(dashboard)/recipes/page.tsx:118,Source-inventoried and route rendered; control not individually mutated during safe audit
INT-01098,/recipes,click-handler,apps/frontend/src/app/(dashboard)/recipes/page.tsx,119,onClick={fetchRecipes},Review live behavior and state/API effect,PARTIAL_CODE_ONLY,apps/frontend/src/app/(dashboard)/recipes/page.tsx:119,Source-inventoried and route rendered; control not individually mutated during safe audit
INT-01099,/recipes,button,apps/frontend/src/app/(dashboard)/recipes/page.tsx,137,<button,Review live behavior and state/API effect,PARTIAL_CODE_ONLY,apps/frontend/src/app/(dashboard)/recipes/page.tsx:137,Source-inventoried and route rendered; control not individually mutated during safe audit
INT-01100,/recipes,click-handler,apps/frontend/src/app/(dashboard)/recipes/page.tsx,138,onClick={() => router.push('/recipes/create')},Review live behavior and state/API effect,PARTIAL_CODE_ONLY,apps/frontend/src/app/(dashboard)/recipes/page.tsx:138,Source-inventoried and route rendered; control not individually mutated during safe audit
INT-01101,/recipes,button,apps/frontend/src/app/(dashboard)/recipes/page.tsx,143,<button,Review live behavior and state/API effect,PARTIAL_CODE_ONLY,apps/frontend/src/app/(dashboard)/recipes/page.tsx:143,Source-inventoried and route rendered; control not individually mutated during safe audit
INT-01102,/recipes,click-handler,apps/frontend/src/app/(dashboard)/recipes/page.tsx,144,onClick={() => router.push('/recipes/import')},Review live behavior and state/API effect,PARTIAL_CODE_ONLY,apps/frontend/src/app/(dashboard)/recipes/page.tsx:144,Source-inventoried and route rendered; control not individually mutated during safe audit
INT-01103,/recipes,input,apps/frontend/src/app/(dashboard)/recipes/page.tsx,154,<input,Review live behavior and state/API effect,PARTIAL_CODE_ONLY,apps/frontend/src/app/(dashboard)/recipes/page.tsx:154,Source-inventoried and route rendered; control not individually mutated during safe audit
INT-01104,/recipes,change-handler,apps/frontend/src/app/(dashboard)/recipes/page.tsx,158,onChange={e => setSearch(e.target.value)},Review live behavior and state/API effect,PARTIAL_CODE_ONLY,apps/frontend/src/app/(dashboard)/recipes/page.tsx:158,Source-inventoried and route rendered; control not individually mutated during safe audit
INT-01105,/recipes,select,apps/frontend/src/app/(dashboard)/recipes/page.tsx,161,<select,Review live behavior and state/API effect,PARTIAL_CODE_ONLY,apps/frontend/src/app/(dashboard)/recipes/page.tsx:161,Source-inventoried and route rendered; control not individually mutated during safe audit
INT-01106,/recipes,change-handler,apps/frontend/src/app/(dashboard)/recipes/page.tsx,163,onChange={e => setSourceFilter(e.target.value)},Review live behavior and state/API effect,PARTIAL_CODE_ONLY,apps/frontend/src/app/(dashboard)/recipes/page.tsx:163,Source-inventoried and route rendered; control not individually mutated during safe audit
INT-01107,/recipes,button,apps/frontend/src/app/(dashboard)/recipes/page.tsx,181,<button,Review live behavior and state/API effect,PARTIAL_CODE_ONLY,apps/frontend/src/app/(dashboard)/recipes/page.tsx:181,Source-inventoried and route rendered; control not individually mutated during safe audit
INT-01108,/recipes,click-handler,apps/frontend/src/app/(dashboard)/recipes/page.tsx,182,onClick={() => router.push('/recipes/import')},Review live behavior and state/API effect,PARTIAL_CODE_ONLY,apps/frontend/src/app/(dashboard)/recipes/page.tsx:182,Source-inventoried and route rendered; control not individually mutated during safe audit
INT-01109,/recipes,button,apps/frontend/src/app/(dashboard)/recipes/page.tsx,187,<button,Review live behavior and state/API effect,PARTIAL_CODE_ONLY,apps/frontend/src/app/(dashboard)/recipes/page.tsx:187,Source-inventoried and route rendered; control not individually mutated during safe audit
INT-01110,/recipes,click-handler,apps/frontend/src/app/(dashboard)/recipes/page.tsx,188,onClick={() => router.push('/recipes/create')},Review live behavior and state/API effect,PARTIAL_CODE_ONLY,apps/frontend/src/app/(dashboard)/recipes/page.tsx:188,Source-inventoried and route rendered; control not individually mutated during safe audit
INT-01111,/recipes,link,apps/frontend/src/app/(dashboard)/recipes/page.tsx,198,<Link,Review live behavior and state/API effect,PARTIAL_CODE_ONLY,apps/frontend/src/app/(dashboard)/recipes/page.tsx:198,Source-inventoried and route rendered; control not individually mutated during safe audit
INT-01112,/search,input,apps/frontend/src/app/(dashboard)/search/page.tsx,126,<input,Review live behavior and state/API effect,PARTIAL_CODE_ONLY,apps/frontend/src/app/(dashboard)/search/page.tsx:126,Source-inventoried and route rendered; control not individually mutated during safe audit
INT-01113,/search,change-handler,apps/frontend/src/app/(dashboard)/search/page.tsx,130,onChange={(e) => handleInputChange(e.target.value)},Review live behavior and state/API effect,PARTIAL_CODE_ONLY,apps/frontend/src/app/(dashboard)/search/page.tsx:130,Source-inventoried and route rendered; control not individually mutated during safe audit
INT-01114,/search,button,apps/frontend/src/app/(dashboard)/search/page.tsx,136,<button,Review live behavior and state/API effect,PARTIAL_CODE_ONLY,apps/frontend/src/app/(dashboard)/search/page.tsx:136,Source-inventoried and route rendered; control not individually mutated during safe audit
INT-01115,/search,click-handler,apps/frontend/src/app/(dashboard)/search/page.tsx,137,onClick={clearSearch},Review live behavior and state/API effect,PARTIAL_CODE_ONLY,apps/frontend/src/app/(dashboard)/search/page.tsx:137,Source-inventoried and route rendered; control not individually mutated during safe audit
INT-01116,/search,button,apps/frontend/src/app/(dashboard)/search/page.tsx,148,<button,Review live behavior and state/API effect,PARTIAL_CODE_ONLY,apps/frontend/src/app/(dashboard)/search/page.tsx:148,Source-inventoried and route rendered; control not individually mutated during safe audit
INT-01117,/search,click-handler,apps/frontend/src/app/(dashboard)/search/page.tsx,149,onClick={() => setFilter('all')},Review live behavior and state/API effect,PARTIAL_CODE_ONLY,apps/frontend/src/app/(dashboard)/search/page.tsx:149,Source-inventoried and route rendered; control not individually mutated during safe audit
INT-01118,/search,button,apps/frontend/src/app/(dashboard)/search/page.tsx,164,<button,Review live behavior and state/API effect,PARTIAL_CODE_ONLY,apps/frontend/src/app/(dashboard)/search/page.tsx:164,Source-inventoried and route rendered; control not individually mutated during safe audit
INT-01119,/search,click-handler,apps/frontend/src/app/(dashboard)/search/page.tsx,166,onClick={() => setFilter(filter === domain ? 'all' : domain)},Review live behavior and state/API effect,PARTIAL_CODE_ONLY,apps/frontend/src/app/(dashboard)/search/page.tsx:166,Source-inventoried and route rendered; control not individually mutated during safe audit
INT-01120,/search,link,apps/frontend/src/app/(dashboard)/search/page.tsx,228,<a,Review live behavior and state/API effect,PARTIAL_CODE_ONLY,apps/frontend/src/app/(dashboard)/search/page.tsx:228,Source-inventoried and route rendered; control not individually mutated during safe audit
INT-01121,/settings/diet,input,apps/frontend/src/app/(dashboard)/settings/diet/page.tsx,123,<input,Review live behavior and state/API effect,PARTIAL_CODE_ONLY,apps/frontend/src/app/(dashboard)/settings/diet/page.tsx:123,Source-inventoried and route rendered; control not individually mutated during safe audit
INT-01122,/settings/diet,change-handler,apps/frontend/src/app/(dashboard)/settings/diet/page.tsx,126,onChange={() => toggleFlag(opt.key)},Review live behavior and state/API effect,PARTIAL_CODE_ONLY,apps/frontend/src/app/(dashboard)/settings/diet/page.tsx:126,Source-inventoried and route rendered; control not individually mutated during safe audit
INT-01123,/settings/diet,input,apps/frontend/src/app/(dashboard)/settings/diet/page.tsx,150,<input,Review live behavior and state/API effect,PARTIAL_CODE_ONLY,apps/frontend/src/app/(dashboard)/settings/diet/page.tsx:150,Source-inventoried and route rendered; control not individually mutated during safe audit
INT-01124,/settings/diet,change-handler,apps/frontend/src/app/(dashboard)/settings/diet/page.tsx,153,onChange={e =>,Review live behavior and state/API effect,PARTIAL_CODE_ONLY,apps/frontend/src/app/(dashboard)/settings/diet/page.tsx:153,Source-inventoried and route rendered; control not individually mutated during safe audit
INT-01125,/settings/diet,input,apps/frontend/src/app/(dashboard)/settings/diet/page.tsx,163,<input,Review live behavior and state/API effect,PARTIAL_CODE_ONLY,apps/frontend/src/app/(dashboard)/settings/diet/page.tsx:163,Source-inventoried and route rendered; control not individually mutated during safe audit
INT-01126,/settings/diet,change-handler,apps/frontend/src/app/(dashboard)/settings/diet/page.tsx,166,onChange={e =>,Review live behavior and state/API effect,PARTIAL_CODE_ONLY,apps/frontend/src/app/(dashboard)/settings/diet/page.tsx:166,Source-inventoried and route rendered; control not individually mutated during safe audit
INT-01127,/settings/diet,input,apps/frontend/src/app/(dashboard)/settings/diet/page.tsx,182,<input,Review live behavior and state/API effect,PARTIAL_CODE_ONLY,apps/frontend/src/app/(dashboard)/settings/diet/page.tsx:182,Source-inventoried and route rendered; control not individually mutated during safe audit
INT-01128,/settings/diet,change-handler,apps/frontend/src/app/(dashboard)/settings/diet/page.tsx,185,onChange={e =>,Review live behavior and state/API effect,PARTIAL_CODE_ONLY,apps/frontend/src/app/(dashboard)/settings/diet/page.tsx:185,Source-inventoried and route rendered; control not individually mutated during safe audit
INT-01129,/settings/diet,button,apps/frontend/src/app/(dashboard)/settings/diet/page.tsx,205,<button,Review live behavior and state/API effect,PARTIAL_CODE_ONLY,apps/frontend/src/app/(dashboard)/settings/diet/page.tsx:205,Source-inventoried and route rendered; control not individually mutated during safe audit
INT-01130,/settings/diet,click-handler,apps/frontend/src/app/(dashboard)/settings/diet/page.tsx,207,"onClick={() => setProfile(prev => ({ ...prev, preferredEffort: effort }))}",Review live behavior and state/API effect,PARTIAL_CODE_ONLY,apps/frontend/src/app/(dashboard)/settings/diet/page.tsx:207,Source-inventoried and route rendered; control not individually mutated during safe audit
INT-01131,/settings/diet,input,apps/frontend/src/app/(dashboard)/settings/diet/page.tsx,227,<input,Review live behavior and state/API effect,PARTIAL_CODE_ONLY,apps/frontend/src/app/(dashboard)/settings/diet/page.tsx:227,Source-inventoried and route rendered; control not individually mutated during safe audit
INT-01132,/settings/diet,change-handler,apps/frontend/src/app/(dashboard)/settings/diet/page.tsx,230,onChange={() => {,Review live behavior and state/API effect,PARTIAL_CODE_ONLY,apps/frontend/src/app/(dashboard)/settings/diet/page.tsx:230,Source-inventoried and route rendered; control not individually mutated during safe audit
INT-01133,/settings/diet,button,apps/frontend/src/app/(dashboard)/settings/diet/page.tsx,248,<button,Review live behavior and state/API effect,PARTIAL_CODE_ONLY,apps/frontend/src/app/(dashboard)/settings/diet/page.tsx:248,Source-inventoried and route rendered; control not individually mutated during safe audit
INT-01134,/settings/diet,click-handler,apps/frontend/src/app/(dashboard)/settings/diet/page.tsx,249,onClick={handleSave},Review live behavior and state/API effect,PARTIAL_CODE_ONLY,apps/frontend/src/app/(dashboard)/settings/diet/page.tsx:249,Source-inventoried and route rendered; control not individually mutated during safe audit
INT-01135,/settings,button,apps/frontend/src/app/(dashboard)/settings/page.tsx,51,<button onClick={() => setActiveTab('general')},Review live behavior and state/API effect,PARTIAL_CODE_ONLY,apps/frontend/src/app/(dashboard)/settings/page.tsx:51,Source-inventoried and route rendered; control not individually mutated during safe audit
INT-01136,/settings,click-handler,apps/frontend/src/app/(dashboard)/settings/page.tsx,51,<button onClick={() => setActiveTab('general')},Review live behavior and state/API effect,PARTIAL_CODE_ONLY,apps/frontend/src/app/(dashboard)/settings/page.tsx:51,Source-inventoried and route rendered; control not individually mutated during safe audit
INT-01137,/settings,button,apps/frontend/src/app/(dashboard)/settings/page.tsx,55,<button onClick={() => setActiveTab('appearance')},Review live behavior and state/API effect,PARTIAL_CODE_ONLY,apps/frontend/src/app/(dashboard)/settings/page.tsx:55,Source-inventoried and route rendered; control not individually mutated during safe audit
INT-01138,/settings,click-handler,apps/frontend/src/app/(dashboard)/settings/page.tsx,55,<button onClick={() => setActiveTab('appearance')},Review live behavior and state/API effect,PARTIAL_CODE_ONLY,apps/frontend/src/app/(dashboard)/settings/page.tsx:55,Source-inventoried and route rendered; control not individually mutated during safe audit
INT-01139,/settings,button,apps/frontend/src/app/(dashboard)/settings/page.tsx,59,<button onClick={() => setActiveTab('google')},Review live behavior and state/API effect,PARTIAL_CODE_ONLY,apps/frontend/src/app/(dashboard)/settings/page.tsx:59,Source-inventoried and route rendered; control not individually mutated during safe audit
INT-01140,/settings,click-handler,apps/frontend/src/app/(dashboard)/settings/page.tsx,59,<button onClick={() => setActiveTab('google')},Review live behavior and state/API effect,PARTIAL_CODE_ONLY,apps/frontend/src/app/(dashboard)/settings/page.tsx:59,Source-inventoried and route rendered; control not individually mutated during safe audit
INT-01141,/settings,button,apps/frontend/src/app/(dashboard)/settings/page.tsx,63,<button onClick={() => setActiveTab('paths')},Review live behavior and state/API effect,PARTIAL_CODE_ONLY,apps/frontend/src/app/(dashboard)/settings/page.tsx:63,Source-inventoried and route rendered; control not individually mutated during safe audit
INT-01142,/settings,click-handler,apps/frontend/src/app/(dashboard)/settings/page.tsx,63,<button onClick={() => setActiveTab('paths')},Review live behavior and state/API effect,PARTIAL_CODE_ONLY,apps/frontend/src/app/(dashboard)/settings/page.tsx:63,Source-inventoried and route rendered; control not individually mutated during safe audit
INT-01143,/settings,button,apps/frontend/src/app/(dashboard)/settings/page.tsx,67,<button onClick={() => setActiveTab('network')},Review live behavior and state/API effect,PARTIAL_CODE_ONLY,apps/frontend/src/app/(dashboard)/settings/page.tsx:67,Source-inventoried and route rendered; control not individually mutated during safe audit
INT-01144,/settings,click-handler,apps/frontend/src/app/(dashboard)/settings/page.tsx,67,<button onClick={() => setActiveTab('network')},Review live behavior and state/API effect,PARTIAL_CODE_ONLY,apps/frontend/src/app/(dashboard)/settings/page.tsx:67,Source-inventoried and route rendered; control not individually mutated during safe audit
INT-01145,/settings,button,apps/frontend/src/app/(dashboard)/settings/page.tsx,133,<button,Review live behavior and state/API effect,PARTIAL_CODE_ONLY,apps/frontend/src/app/(dashboard)/settings/page.tsx:133,Source-inventoried and route rendered; control not individually mutated during safe audit
INT-01146,/settings,click-handler,apps/frontend/src/app/(dashboard)/settings/page.tsx,134,onClick={handleLogout},Review live behavior and state/API effect,PARTIAL_CODE_ONLY,apps/frontend/src/app/(dashboard)/settings/page.tsx:134,Source-inventoried and route rendered; control not individually mutated during safe audit
INT-01147,/settings,input,apps/frontend/src/app/(dashboard)/settings/page.tsx,146,"<input type=""text"" value={brandName} onChange={(e) => setBrandName(e.target.value)}",Review live behavior and state/API effect,PARTIAL_CODE_ONLY,apps/frontend/src/app/(dashboard)/settings/page.tsx:146,Source-inventoried and route rendered; control not individually mutated during safe audit
INT-01148,/settings,change-handler,apps/frontend/src/app/(dashboard)/settings/page.tsx,146,"<input type=""text"" value={brandName} onChange={(e) => setBrandName(e.target.value)}",Review live behavior and state/API effect,PARTIAL_CODE_ONLY,apps/frontend/src/app/(dashboard)/settings/page.tsx:146,Source-inventoried and route rendered; control not individually mutated during safe audit
INT-01149,/settings,select,apps/frontend/src/app/(dashboard)/settings/page.tsx,151,<select value={timezone} onChange={(e) => setTimezone(e.target.value)},Review live behavior and state/API effect,PARTIAL_CODE_ONLY,apps/frontend/src/app/(dashboard)/settings/page.tsx:151,Source-inventoried and route rendered; control not individually mutated during safe audit
INT-01150,/settings,change-handler,apps/frontend/src/app/(dashboard)/settings/page.tsx,151,<select value={timezone} onChange={(e) => setTimezone(e.target.value)},Review live behavior and state/API effect,PARTIAL_CODE_ONLY,apps/frontend/src/app/(dashboard)/settings/page.tsx:151,Source-inventoried and route rendered; control not individually mutated during safe audit
INT-01151,/settings,button,apps/frontend/src/app/(dashboard)/settings/page.tsx,163,"<button onClick={() => mutation.mutate({ 'general.brand_name': brandName, 'general.timezone': timezone })}",Review live behavior and state/API effect,PARTIAL_CODE_ONLY,apps/frontend/src/app/(dashboard)/settings/page.tsx:163,Source-inventoried and route rendered; control not individually mutated during safe audit
INT-01152,/settings,click-handler,apps/frontend/src/app/(dashboard)/settings/page.tsx,163,"<button onClick={() => mutation.mutate({ 'general.brand_name': brandName, 'general.timezone': timezone })}",Review live behavior and state/API effect,PARTIAL_CODE_ONLY,apps/frontend/src/app/(dashboard)/settings/page.tsx:163,Source-inventoried and route rendered; control not individually mutated during safe audit
INT-01153,/settings,input,apps/frontend/src/app/(dashboard)/settings/page.tsx,219,"<input type=""text"" value={photos} onChange={(e) => setPhotos(e.target.value)}",Review live behavior and state/API effect,PARTIAL_CODE_ONLY,apps/frontend/src/app/(dashboard)/settings/page.tsx:219,Source-inventoried and route rendered; control not individually mutated during safe audit
INT-01154,/settings,change-handler,apps/frontend/src/app/(dashboard)/settings/page.tsx,219,"<input type=""text"" value={photos} onChange={(e) => setPhotos(e.target.value)}",Review live behavior and state/API effect,PARTIAL_CODE_ONLY,apps/frontend/src/app/(dashboard)/settings/page.tsx:219,Source-inventoried and route rendered; control not individually mutated during safe audit
INT-01155,/settings,input,apps/frontend/src/app/(dashboard)/settings/page.tsx,224,"<input type=""text"" value={videos} onChange={(e) => setVideos(e.target.value)}",Review live behavior and state/API effect,PARTIAL_CODE_ONLY,apps/frontend/src/app/(dashboard)/settings/page.tsx:224,Source-inventoried and route rendered; control not individually mutated during safe audit
INT-01156,/settings,change-handler,apps/frontend/src/app/(dashboard)/settings/page.tsx,224,"<input type=""text"" value={videos} onChange={(e) => setVideos(e.target.value)}",Review live behavior and state/API effect,PARTIAL_CODE_ONLY,apps/frontend/src/app/(dashboard)/settings/page.tsx:224,Source-inventoried and route rendered; control not individually mutated during safe audit
INT-01157,/settings,input,apps/frontend/src/app/(dashboard)/settings/page.tsx,229,"<input type=""text"" value={documents} onChange={(e) => setDocuments(e.target.value)}",Review live behavior and state/API effect,PARTIAL_CODE_ONLY,apps/frontend/src/app/(dashboard)/settings/page.tsx:229,Source-inventoried and route rendered; control not individually mutated during safe audit
INT-01158,/settings,change-handler,apps/frontend/src/app/(dashboard)/settings/page.tsx,229,"<input type=""text"" value={documents} onChange={(e) => setDocuments(e.target.value)}",Review live behavior and state/API effect,PARTIAL_CODE_ONLY,apps/frontend/src/app/(dashboard)/settings/page.tsx:229,Source-inventoried and route rendered; control not individually mutated during safe audit
INT-01159,/settings,input,apps/frontend/src/app/(dashboard)/settings/page.tsx,234,"<input type=""text"" value={projects} onChange={(e) => setProjects(e.target.value)}",Review live behavior and state/API effect,PARTIAL_CODE_ONLY,apps/frontend/src/app/(dashboard)/settings/page.tsx:234,Source-inventoried and route rendered; control not individually mutated during safe audit
INT-01160,/settings,change-handler,apps/frontend/src/app/(dashboard)/settings/page.tsx,234,"<input type=""text"" value={projects} onChange={(e) => setProjects(e.target.value)}",Review live behavior and state/API effect,PARTIAL_CODE_ONLY,apps/frontend/src/app/(dashboard)/settings/page.tsx:234,Source-inventoried and route rendered; control not individually mutated during safe audit
INT-01161,/settings,input,apps/frontend/src/app/(dashboard)/settings/page.tsx,241,"<input type=""text"" value={data} onChange={(e) => setData(e.target.value)}",Review live behavior and state/API effect,PARTIAL_CODE_ONLY,apps/frontend/src/app/(dashboard)/settings/page.tsx:241,Source-inventoried and route rendered; control not individually mutated during safe audit
INT-01162,/settings,change-handler,apps/frontend/src/app/(dashboard)/settings/page.tsx,241,"<input type=""text"" value={data} onChange={(e) => setData(e.target.value)}",Review live behavior and state/API effect,PARTIAL_CODE_ONLY,apps/frontend/src/app/(dashboard)/settings/page.tsx:241,Source-inventoried and route rendered; control not individually mutated during safe audit
INT-01163,/settings,button,apps/frontend/src/app/(dashboard)/settings/page.tsx,247,"<button onClick={() => mutation.mutate({ photos, videos, documents, projects, data })}",Review live behavior and state/API effect,PARTIAL_CODE_ONLY,apps/frontend/src/app/(dashboard)/settings/page.tsx:247,Source-inventoried and route rendered; control not individually mutated during safe audit
INT-01164,/settings,click-handler,apps/frontend/src/app/(dashboard)/settings/page.tsx,247,"<button onClick={() => mutation.mutate({ photos, videos, documents, projects, data })}",Review live behavior and state/API effect,PARTIAL_CODE_ONLY,apps/frontend/src/app/(dashboard)/settings/page.tsx:247,Source-inventoried and route rendered; control not individually mutated during safe audit
INT-01165,/settings,input,apps/frontend/src/app/(dashboard)/settings/page.tsx,296,"<input type=""text"" value={frontendPort} onChange={(e) => setFrontendPort(e.target.value)}",Review live behavior and state/API effect,PARTIAL_CODE_ONLY,apps/frontend/src/app/(dashboard)/settings/page.tsx:296,Source-inventoried and route rendered; control not individually mutated during safe audit
INT-01166,/settings,change-handler,apps/frontend/src/app/(dashboard)/settings/page.tsx,296,"<input type=""text"" value={frontendPort} onChange={(e) => setFrontendPort(e.target.value)}",Review live behavior and state/API effect,PARTIAL_CODE_ONLY,apps/frontend/src/app/(dashboard)/settings/page.tsx:296,Source-inventoried and route rendered; control not individually mutated during safe audit
INT-01167,/settings,input,apps/frontend/src/app/(dashboard)/settings/page.tsx,301,"<input type=""text"" value={backendPort} onChange={(e) => setBackendPort(e.target.value)}",Review live behavior and state/API effect,PARTIAL_CODE_ONLY,apps/frontend/src/app/(dashboard)/settings/page.tsx:301,Source-inventoried and route rendered; control not individually mutated during safe audit
INT-01168,/settings,change-handler,apps/frontend/src/app/(dashboard)/settings/page.tsx,301,"<input type=""text"" value={backendPort} onChange={(e) => setBackendPort(e.target.value)}",Review live behavior and state/API effect,PARTIAL_CODE_ONLY,apps/frontend/src/app/(dashboard)/settings/page.tsx:301,Source-inventoried and route rendered; control not individually mutated during safe audit
INT-01169,/settings,button,apps/frontend/src/app/(dashboard)/settings/page.tsx,306,"<button onClick={() => mutation.mutate({ 'network.frontend_port': Number(frontendPort), 'network.backend_port': Number(backendPort) })}",Review live behavior and state/API effect,PARTIAL_CODE_ONLY,apps/frontend/src/app/(dashboard)/settings/page.tsx:306,Source-inventoried and route rendered; control not individually mutated during safe audit
INT-01170,/settings,click-handler,apps/frontend/src/app/(dashboard)/settings/page.tsx,306,"<button onClick={() => mutation.mutate({ 'network.frontend_port': Number(frontendPort), 'network.backend_port': Number(backendPort) })}",Review live behavior and state/API effect,PARTIAL_CODE_ONLY,apps/frontend/src/app/(dashboard)/settings/page.tsx:306,Source-inventoried and route rendered; control not individually mutated during safe audit
INT-01171,/settings,button,apps/frontend/src/app/(dashboard)/settings/page.tsx,371,<button,Review live behavior and state/API effect,PARTIAL_CODE_ONLY,apps/frontend/src/app/(dashboard)/settings/page.tsx:371,Source-inventoried and route rendered; control not individually mutated during safe audit
INT-01172,/settings,click-handler,apps/frontend/src/app/(dashboard)/settings/page.tsx,373,onClick={() => setTheme(opt.value)},Review live behavior and state/API effect,PARTIAL_CODE_ONLY,apps/frontend/src/app/(dashboard)/settings/page.tsx:373,Source-inventoried and route rendered; control not individually mutated during safe audit
INT-01173,/settings,button,apps/frontend/src/app/(dashboard)/settings/page.tsx,395,<button,Review live behavior and state/API effect,PARTIAL_CODE_ONLY,apps/frontend/src/app/(dashboard)/settings/page.tsx:395,Source-inventoried and route rendered; control not individually mutated during safe audit
INT-01174,/settings,click-handler,apps/frontend/src/app/(dashboard)/settings/page.tsx,397,onClick={() => setAccent(opt.key)},Review live behavior and state/API effect,PARTIAL_CODE_ONLY,apps/frontend/src/app/(dashboard)/settings/page.tsx:397,Source-inventoried and route rendered; control not individually mutated during safe audit
INT-01175,/settings,button,apps/frontend/src/app/(dashboard)/settings/page.tsx,416,<button,Review live behavior and state/API effect,PARTIAL_CODE_ONLY,apps/frontend/src/app/(dashboard)/settings/page.tsx:416,Source-inventoried and route rendered; control not individually mutated during safe audit
INT-01176,/settings,click-handler,apps/frontend/src/app/(dashboard)/settings/page.tsx,417,"onClick={() => setAccent('custom', customHex ?? '#d97706')}",Review live behavior and state/API effect,PARTIAL_CODE_ONLY,apps/frontend/src/app/(dashboard)/settings/page.tsx:417,Source-inventoried and route rendered; control not individually mutated during safe audit
INT-01177,/settings,input,apps/frontend/src/app/(dashboard)/settings/page.tsx,441,<input,Review live behavior and state/API effect,PARTIAL_CODE_ONLY,apps/frontend/src/app/(dashboard)/settings/page.tsx:441,Source-inventoried and route rendered; control not individually mutated during safe audit
INT-01178,/settings,change-handler,apps/frontend/src/app/(dashboard)/settings/page.tsx,444,"onChange={(e) => setAccent('custom', e.target.value)}",Review live behavior and state/API effect,PARTIAL_CODE_ONLY,apps/frontend/src/app/(dashboard)/settings/page.tsx:444,Source-inventoried and route rendered; control not individually mutated during safe audit
INT-01179,/settings,input,apps/frontend/src/app/(dashboard)/settings/page.tsx,448,<input,Review live behavior and state/API effect,PARTIAL_CODE_ONLY,apps/frontend/src/app/(dashboard)/settings/page.tsx:448,Source-inventoried and route rendered; control not individually mutated during safe audit
INT-01180,/settings,change-handler,apps/frontend/src/app/(dashboard)/settings/page.tsx,451,"onChange={(e) => setAccent('custom', e.target.value)}",Review live behavior and state/API effect,PARTIAL_CODE_ONLY,apps/frontend/src/app/(dashboard)/settings/page.tsx:451,Source-inventoried and route rendered; control not individually mutated during safe audit
INT-01181,/settings,button,apps/frontend/src/app/(dashboard)/settings/page.tsx,473,<button,Review live behavior and state/API effect,PARTIAL_CODE_ONLY,apps/frontend/src/app/(dashboard)/settings/page.tsx:473,Source-inventoried and route rendered; control not individually mutated during safe audit
INT-01182,/settings,click-handler,apps/frontend/src/app/(dashboard)/settings/page.tsx,475,onClick={() => setSidebarStyle(opt.key)},Review live behavior and state/API effect,PARTIAL_CODE_ONLY,apps/frontend/src/app/(dashboard)/settings/page.tsx:475,Source-inventoried and route rendered; control not individually mutated during safe audit
INT-01183,/shopping,click-handler,apps/frontend/src/app/(dashboard)/shopping/page.tsx,75,"<div className=""fixed inset-0 z-50 flex items-center justify-center bg-black/50"" onClick={onClose}>",Review live behavior and state/API effect,PARTIAL_CODE_ONLY,apps/frontend/src/app/(dashboard)/shopping/page.tsx:75,Source-inventoried and route rendered; control not individually mutated during safe audit
INT-01184,/shopping,click-handler,apps/frontend/src/app/(dashboard)/shopping/page.tsx,76,"<div className=""bg-white dark:bg-zinc-900 rounded-xl shadow-2xl w-full max-w-lg p-6 mx-4"" onClick={(e) => e.stopPropagation()}>",Review live behavior and state/API effect,PARTIAL_CODE_ONLY,apps/frontend/src/app/(dashboard)/shopping/page.tsx:76,Source-inventoried and route rendered; control not individually mutated during safe audit
INT-01185,/shopping,input,apps/frontend/src/app/(dashboard)/shopping/page.tsx,81,<input,Review live behavior and state/API effect,PARTIAL_CODE_ONLY,apps/frontend/src/app/(dashboard)/shopping/page.tsx:81,Source-inventoried and route rendered; control not individually mutated during safe audit
INT-01186,/shopping,change-handler,apps/frontend/src/app/(dashboard)/shopping/page.tsx,84,value={title} onChange={(e) => setTitle(e.target.value)},Review live behavior and state/API effect,PARTIAL_CODE_ONLY,apps/frontend/src/app/(dashboard)/shopping/page.tsx:84,Source-inventoried and route rendered; control not individually mutated during safe audit
INT-01187,/shopping,input,apps/frontend/src/app/(dashboard)/shopping/page.tsx,89,<input,Review live behavior and state/API effect,PARTIAL_CODE_ONLY,apps/frontend/src/app/(dashboard)/shopping/page.tsx:89,Source-inventoried and route rendered; control not individually mutated during safe audit
INT-01188,/shopping,change-handler,apps/frontend/src/app/(dashboard)/shopping/page.tsx,92,value={store} onChange={(e) => setStore(e.target.value)},Review live behavior and state/API effect,PARTIAL_CODE_ONLY,apps/frontend/src/app/(dashboard)/shopping/page.tsx:92,Source-inventoried and route rendered; control not individually mutated during safe audit
INT-01189,/shopping,button,apps/frontend/src/app/(dashboard)/shopping/page.tsx,99,<button,Review live behavior and state/API effect,PARTIAL_CODE_ONLY,apps/frontend/src/app/(dashboard)/shopping/page.tsx:99,Source-inventoried and route rendered; control not individually mutated during safe audit
INT-01190,/shopping,click-handler,apps/frontend/src/app/(dashboard)/shopping/page.tsx,101,onClick={() => setColor(color === c ? '' : c)},Review live behavior and state/API effect,PARTIAL_CODE_ONLY,apps/frontend/src/app/(dashboard)/shopping/page.tsx:101,Source-inventoried and route rendered; control not individually mutated during safe audit
INT-01191,/shopping,button,apps/frontend/src/app/(dashboard)/shopping/page.tsx,109,<button,Review live behavior and state/API effect,PARTIAL_CODE_ONLY,apps/frontend/src/app/(dashboard)/shopping/page.tsx:109,Source-inventoried and route rendered; control not individually mutated during safe audit
INT-01192,/shopping,click-handler,apps/frontend/src/app/(dashboard)/shopping/page.tsx,110,onClick={() => mutation.mutate()},Review live behavior and state/API effect,PARTIAL_CODE_ONLY,apps/frontend/src/app/(dashboard)/shopping/page.tsx:110,Source-inventoried and route rendered; control not individually mutated during safe audit
INT-01193,/shopping,click-handler,apps/frontend/src/app/(dashboard)/shopping/page.tsx,133,onClick={onClick},Review live behavior and state/API effect,PARTIAL_CODE_ONLY,apps/frontend/src/app/(dashboard)/shopping/page.tsx:133,Source-inventoried and route rendered; control not individually mutated during safe audit
INT-01194,/shopping,button,apps/frontend/src/app/(dashboard)/shopping/page.tsx,152,<button,Review live behavior and state/API effect,PARTIAL_CODE_ONLY,apps/frontend/src/app/(dashboard)/shopping/page.tsx:152,Source-inventoried and route rendered; control not individually mutated during safe audit
INT-01195,/shopping,click-handler,apps/frontend/src/app/(dashboard)/shopping/page.tsx,154,onClick={(e) => { e.stopPropagation(); setMenuOpen(!menuOpen); }},Review live behavior and state/API effect,PARTIAL_CODE_ONLY,apps/frontend/src/app/(dashboard)/shopping/page.tsx:154,Source-inventoried and route rendered; control not individually mutated during safe audit
INT-01196,/shopping,button,apps/frontend/src/app/(dashboard)/shopping/page.tsx,160,<button,Review live behavior and state/API effect,PARTIAL_CODE_ONLY,apps/frontend/src/app/(dashboard)/shopping/page.tsx:160,Source-inventoried and route rendered; control not individually mutated during safe audit
INT-01197,/shopping,click-handler,apps/frontend/src/app/(dashboard)/shopping/page.tsx,162,onClick={(e) => { e.stopPropagation(); setMenuOpen(false); onArchive(); }},Review live behavior and state/API effect,PARTIAL_CODE_ONLY,apps/frontend/src/app/(dashboard)/shopping/page.tsx:162,Source-inventoried and route rendered; control not individually mutated during safe audit
INT-01198,/shopping,button,apps/frontend/src/app/(dashboard)/shopping/page.tsx,166,<button,Review live behavior and state/API effect,PARTIAL_CODE_ONLY,apps/frontend/src/app/(dashboard)/shopping/page.tsx:166,Source-inventoried and route rendered; control not individually mutated during safe audit
INT-01199,/shopping,click-handler,apps/frontend/src/app/(dashboard)/shopping/page.tsx,168,onClick={(e) => { e.stopPropagation(); setMenuOpen(false); onDelete(); }},Review live behavior and state/API effect,PARTIAL_CODE_ONLY,apps/frontend/src/app/(dashboard)/shopping/page.tsx:168,Source-inventoried and route rendered; control not individually mutated during safe audit
INT-01200,/shopping,button,apps/frontend/src/app/(dashboard)/shopping/page.tsx,199,<button,Review live behavior and state/API effect,PARTIAL_CODE_ONLY,apps/frontend/src/app/(dashboard)/shopping/page.tsx:199,Source-inventoried and route rendered; control not individually mutated during safe audit
INT-01201,/shopping,click-handler,apps/frontend/src/app/(dashboard)/shopping/page.tsx,200,onClick={onToggle},Review live behavior and state/API effect,PARTIAL_CODE_ONLY,apps/frontend/src/app/(dashboard)/shopping/page.tsx:200,Source-inventoried and route rendered; control not individually mutated during safe audit
INT-01202,/shopping,button,apps/frontend/src/app/(dashboard)/shopping/page.tsx,222,<button,Review live behavior and state/API effect,PARTIAL_CODE_ONLY,apps/frontend/src/app/(dashboard)/shopping/page.tsx:222,Source-inventoried and route rendered; control not individually mutated during safe audit
INT-01203,/shopping,click-handler,apps/frontend/src/app/(dashboard)/shopping/page.tsx,223,onClick={onDelete},Review live behavior and state/API effect,PARTIAL_CODE_ONLY,apps/frontend/src/app/(dashboard)/shopping/page.tsx:223,Source-inventoried and route rendered; control not individually mutated during safe audit
INT-01204,/shopping,button,apps/frontend/src/app/(dashboard)/shopping/page.tsx,303,"<button onClick={onBack} className=""mt-2 text-sm text-amber-600 hover:underline"">",Review live behavior and state/API effect,PARTIAL_CODE_ONLY,apps/frontend/src/app/(dashboard)/shopping/page.tsx:303,Source-inventoried and route rendered; control not individually mutated during safe audit
INT-01205,/shopping,click-handler,apps/frontend/src/app/(dashboard)/shopping/page.tsx,303,"<button onClick={onBack} className=""mt-2 text-sm text-amber-600 hover:underline"">",Review live behavior and state/API effect,PARTIAL_CODE_ONLY,apps/frontend/src/app/(dashboard)/shopping/page.tsx:303,Source-inventoried and route rendered; control not individually mutated during safe audit
INT-01206,/shopping,button,apps/frontend/src/app/(dashboard)/shopping/page.tsx,327,<button,Review live behavior and state/API effect,PARTIAL_CODE_ONLY,apps/frontend/src/app/(dashboard)/shopping/page.tsx:327,Source-inventoried and route rendered; control not individually mutated during safe audit
INT-01207,/shopping,click-handler,apps/frontend/src/app/(dashboard)/shopping/page.tsx,328,onClick={onBack},Review live behavior and state/API effect,PARTIAL_CODE_ONLY,apps/frontend/src/app/(dashboard)/shopping/page.tsx:328,Source-inventoried and route rendered; control not individually mutated during safe audit
INT-01208,/shopping,button,apps/frontend/src/app/(dashboard)/shopping/page.tsx,349,<button,Review live behavior and state/API effect,PARTIAL_CODE_ONLY,apps/frontend/src/app/(dashboard)/shopping/page.tsx:349,Source-inventoried and route rendered; control not individually mutated during safe audit
INT-01209,/shopping,click-handler,apps/frontend/src/app/(dashboard)/shopping/page.tsx,350,onClick={() => archiveMutation.mutate()},Review live behavior and state/API effect,PARTIAL_CODE_ONLY,apps/frontend/src/app/(dashboard)/shopping/page.tsx:350,Source-inventoried and route rendered; control not individually mutated during safe audit
INT-01210,/shopping,input,apps/frontend/src/app/(dashboard)/shopping/page.tsx,369,<input,Review live behavior and state/API effect,PARTIAL_CODE_ONLY,apps/frontend/src/app/(dashboard)/shopping/page.tsx:369,Source-inventoried and route rendered; control not individually mutated during safe audit
INT-01211,/shopping,change-handler,apps/frontend/src/app/(dashboard)/shopping/page.tsx,372,value={newName} onChange={(e) => setNewName(e.target.value)},Review live behavior and state/API effect,PARTIAL_CODE_ONLY,apps/frontend/src/app/(dashboard)/shopping/page.tsx:372,Source-inventoried and route rendered; control not individually mutated during safe audit
INT-01212,/shopping,keyboard-handler,apps/frontend/src/app/(dashboard)/shopping/page.tsx,373,onKeyDown={(e) => { if (e.key === 'Enter' && newName) addItemMutation.mutate(); }},Review live behavior and state/API effect,PARTIAL_CODE_ONLY,apps/frontend/src/app/(dashboard)/shopping/page.tsx:373,Source-inventoried and route rendered; control not individually mutated during safe audit
INT-01213,/shopping,input,apps/frontend/src/app/(dashboard)/shopping/page.tsx,378,<input,Review live behavior and state/API effect,PARTIAL_CODE_ONLY,apps/frontend/src/app/(dashboard)/shopping/page.tsx:378,Source-inventoried and route rendered; control not individually mutated during safe audit
INT-01214,/shopping,change-handler,apps/frontend/src/app/(dashboard)/shopping/page.tsx,381,value={newAmount} onChange={(e) => setNewAmount(e.target.value)},Review live behavior and state/API effect,PARTIAL_CODE_ONLY,apps/frontend/src/app/(dashboard)/shopping/page.tsx:381,Source-inventoried and route rendered; control not individually mutated during safe audit
INT-01215,/shopping,input,apps/frontend/src/app/(dashboard)/shopping/page.tsx,386,<input,Review live behavior and state/API effect,PARTIAL_CODE_ONLY,apps/frontend/src/app/(dashboard)/shopping/page.tsx:386,Source-inventoried and route rendered; control not individually mutated during safe audit
INT-01216,/shopping,change-handler,apps/frontend/src/app/(dashboard)/shopping/page.tsx,389,value={newUnit} onChange={(e) => setNewUnit(e.target.value)},Review live behavior and state/API effect,PARTIAL_CODE_ONLY,apps/frontend/src/app/(dashboard)/shopping/page.tsx:389,Source-inventoried and route rendered; control not individually mutated during safe audit
INT-01217,/shopping,input,apps/frontend/src/app/(dashboard)/shopping/page.tsx,394,<input,Review live behavior and state/API effect,PARTIAL_CODE_ONLY,apps/frontend/src/app/(dashboard)/shopping/page.tsx:394,Source-inventoried and route rendered; control not individually mutated during safe audit
INT-01218,/shopping,change-handler,apps/frontend/src/app/(dashboard)/shopping/page.tsx,397,value={newCategory} onChange={(e) => setNewCategory(e.target.value)},Review live behavior and state/API effect,PARTIAL_CODE_ONLY,apps/frontend/src/app/(dashboard)/shopping/page.tsx:397,Source-inventoried and route rendered; control not individually mutated during safe audit
INT-01219,/shopping,button,apps/frontend/src/app/(dashboard)/shopping/page.tsx,400,<button,Review live behavior and state/API effect,PARTIAL_CODE_ONLY,apps/frontend/src/app/(dashboard)/shopping/page.tsx:400,Source-inventoried and route rendered; control not individually mutated during safe audit
INT-01220,/shopping,click-handler,apps/frontend/src/app/(dashboard)/shopping/page.tsx,401,onClick={() => addItemMutation.mutate()},Review live behavior and state/API effect,PARTIAL_CODE_ONLY,apps/frontend/src/app/(dashboard)/shopping/page.tsx:401,Source-inventoried and route rendered; control not individually mutated during safe audit
INT-01221,/shopping,button,apps/frontend/src/app/(dashboard)/shopping/page.tsx,489,<button,Review live behavior and state/API effect,PARTIAL_CODE_ONLY,apps/frontend/src/app/(dashboard)/shopping/page.tsx:489,Source-inventoried and route rendered; control not individually mutated during safe audit
INT-01222,/shopping,click-handler,apps/frontend/src/app/(dashboard)/shopping/page.tsx,490,onClick={() => setShowCreate(true)},Review live behavior and state/API effect,PARTIAL_CODE_ONLY,apps/frontend/src/app/(dashboard)/shopping/page.tsx:490,Source-inventoried and route rendered; control not individually mutated during safe audit
INT-01223,/shopping,button,apps/frontend/src/app/(dashboard)/shopping/page.tsx,512,<button,Review live behavior and state/API effect,PARTIAL_CODE_ONLY,apps/frontend/src/app/(dashboard)/shopping/page.tsx:512,Source-inventoried and route rendered; control not individually mutated during safe audit
INT-01224,/shopping,click-handler,apps/frontend/src/app/(dashboard)/shopping/page.tsx,513,onClick={() => setShowCreate(true)},Review live behavior and state/API effect,PARTIAL_CODE_ONLY,apps/frontend/src/app/(dashboard)/shopping/page.tsx:513,Source-inventoried and route rendered; control not individually mutated during safe audit
INT-01225,/shopping,click-handler,apps/frontend/src/app/(dashboard)/shopping/page.tsx,525,onClick={() => setSelectedListId(list.id)},Review live behavior and state/API effect,PARTIAL_CODE_ONLY,apps/frontend/src/app/(dashboard)/shopping/page.tsx:525,Source-inventoried and route rendered; control not individually mutated during safe audit
INT-01226,/shopping,click-handler,apps/frontend/src/app/(dashboard)/shopping/page.tsx,541,onClick={() => setSelectedListId(list.id)},Review live behavior and state/API effect,PARTIAL_CODE_ONLY,apps/frontend/src/app/(dashboard)/shopping/page.tsx:541,Source-inventoried and route rendered; control not individually mutated during safe audit
INT-01227,/test-dnd,drag-handler,apps/frontend/src/app/(dashboard)/test-dnd/page.tsx,89,onDragEnd={handleDragEnd},Review live behavior and state/API effect,PARTIAL_CODE_ONLY,apps/frontend/src/app/(dashboard)/test-dnd/page.tsx:89,Source-inventoried and route rendered; control not individually mutated during safe audit
INT-01228,/travel,click-handler,apps/frontend/src/app/(dashboard)/travel/page.tsx,102,"<div className=""fixed inset-0 z-50 flex items-center justify-center bg-black/50"" onClick={onClose}>",Review live behavior and state/API effect,PARTIAL_CODE_ONLY,apps/frontend/src/app/(dashboard)/travel/page.tsx:102,Source-inventoried and route rendered; control not individually mutated during safe audit
INT-01229,/travel,click-handler,apps/frontend/src/app/(dashboard)/travel/page.tsx,103,"<div className=""bg-white dark:bg-zinc-900 rounded-xl shadow-2xl w-full max-w-lg p-6 mx-4"" onClick={(e) => e.stopPropagation()}>",Review live behavior and state/API effect,PARTIAL_CODE_ONLY,apps/frontend/src/app/(dashboard)/travel/page.tsx:103,Source-inventoried and route rendered; control not individually mutated during safe audit
INT-01230,/travel,input,apps/frontend/src/app/(dashboard)/travel/page.tsx,108,<input,Review live behavior and state/API effect,PARTIAL_CODE_ONLY,apps/frontend/src/app/(dashboard)/travel/page.tsx:108,Source-inventoried and route rendered; control not individually mutated during safe audit
INT-01231,/travel,change-handler,apps/frontend/src/app/(dashboard)/travel/page.tsx,111,value={title} onChange={(e) => setTitle(e.target.value)},Review live behavior and state/API effect,PARTIAL_CODE_ONLY,apps/frontend/src/app/(dashboard)/travel/page.tsx:111,Source-inventoried and route rendered; control not individually mutated during safe audit
INT-01232,/travel,textarea,apps/frontend/src/app/(dashboard)/travel/page.tsx,116,<textarea,Review live behavior and state/API effect,PARTIAL_CODE_ONLY,apps/frontend/src/app/(dashboard)/travel/page.tsx:116,Source-inventoried and route rendered; control not individually mutated during safe audit
INT-01233,/travel,change-handler,apps/frontend/src/app/(dashboard)/travel/page.tsx,119,value={description} onChange={(e) => setDescription(e.target.value)},Review live behavior and state/API effect,PARTIAL_CODE_ONLY,apps/frontend/src/app/(dashboard)/travel/page.tsx:119,Source-inventoried and route rendered; control not individually mutated during safe audit
INT-01234,/travel,input,apps/frontend/src/app/(dashboard)/travel/page.tsx,125,"<input type=""date""",Review live behavior and state/API effect,PARTIAL_CODE_ONLY,apps/frontend/src/app/(dashboard)/travel/page.tsx:125,Source-inventoried and route rendered; control not individually mutated during safe audit
INT-01235,/travel,change-handler,apps/frontend/src/app/(dashboard)/travel/page.tsx,127,value={startDate} onChange={(e) => setStartDate(e.target.value)},Review live behavior and state/API effect,PARTIAL_CODE_ONLY,apps/frontend/src/app/(dashboard)/travel/page.tsx:127,Source-inventoried and route rendered; control not individually mutated during safe audit
INT-01236,/travel,input,apps/frontend/src/app/(dashboard)/travel/page.tsx,132,"<input type=""date""",Review live behavior and state/API effect,PARTIAL_CODE_ONLY,apps/frontend/src/app/(dashboard)/travel/page.tsx:132,Source-inventoried and route rendered; control not individually mutated during safe audit
INT-01237,/travel,change-handler,apps/frontend/src/app/(dashboard)/travel/page.tsx,134,value={endDate} onChange={(e) => setEndDate(e.target.value)},Review live behavior and state/API effect,PARTIAL_CODE_ONLY,apps/frontend/src/app/(dashboard)/travel/page.tsx:134,Source-inventoried and route rendered; control not individually mutated during safe audit
INT-01238,/travel,button,apps/frontend/src/app/(dashboard)/travel/page.tsx,139,<button,Review live behavior and state/API effect,PARTIAL_CODE_ONLY,apps/frontend/src/app/(dashboard)/travel/page.tsx:139,Source-inventoried and route rendered; control not individually mutated during safe audit
INT-01239,/travel,click-handler,apps/frontend/src/app/(dashboard)/travel/page.tsx,140,onClick={() => mutation.mutate()},Review live behavior and state/API effect,PARTIAL_CODE_ONLY,apps/frontend/src/app/(dashboard)/travel/page.tsx:140,Source-inventoried and route rendered; control not individually mutated during safe audit
INT-01240,/travel,click-handler,apps/frontend/src/app/(dashboard)/travel/page.tsx,162,onClick={onClick},Review live behavior and state/API effect,PARTIAL_CODE_ONLY,apps/frontend/src/app/(dashboard)/travel/page.tsx:162,Source-inventoried and route rendered; control not individually mutated during safe audit
INT-01241,/travel,button,apps/frontend/src/app/(dashboard)/travel/page.tsx,173,<button,Review live behavior and state/API effect,PARTIAL_CODE_ONLY,apps/frontend/src/app/(dashboard)/travel/page.tsx:173,Source-inventoried and route rendered; control not individually mutated during safe audit
INT-01242,/travel,click-handler,apps/frontend/src/app/(dashboard)/travel/page.tsx,175,onClick={(e) => { e.stopPropagation(); setMenuOpen(!menuOpen); }},Review live behavior and state/API effect,PARTIAL_CODE_ONLY,apps/frontend/src/app/(dashboard)/travel/page.tsx:175,Source-inventoried and route rendered; control not individually mutated during safe audit
INT-01243,/travel,button,apps/frontend/src/app/(dashboard)/travel/page.tsx,181,<button,Review live behavior and state/API effect,PARTIAL_CODE_ONLY,apps/frontend/src/app/(dashboard)/travel/page.tsx:181,Source-inventoried and route rendered; control not individually mutated during safe audit
INT-01244,/travel,click-handler,apps/frontend/src/app/(dashboard)/travel/page.tsx,183,onClick={(e) => { e.stopPropagation(); setMenuOpen(false); onDelete(); }},Review live behavior and state/API effect,PARTIAL_CODE_ONLY,apps/frontend/src/app/(dashboard)/travel/page.tsx:183,Source-inventoried and route rendered; control not individually mutated during safe audit
INT-01245,/travel,button,apps/frontend/src/app/(dashboard)/travel/page.tsx,279,"<button onClick={onBack} className=""mt-2 text-sm text-amber-600 hover:underline"">",Review live behavior and state/API effect,PARTIAL_CODE_ONLY,apps/frontend/src/app/(dashboard)/travel/page.tsx:279,Source-inventoried and route rendered; control not individually mutated during safe audit
INT-01246,/travel,click-handler,apps/frontend/src/app/(dashboard)/travel/page.tsx,279,"<button onClick={onBack} className=""mt-2 text-sm text-amber-600 hover:underline"">",Review live behavior and state/API effect,PARTIAL_CODE_ONLY,apps/frontend/src/app/(dashboard)/travel/page.tsx:279,Source-inventoried and route rendered; control not individually mutated during safe audit
INT-01247,/travel,button,apps/frontend/src/app/(dashboard)/travel/page.tsx,290,"<button onClick={onBack} className=""inline-flex items-center gap-1 text-sm text-zinc-500 hover:text-zinc-800 dark:hover:text-zinc-200 mb-2 transition-colors"">",Review live behavior and state/API effect,PARTIAL_CODE_ONLY,apps/frontend/src/app/(dashboard)/travel/page.tsx:290,Source-inventoried and route rendered; control not individually mutated during safe audit
INT-01248,/travel,click-handler,apps/frontend/src/app/(dashboard)/travel/page.tsx,290,"<button onClick={onBack} className=""inline-flex items-center gap-1 text-sm text-zinc-500 hover:text-zinc-800 dark:hover:text-zinc-200 mb-2 transition-colors"">",Review live behavior and state/API effect,PARTIAL_CODE_ONLY,apps/frontend/src/app/(dashboard)/travel/page.tsx:290,Source-inventoried and route rendered; control not individually mutated during safe audit
INT-01249,/travel,select,apps/frontend/src/app/(dashboard)/travel/page.tsx,308,<select,Review live behavior and state/API effect,PARTIAL_CODE_ONLY,apps/frontend/src/app/(dashboard)/travel/page.tsx:308,Source-inventoried and route rendered; control not individually mutated during safe audit
INT-01250,/travel,change-handler,apps/frontend/src/app/(dashboard)/travel/page.tsx,310,onChange={(e) => {,Review live behavior and state/API effect,PARTIAL_CODE_ONLY,apps/frontend/src/app/(dashboard)/travel/page.tsx:310,Source-inventoried and route rendered; control not individually mutated during safe audit
INT-01251,/travel,button,apps/frontend/src/app/(dashboard)/travel/page.tsx,321,<button,Review live behavior and state/API effect,PARTIAL_CODE_ONLY,apps/frontend/src/app/(dashboard)/travel/page.tsx:321,Source-inventoried and route rendered; control not individually mutated during safe audit
INT-01252,/travel,click-handler,apps/frontend/src/app/(dashboard)/travel/page.tsx,322,onClick={() => { if (window.confirm('Wirklich löschen?')) deleteMutation.mutate(); }},Review live behavior and state/API effect,PARTIAL_CODE_ONLY,apps/frontend/src/app/(dashboard)/travel/page.tsx:322,Source-inventoried and route rendered; control not individually mutated during safe audit
INT-01253,/travel,button,apps/frontend/src/app/(dashboard)/travel/page.tsx,332,<button,Review live behavior and state/API effect,PARTIAL_CODE_ONLY,apps/frontend/src/app/(dashboard)/travel/page.tsx:332,Source-inventoried and route rendered; control not individually mutated during safe audit
INT-01254,/travel,click-handler,apps/frontend/src/app/(dashboard)/travel/page.tsx,334,onClick={() => setTab(t)},Review live behavior and state/API effect,PARTIAL_CODE_ONLY,apps/frontend/src/app/(dashboard)/travel/page.tsx:334,Source-inventoried and route rendered; control not individually mutated during safe audit
INT-01255,/travel,input,apps/frontend/src/app/(dashboard)/travel/page.tsx,374,"<input placeholder=""Ort""",Review live behavior and state/API effect,PARTIAL_CODE_ONLY,apps/frontend/src/app/(dashboard)/travel/page.tsx:374,Source-inventoried and route rendered; control not individually mutated during safe audit
INT-01256,/travel,change-handler,apps/frontend/src/app/(dashboard)/travel/page.tsx,376,value={newDestName} onChange={(e) => setNewDestName(e.target.value)},Review live behavior and state/API effect,PARTIAL_CODE_ONLY,apps/frontend/src/app/(dashboard)/travel/page.tsx:376,Source-inventoried and route rendered; control not individually mutated during safe audit
INT-01257,/travel,input,apps/frontend/src/app/(dashboard)/travel/page.tsx,378,"<input placeholder=""Breite""",Review live behavior and state/API effect,PARTIAL_CODE_ONLY,apps/frontend/src/app/(dashboard)/travel/page.tsx:378,Source-inventoried and route rendered; control not individually mutated during safe audit
INT-01258,/travel,change-handler,apps/frontend/src/app/(dashboard)/travel/page.tsx,380,value={newDestLat} onChange={(e) => setNewDestLat(e.target.value)},Review live behavior and state/API effect,PARTIAL_CODE_ONLY,apps/frontend/src/app/(dashboard)/travel/page.tsx:380,Source-inventoried and route rendered; control not individually mutated during safe audit
INT-01259,/travel,input,apps/frontend/src/app/(dashboard)/travel/page.tsx,382,"<input placeholder=""Länge""",Review live behavior and state/API effect,PARTIAL_CODE_ONLY,apps/frontend/src/app/(dashboard)/travel/page.tsx:382,Source-inventoried and route rendered; control not individually mutated during safe audit
INT-01260,/travel,change-handler,apps/frontend/src/app/(dashboard)/travel/page.tsx,384,value={newDestLon} onChange={(e) => setNewDestLon(e.target.value)},Review live behavior and state/API effect,PARTIAL_CODE_ONLY,apps/frontend/src/app/(dashboard)/travel/page.tsx:384,Source-inventoried and route rendered; control not individually mutated during safe audit
INT-01261,/travel,button,apps/frontend/src/app/(dashboard)/travel/page.tsx,386,<button,Review live behavior and state/API effect,PARTIAL_CODE_ONLY,apps/frontend/src/app/(dashboard)/travel/page.tsx:386,Source-inventoried and route rendered; control not individually mutated during safe audit
INT-01262,/travel,click-handler,apps/frontend/src/app/(dashboard)/travel/page.tsx,387,onClick={() => addDestMutation.mutate()},Review live behavior and state/API effect,PARTIAL_CODE_ONLY,apps/frontend/src/app/(dashboard)/travel/page.tsx:387,Source-inventoried and route rendered; control not individually mutated during safe audit
INT-01263,/travel,link,apps/frontend/src/app/(dashboard)/travel/page.tsx,406,"<a href={`https://www.google.com/maps?q=${dest.lat},${dest.lng}`} target=""_blank"" rel=""noopener noreferrer""",Review live behavior and state/API effect,PARTIAL_CODE_ONLY,apps/frontend/src/app/(dashboard)/travel/page.tsx:406,Source-inventoried and route rendered; control not individually mutated during safe audit
INT-01264,/travel,input,apps/frontend/src/app/(dashboard)/travel/page.tsx,419,"<input type=""date""",Review live behavior and state/API effect,PARTIAL_CODE_ONLY,apps/frontend/src/app/(dashboard)/travel/page.tsx:419,Source-inventoried and route rendered; control not individually mutated during safe audit
INT-01265,/travel,change-handler,apps/frontend/src/app/(dashboard)/travel/page.tsx,421,value={newDayDate} onChange={(e) => setNewDayDate(e.target.value)},Review live behavior and state/API effect,PARTIAL_CODE_ONLY,apps/frontend/src/app/(dashboard)/travel/page.tsx:421,Source-inventoried and route rendered; control not individually mutated during safe audit
INT-01266,/travel,input,apps/frontend/src/app/(dashboard)/travel/page.tsx,423,"<input placeholder=""Titel (optional)""",Review live behavior and state/API effect,PARTIAL_CODE_ONLY,apps/frontend/src/app/(dashboard)/travel/page.tsx:423,Source-inventoried and route rendered; control not individually mutated during safe audit
INT-01267,/travel,change-handler,apps/frontend/src/app/(dashboard)/travel/page.tsx,425,value={newDayTitle} onChange={(e) => setNewDayTitle(e.target.value)},Review live behavior and state/API effect,PARTIAL_CODE_ONLY,apps/frontend/src/app/(dashboard)/travel/page.tsx:425,Source-inventoried and route rendered; control not individually mutated during safe audit
INT-01268,/travel,button,apps/frontend/src/app/(dashboard)/travel/page.tsx,427,<button,Review live behavior and state/API effect,PARTIAL_CODE_ONLY,apps/frontend/src/app/(dashboard)/travel/page.tsx:427,Source-inventoried and route rendered; control not individually mutated during safe audit
INT-01269,/travel,click-handler,apps/frontend/src/app/(dashboard)/travel/page.tsx,428,onClick={() => addDayMutation.mutate()},Review live behavior and state/API effect,PARTIAL_CODE_ONLY,apps/frontend/src/app/(dashboard)/travel/page.tsx:428,Source-inventoried and route rendered; control not individually mutated during safe audit
INT-01270,/travel,link,apps/frontend/src/app/(dashboard)/travel/page.tsx,477,<a key={dest.id},Review live behavior and state/API effect,PARTIAL_CODE_ONLY,apps/frontend/src/app/(dashboard)/travel/page.tsx:477,Source-inventoried and route rendered; control not individually mutated during safe audit
INT-01271,/travel,button,apps/frontend/src/app/(dashboard)/travel/page.tsx,542,<button,Review live behavior and state/API effect,PARTIAL_CODE_ONLY,apps/frontend/src/app/(dashboard)/travel/page.tsx:542,Source-inventoried and route rendered; control not individually mutated during safe audit
INT-01272,/travel,click-handler,apps/frontend/src/app/(dashboard)/travel/page.tsx,543,onClick={() => setDialogOpen(true)},Review live behavior and state/API effect,PARTIAL_CODE_ONLY,apps/frontend/src/app/(dashboard)/travel/page.tsx:543,Source-inventoried and route rendered; control not individually mutated during safe audit
INT-01273,/travel,input,apps/frontend/src/app/(dashboard)/travel/page.tsx,551,<input,Review live behavior and state/API effect,PARTIAL_CODE_ONLY,apps/frontend/src/app/(dashboard)/travel/page.tsx:551,Source-inventoried and route rendered; control not individually mutated during safe audit
INT-01274,/travel,change-handler,apps/frontend/src/app/(dashboard)/travel/page.tsx,554,onChange={(e) => setSearch(e.target.value)},Review live behavior and state/API effect,PARTIAL_CODE_ONLY,apps/frontend/src/app/(dashboard)/travel/page.tsx:554,Source-inventoried and route rendered; control not individually mutated during safe audit
INT-01275,/travel,button,apps/frontend/src/app/(dashboard)/travel/page.tsx,577,"<button onClick={() => queryClient.invalidateQueries({ queryKey: ['trips'] })} className=""mt-2 text-sm text-amber-600 hover:underline"">",Review live behavior and state/API effect,PARTIAL_CODE_ONLY,apps/frontend/src/app/(dashboard)/travel/page.tsx:577,Source-inventoried and route rendered; control not individually mutated during safe audit
INT-01276,/travel,click-handler,apps/frontend/src/app/(dashboard)/travel/page.tsx,577,"<button onClick={() => queryClient.invalidateQueries({ queryKey: ['trips'] })} className=""mt-2 text-sm text-amber-600 hover:underline"">",Review live behavior and state/API effect,PARTIAL_CODE_ONLY,apps/frontend/src/app/(dashboard)/travel/page.tsx:577,Source-inventoried and route rendered; control not individually mutated during safe audit
INT-01277,/travel,button,apps/frontend/src/app/(dashboard)/travel/page.tsx,590,<button,Review live behavior and state/API effect,PARTIAL_CODE_ONLY,apps/frontend/src/app/(dashboard)/travel/page.tsx:590,Source-inventoried and route rendered; control not individually mutated during safe audit
INT-01278,/travel,click-handler,apps/frontend/src/app/(dashboard)/travel/page.tsx,591,onClick={() => setDialogOpen(true)},Review live behavior and state/API effect,PARTIAL_CODE_ONLY,apps/frontend/src/app/(dashboard)/travel/page.tsx:591,Source-inventoried and route rendered; control not individually mutated during safe audit
INT-01279,/travel,click-handler,apps/frontend/src/app/(dashboard)/travel/page.tsx,605,onClick={() => setSelectedTripId(trip.id)},Review live behavior and state/API effect,PARTIAL_CODE_ONLY,apps/frontend/src/app/(dashboard)/travel/page.tsx:605,Source-inventoried and route rendered; control not individually mutated during safe audit
INT-01280,/users,button,apps/frontend/src/app/(dashboard)/users/page.tsx,71,<button onClick={() => setActiveTab('users')},Review live behavior and state/API effect,PARTIAL_CODE_ONLY,apps/frontend/src/app/(dashboard)/users/page.tsx:71,Source-inventoried and route rendered; control not individually mutated during safe audit
INT-01281,/users,click-handler,apps/frontend/src/app/(dashboard)/users/page.tsx,71,<button onClick={() => setActiveTab('users')},Review live behavior and state/API effect,PARTIAL_CODE_ONLY,apps/frontend/src/app/(dashboard)/users/page.tsx:71,Source-inventoried and route rendered; control not individually mutated during safe audit
INT-01282,/users,button,apps/frontend/src/app/(dashboard)/users/page.tsx,75,<button onClick={() => setActiveTab('roles')},Review live behavior and state/API effect,PARTIAL_CODE_ONLY,apps/frontend/src/app/(dashboard)/users/page.tsx:75,Source-inventoried and route rendered; control not individually mutated during safe audit
INT-01283,/users,click-handler,apps/frontend/src/app/(dashboard)/users/page.tsx,75,<button onClick={() => setActiveTab('roles')},Review live behavior and state/API effect,PARTIAL_CODE_ONLY,apps/frontend/src/app/(dashboard)/users/page.tsx:75,Source-inventoried and route rendered; control not individually mutated during safe audit
INT-01284,/users,button,apps/frontend/src/app/(dashboard)/users/page.tsx,97,"<button onClick={onCreate} className=""flex items-center gap-2 rounded-md bg-brand-500 px-4 py-2 text-sm font-medium text-bg hover:bg-brand-400 transition-colors""><Plus className=""h-4 w-4"" /> Benutzer anlegen</button>",Review live behavior and state/API effect,PARTIAL_CODE_ONLY,apps/frontend/src/app/(dashboard)/users/page.tsx:97,Source-inventoried and route rendered; control not individually mutated during safe audit
INT-01285,/users,click-handler,apps/frontend/src/app/(dashboard)/users/page.tsx,97,"<button onClick={onCreate} className=""flex items-center gap-2 rounded-md bg-brand-500 px-4 py-2 text-sm font-medium text-bg hover:bg-brand-400 transition-colors""><Plus className=""h-4 w-4"" /> Benutzer anlegen</button>",Review live behavior and state/API effect,PARTIAL_CODE_ONLY,apps/frontend/src/app/(dashboard)/users/page.tsx:97,Source-inventoried and route rendered; control not individually mutated during safe audit
INT-01286,/users,button,apps/frontend/src/app/(dashboard)/users/page.tsx,118,{isAdmin && <button onClick={() => toggleMutation.mutate()} disabled={toggleMutation.isPending} className={`${user.isActive ? 'text-green-500' : 'text-fg-subtle'} hover:opacity-80 transition-opacity`} title={user.isActive ? 'Deaktivieren' :,Review live behavior and state/API effect,PARTIAL_CODE_ONLY,apps/frontend/src/app/(dashboard)/users/page.tsx:118,Source-inventoried and route rendered; control not individually mutated during safe audit
INT-01287,/users,click-handler,apps/frontend/src/app/(dashboard)/users/page.tsx,118,{isAdmin && <button onClick={() => toggleMutation.mutate()} disabled={toggleMutation.isPending} className={`${user.isActive ? 'text-green-500' : 'text-fg-subtle'} hover:opacity-80 transition-opacity`} title={user.isActive ? 'Deaktivieren' :,Review live behavior and state/API effect,PARTIAL_CODE_ONLY,apps/frontend/src/app/(dashboard)/users/page.tsx:118,Source-inventoried and route rendered; control not individually mutated during safe audit
INT-01288,/users,button,apps/frontend/src/app/(dashboard)/users/page.tsx,119,"{isAdmin && <button onClick={() => onEdit(user)} className=""text-fg-muted hover:text-fg transition-colors"" title=""Bearbeiten""><Settings className=""h-4 w-4"" /></button>}",Review live behavior and state/API effect,PARTIAL_CODE_ONLY,apps/frontend/src/app/(dashboard)/users/page.tsx:119,Source-inventoried and route rendered; control not individually mutated during safe audit
INT-01289,/users,click-handler,apps/frontend/src/app/(dashboard)/users/page.tsx,119,"{isAdmin && <button onClick={() => onEdit(user)} className=""text-fg-muted hover:text-fg transition-colors"" title=""Bearbeiten""><Settings className=""h-4 w-4"" /></button>}",Review live behavior and state/API effect,PARTIAL_CODE_ONLY,apps/frontend/src/app/(dashboard)/users/page.tsx:119,Source-inventoried and route rendered; control not individually mutated during safe audit
INT-01290,/users,button,apps/frontend/src/app/(dashboard)/users/page.tsx,149,"<button onClick={onBack} className=""flex items-center gap-2 text-sm text-fg-muted hover:text-fg""><ArrowLeft className=""h-4 w-4"" /> Zurück zur Benutzerliste</button>",Review live behavior and state/API effect,PARTIAL_CODE_ONLY,apps/frontend/src/app/(dashboard)/users/page.tsx:149,Source-inventoried and route rendered; control not individually mutated during safe audit
INT-01291,/users,click-handler,apps/frontend/src/app/(dashboard)/users/page.tsx,149,"<button onClick={onBack} className=""flex items-center gap-2 text-sm text-fg-muted hover:text-fg""><ArrowLeft className=""h-4 w-4"" /> Zurück zur Benutzerliste</button>",Review live behavior and state/API effect,PARTIAL_CODE_ONLY,apps/frontend/src/app/(dashboard)/users/page.tsx:149,Source-inventoried and route rendered; control not individually mutated during safe audit
INT-01292,/users,input,apps/frontend/src/app/(dashboard)/users/page.tsx,155,"<input type=""text"" value={displayName} onChange={(e) => setDisplayName(e.target.value)} className=""w-full rounded-md border border-border-strong bg-bg px-3 py-2 text-sm focus:outline-none focus:ring-2 focus:ring-brand-500/50"" /></div>",Review live behavior and state/API effect,PARTIAL_CODE_ONLY,apps/frontend/src/app/(dashboard)/users/page.tsx:155,Source-inventoried and route rendered; control not individually mutated during safe audit
INT-01293,/users,change-handler,apps/frontend/src/app/(dashboard)/users/page.tsx,155,"<input type=""text"" value={displayName} onChange={(e) => setDisplayName(e.target.value)} className=""w-full rounded-md border border-border-strong bg-bg px-3 py-2 text-sm focus:outline-none focus:ring-2 focus:ring-brand-500/50"" /></div>",Review live behavior and state/API effect,PARTIAL_CODE_ONLY,apps/frontend/src/app/(dashboard)/users/page.tsx:155,Source-inventoried and route rendered; control not individually mutated during safe audit
INT-01294,/users,input,apps/frontend/src/app/(dashboard)/users/page.tsx,157,"<input type=""email"" value={email} onChange={(e) => setEmail(e.target.value)} className=""w-full rounded-md border border-border-strong bg-bg px-3 py-2 text-sm focus:outline-none focus:ring-2 focus:ring-brand-500/50"" /></div>",Review live behavior and state/API effect,PARTIAL_CODE_ONLY,apps/frontend/src/app/(dashboard)/users/page.tsx:157,Source-inventoried and route rendered; control not individually mutated during safe audit
INT-01295,/users,change-handler,apps/frontend/src/app/(dashboard)/users/page.tsx,157,"<input type=""email"" value={email} onChange={(e) => setEmail(e.target.value)} className=""w-full rounded-md border border-border-strong bg-bg px-3 py-2 text-sm focus:outline-none focus:ring-2 focus:ring-brand-500/50"" /></div>",Review live behavior and state/API effect,PARTIAL_CODE_ONLY,apps/frontend/src/app/(dashboard)/users/page.tsx:157,Source-inventoried and route rendered; control not individually mutated during safe audit
INT-01296,/users,button,apps/frontend/src/app/(dashboard)/users/page.tsx,159,"<button onClick={handleSave} disabled={updateMutation.isPending} className=""rounded-md bg-brand-500 px-4 py-2 text-sm font-medium text-bg hover:bg-brand-400 disabled:opacity-50"">{updateMutation.isPending ? 'Speichert…' : 'Speichern'}</butto",Review live behavior and state/API effect,PARTIAL_CODE_ONLY,apps/frontend/src/app/(dashboard)/users/page.tsx:159,Source-inventoried and route rendered; control not individually mutated during safe audit
INT-01297,/users,click-handler,apps/frontend/src/app/(dashboard)/users/page.tsx,159,"<button onClick={handleSave} disabled={updateMutation.isPending} className=""rounded-md bg-brand-500 px-4 py-2 text-sm font-medium text-bg hover:bg-brand-400 disabled:opacity-50"">{updateMutation.isPending ? 'Speichert…' : 'Speichern'}</butto",Review live behavior and state/API effect,PARTIAL_CODE_ONLY,apps/frontend/src/app/(dashboard)/users/page.tsx:159,Source-inventoried and route rendered; control not individually mutated during safe audit
INT-01298,/users,button,apps/frontend/src/app/(dashboard)/users/page.tsx,167,"<button onClick={() => removeMutation.mutate(role.id)} disabled={removeMutation.isPending} className=""rounded-full p-0.5 text-brand-500/60 hover:text-brand-500 hover:bg-brand-500/20"" title=""Entziehen""><X className=""h-3 w-3"" /></button>",Review live behavior and state/API effect,PARTIAL_CODE_ONLY,apps/frontend/src/app/(dashboard)/users/page.tsx:167,Source-inventoried and route rendered; control not individually mutated during safe audit
INT-01299,/users,click-handler,apps/frontend/src/app/(dashboard)/users/page.tsx,167,"<button onClick={() => removeMutation.mutate(role.id)} disabled={removeMutation.isPending} className=""rounded-full p-0.5 text-brand-500/60 hover:text-brand-500 hover:bg-brand-500/20"" title=""Entziehen""><X className=""h-3 w-3"" /></button>",Review live behavior and state/API effect,PARTIAL_CODE_ONLY,apps/frontend/src/app/(dashboard)/users/page.tsx:167,Source-inventoried and route rendered; control not individually mutated during safe audit
INT-01300,/users,button,apps/frontend/src/app/(dashboard)/users/page.tsx,175,"<button key={role.id} onClick={() => assignMutation.mutate(role.id)} disabled={assignMutation.isPending} className=""rounded-full bg-bg-raised px-3 py-1 text-xs font-medium text-fg-muted hover:text-fg hover:bg-brand-500/20 border border-bord",Review live behavior and state/API effect,PARTIAL_CODE_ONLY,apps/frontend/src/app/(dashboard)/users/page.tsx:175,Source-inventoried and route rendered; control not individually mutated during safe audit
INT-01301,/users,click-handler,apps/frontend/src/app/(dashboard)/users/page.tsx,175,"<button key={role.id} onClick={() => assignMutation.mutate(role.id)} disabled={assignMutation.isPending} className=""rounded-full bg-bg-raised px-3 py-1 text-xs font-medium text-fg-muted hover:text-fg hover:bg-brand-500/20 border border-bord",Review live behavior and state/API effect,PARTIAL_CODE_ONLY,apps/frontend/src/app/(dashboard)/users/page.tsx:175,Source-inventoried and route rendered; control not individually mutated during safe audit
INT-01302,/users,button,apps/frontend/src/app/(dashboard)/users/page.tsx,182,"<button onClick={() => { if (confirm('Benutzer wirklich löschen?')) deleteMutation.mutate(); }} disabled={deleteMutation.isPending} className=""rounded-md border border-danger/30 px-4 py-2 text-sm font-medium text-danger hover:bg-danger/5 di",Review live behavior and state/API effect,PARTIAL_CODE_ONLY,apps/frontend/src/app/(dashboard)/users/page.tsx:182,Source-inventoried and route rendered; control not individually mutated during safe audit
INT-01303,/users,click-handler,apps/frontend/src/app/(dashboard)/users/page.tsx,182,"<button onClick={() => { if (confirm('Benutzer wirklich löschen?')) deleteMutation.mutate(); }} disabled={deleteMutation.isPending} className=""rounded-md border border-danger/30 px-4 py-2 text-sm font-medium text-danger hover:bg-danger/5 di",Review live behavior and state/API effect,PARTIAL_CODE_ONLY,apps/frontend/src/app/(dashboard)/users/page.tsx:182,Source-inventoried and route rendered; control not individually mutated during safe audit
INT-01304,/users,click-handler,apps/frontend/src/app/(dashboard)/users/page.tsx,205,"<div className=""fixed inset-0 z-50 flex items-center justify-center bg-black/60 p-4"" onClick={onClose}>",Review live behavior and state/API effect,PARTIAL_CODE_ONLY,apps/frontend/src/app/(dashboard)/users/page.tsx:205,Source-inventoried and route rendered; control not individually mutated during safe audit
INT-01305,/users,form,apps/frontend/src/app/(dashboard)/users/page.tsx,206,"<form onClick={(e) => e.stopPropagation()} onSubmit={handleSubmit} className=""w-full max-w-md space-y-4 rounded-lg border border-border bg-bg-surface p-6"">",Review live behavior and state/API effect,PARTIAL_CODE_ONLY,apps/frontend/src/app/(dashboard)/users/page.tsx:206,Source-inventoried and route rendered; control not individually mutated during safe audit
INT-01306,/users,click-handler,apps/frontend/src/app/(dashboard)/users/page.tsx,206,"<form onClick={(e) => e.stopPropagation()} onSubmit={handleSubmit} className=""w-full max-w-md space-y-4 rounded-lg border border-border bg-bg-surface p-6"">",Review live behavior and state/API effect,PARTIAL_CODE_ONLY,apps/frontend/src/app/(dashboard)/users/page.tsx:206,Source-inventoried and route rendered; control not individually mutated during safe audit
INT-01307,/users,submit-handler,apps/frontend/src/app/(dashboard)/users/page.tsx,206,"<form onClick={(e) => e.stopPropagation()} onSubmit={handleSubmit} className=""w-full max-w-md space-y-4 rounded-lg border border-border bg-bg-surface p-6"">",Review live behavior and state/API effect,PARTIAL_CODE_ONLY,apps/frontend/src/app/(dashboard)/users/page.tsx:206,Source-inventoried and route rendered; control not individually mutated during safe audit
INT-01308,/users,button,apps/frontend/src/app/(dashboard)/users/page.tsx,207,"<div className=""flex items-center justify-between""><h2 className=""text-lg font-semibold"">Benutzer anlegen</h2><button type=""button"" onClick={onClose} className=""text-fg-muted hover:text-fg""><X className=""h-5 w-5"" /></button></div>",Review live behavior and state/API effect,PARTIAL_CODE_ONLY,apps/frontend/src/app/(dashboard)/users/page.tsx:207,Source-inventoried and route rendered; control not individually mutated during safe audit
INT-01309,/users,click-handler,apps/frontend/src/app/(dashboard)/users/page.tsx,207,"<div className=""flex items-center justify-between""><h2 className=""text-lg font-semibold"">Benutzer anlegen</h2><button type=""button"" onClick={onClose} className=""text-fg-muted hover:text-fg""><X className=""h-5 w-5"" /></button></div>",Review live behavior and state/API effect,PARTIAL_CODE_ONLY,apps/frontend/src/app/(dashboard)/users/page.tsx:207,Source-inventoried and route rendered; control not individually mutated during safe audit
INT-01310,/users,input,apps/frontend/src/app/(dashboard)/users/page.tsx,208,"<div><label className=""block text-sm font-medium mb-1"">Anzeigename</label><input type=""text"" value={displayName} onChange={(e) => setDisplayName(e.target.value)} placeholder=""z.B. Max Mustermann"" className=""w-full rounded-md border border-b",Review live behavior and state/API effect,PARTIAL_CODE_ONLY,apps/frontend/src/app/(dashboard)/users/page.tsx:208,Source-inventoried and route rendered; control not individually mutated during safe audit
INT-01311,/users,change-handler,apps/frontend/src/app/(dashboard)/users/page.tsx,208,"<div><label className=""block text-sm font-medium mb-1"">Anzeigename</label><input type=""text"" value={displayName} onChange={(e) => setDisplayName(e.target.value)} placeholder=""z.B. Max Mustermann"" className=""w-full rounded-md border border-b",Review live behavior and state/API effect,PARTIAL_CODE_ONLY,apps/frontend/src/app/(dashboard)/users/page.tsx:208,Source-inventoried and route rendered; control not individually mutated during safe audit
INT-01312,/users,input,apps/frontend/src/app/(dashboard)/users/page.tsx,209,"<div><label className=""block text-sm font-medium mb-1"">E-Mail</label><input type=""email"" value={email} onChange={(e) => setEmail(e.target.value)} placeholder=""max@example.com"" required className=""w-full rounded-md border border-border-stron",Review live behavior and state/API effect,PARTIAL_CODE_ONLY,apps/frontend/src/app/(dashboard)/users/page.tsx:209,Source-inventoried and route rendered; control not individually mutated during safe audit
INT-01313,/users,change-handler,apps/frontend/src/app/(dashboard)/users/page.tsx,209,"<div><label className=""block text-sm font-medium mb-1"">E-Mail</label><input type=""email"" value={email} onChange={(e) => setEmail(e.target.value)} placeholder=""max@example.com"" required className=""w-full rounded-md border border-border-stron",Review live behavior and state/API effect,PARTIAL_CODE_ONLY,apps/frontend/src/app/(dashboard)/users/page.tsx:209,Source-inventoried and route rendered; control not individually mutated during safe audit
INT-01314,/users,input,apps/frontend/src/app/(dashboard)/users/page.tsx,210,"<div><label className=""block text-sm font-medium mb-1"">Passwort</label><input type=""password"" value={password} onChange={(e) => setPassword(e.target.value)} placeholder=""••••••••"" minLength={8} required className=""w-full rounded-md border b",Review live behavior and state/API effect,PARTIAL_CODE_ONLY,apps/frontend/src/app/(dashboard)/users/page.tsx:210,Source-inventoried and route rendered; control not individually mutated during safe audit
INT-01315,/users,change-handler,apps/frontend/src/app/(dashboard)/users/page.tsx,210,"<div><label className=""block text-sm font-medium mb-1"">Passwort</label><input type=""password"" value={password} onChange={(e) => setPassword(e.target.value)} placeholder=""••••••••"" minLength={8} required className=""w-full rounded-md border b",Review live behavior and state/API effect,PARTIAL_CODE_ONLY,apps/frontend/src/app/(dashboard)/users/page.tsx:210,Source-inventoried and route rendered; control not individually mutated during safe audit
INT-01316,/users,button,apps/frontend/src/app/(dashboard)/users/page.tsx,211,"{isAdmin && allRoles && allRoles.length > 0 && (<div><label className=""block text-sm font-medium mb-1.5"">Rollen zuweisen</label><div className=""flex flex-wrap gap-2"">{allRoles.map((role) => (<button key={role.id} type=""button"" onClick={() =",Review live behavior and state/API effect,PARTIAL_CODE_ONLY,apps/frontend/src/app/(dashboard)/users/page.tsx:211,Source-inventoried and route rendered; control not individually mutated during safe audit
INT-01317,/users,click-handler,apps/frontend/src/app/(dashboard)/users/page.tsx,211,"{isAdmin && allRoles && allRoles.length > 0 && (<div><label className=""block text-sm font-medium mb-1.5"">Rollen zuweisen</label><div className=""flex flex-wrap gap-2"">{allRoles.map((role) => (<button key={role.id} type=""button"" onClick={() =",Review live behavior and state/API effect,PARTIAL_CODE_ONLY,apps/frontend/src/app/(dashboard)/users/page.tsx:211,Source-inventoried and route rendered; control not individually mutated during safe audit
INT-01318,/users,button,apps/frontend/src/app/(dashboard)/users/page.tsx,214,"<button type=""button"" onClick={onClose} className=""flex-1 rounded-md border border-border px-4 py-2 text-sm font-medium text-fg hover:bg-bg"">Abbrechen</button>",Review live behavior and state/API effect,PARTIAL_CODE_ONLY,apps/frontend/src/app/(dashboard)/users/page.tsx:214,Source-inventoried and route rendered; control not individually mutated during safe audit
INT-01319,/users,click-handler,apps/frontend/src/app/(dashboard)/users/page.tsx,214,"<button type=""button"" onClick={onClose} className=""flex-1 rounded-md border border-border px-4 py-2 text-sm font-medium text-fg hover:bg-bg"">Abbrechen</button>",Review live behavior and state/API effect,PARTIAL_CODE_ONLY,apps/frontend/src/app/(dashboard)/users/page.tsx:214,Source-inventoried and route rendered; control not individually mutated during safe audit
INT-01320,/users,button,apps/frontend/src/app/(dashboard)/users/page.tsx,215,"<button type=""submit"" disabled={mutation.isPending} className=""flex-1 rounded-md bg-brand-500 px-4 py-2 text-sm font-medium text-bg hover:bg-brand-400 disabled:opacity-50 flex items-center justify-center gap-2"">{mutation.isPending && <Loade",Review live behavior and state/API effect,PARTIAL_CODE_ONLY,apps/frontend/src/app/(dashboard)/users/page.tsx:215,Source-inventoried and route rendered; control not individually mutated during safe audit
INT-01321,/users,button,apps/frontend/src/app/(dashboard)/users/page.tsx,242,"<div className=""flex items-center justify-between""><p className=""text-sm text-fg-muted"">{roles?.length ?? 0} Rollen</p><button onClick={() => onExpand('__create__')} className=""flex items-center gap-2 rounded-md bg-brand-500 px-4 py-2 text-",Review live behavior and state/API effect,PARTIAL_CODE_ONLY,apps/frontend/src/app/(dashboard)/users/page.tsx:242,Source-inventoried and route rendered; control not individually mutated during safe audit
INT-01322,/users,click-handler,apps/frontend/src/app/(dashboard)/users/page.tsx,242,"<div className=""flex items-center justify-between""><p className=""text-sm text-fg-muted"">{roles?.length ?? 0} Rollen</p><button onClick={() => onExpand('__create__')} className=""flex items-center gap-2 rounded-md bg-brand-500 px-4 py-2 text-",Review live behavior and state/API effect,PARTIAL_CODE_ONLY,apps/frontend/src/app/(dashboard)/users/page.tsx:242,Source-inventoried and route rendered; control not individually mutated during safe audit
INT-01323,/users,button,apps/frontend/src/app/(dashboard)/users/page.tsx,247,"<button onClick={() => onExpand(expandedRole === role.id ? null : role.id)} className=""flex w-full items-center gap-4 p-4 text-left hover:bg-bg/50"">",Review live behavior and state/API effect,PARTIAL_CODE_ONLY,apps/frontend/src/app/(dashboard)/users/page.tsx:247,Source-inventoried and route rendered; control not individually mutated during safe audit
INT-01324,/users,click-handler,apps/frontend/src/app/(dashboard)/users/page.tsx,247,"<button onClick={() => onExpand(expandedRole === role.id ? null : role.id)} className=""flex w-full items-center gap-4 p-4 text-left hover:bg-bg/50"">",Review live behavior and state/API effect,PARTIAL_CODE_ONLY,apps/frontend/src/app/(dashboard)/users/page.tsx:247,Source-inventoried and route rendered; control not individually mutated during safe audit
INT-01325,/users,button,apps/frontend/src/app/(dashboard)/users/page.tsx,250,"{!role.isSystem && <button onClick={(e) => { e.stopPropagation(); if (confirm('Rolle wirklich löschen?')) deleteMutation.mutate(role.id); }} disabled={deleteMutation.isPending} className=""rounded-md p-1.5 text-fg-subtle hover:text-danger ho",Review live behavior and state/API effect,PARTIAL_CODE_ONLY,apps/frontend/src/app/(dashboard)/users/page.tsx:250,Source-inventoried and route rendered; control not individually mutated during safe audit
INT-01326,/users,click-handler,apps/frontend/src/app/(dashboard)/users/page.tsx,250,"{!role.isSystem && <button onClick={(e) => { e.stopPropagation(); if (confirm('Rolle wirklich löschen?')) deleteMutation.mutate(role.id); }} disabled={deleteMutation.isPending} className=""rounded-md p-1.5 text-fg-subtle hover:text-danger ho",Review live behavior and state/API effect,PARTIAL_CODE_ONLY,apps/frontend/src/app/(dashboard)/users/page.tsx:250,Source-inventoried and route rendered; control not individually mutated during safe audit
INT-01327,/users,button,apps/frontend/src/app/(dashboard)/users/page.tsx,276,<button key={perm.id} onClick={() => togglePermission(perm.id)} disabled={assignMutation.isPending},Review live behavior and state/API effect,PARTIAL_CODE_ONLY,apps/frontend/src/app/(dashboard)/users/page.tsx:276,Source-inventoried and route rendered; control not individually mutated during safe audit
INT-01328,/users,click-handler,apps/frontend/src/app/(dashboard)/users/page.tsx,276,<button key={perm.id} onClick={() => togglePermission(perm.id)} disabled={assignMutation.isPending},Review live behavior and state/API effect,PARTIAL_CODE_ONLY,apps/frontend/src/app/(dashboard)/users/page.tsx:276,Source-inventoried and route rendered; control not individually mutated during safe audit
INT-01329,/users,button,apps/frontend/src/app/(dashboard)/users/page.tsx,295,"<div className=""flex items-center justify-between""><h3 className=""text-sm font-medium"">Neue Rolle</h3><button onClick={onClose} className=""text-fg-muted hover:text-fg""><X className=""h-4 w-4"" /></button></div>",Review live behavior and state/API effect,PARTIAL_CODE_ONLY,apps/frontend/src/app/(dashboard)/users/page.tsx:295,Source-inventoried and route rendered; control not individually mutated during safe audit
INT-01330,/users,click-handler,apps/frontend/src/app/(dashboard)/users/page.tsx,295,"<div className=""flex items-center justify-between""><h3 className=""text-sm font-medium"">Neue Rolle</h3><button onClick={onClose} className=""text-fg-muted hover:text-fg""><X className=""h-4 w-4"" /></button></div>",Review live behavior and state/API effect,PARTIAL_CODE_ONLY,apps/frontend/src/app/(dashboard)/users/page.tsx:295,Source-inventoried and route rendered; control not individually mutated during safe audit
INT-01331,/users,form,apps/frontend/src/app/(dashboard)/users/page.tsx,296,"<form onSubmit={handleSubmit} className=""space-y-3"">",Review live behavior and state/API effect,PARTIAL_CODE_ONLY,apps/frontend/src/app/(dashboard)/users/page.tsx:296,Source-inventoried and route rendered; control not individually mutated during safe audit
INT-01332,/users,submit-handler,apps/frontend/src/app/(dashboard)/users/page.tsx,296,"<form onSubmit={handleSubmit} className=""space-y-3"">",Review live behavior and state/API effect,PARTIAL_CODE_ONLY,apps/frontend/src/app/(dashboard)/users/page.tsx:296,Source-inventoried and route rendered; control not individually mutated during safe audit
INT-01333,/users,input,apps/frontend/src/app/(dashboard)/users/page.tsx,297,"<div><label className=""block text-xs font-medium mb-1"">Name</label><input type=""text"" value={name} onChange={(e) => setName(e.target.value)} placeholder=""z.B. editor"" required className=""w-full rounded-md border border-border-strong bg-bg p",Review live behavior and state/API effect,PARTIAL_CODE_ONLY,apps/frontend/src/app/(dashboard)/users/page.tsx:297,Source-inventoried and route rendered; control not individually mutated during safe audit
INT-01334,/users,change-handler,apps/frontend/src/app/(dashboard)/users/page.tsx,297,"<div><label className=""block text-xs font-medium mb-1"">Name</label><input type=""text"" value={name} onChange={(e) => setName(e.target.value)} placeholder=""z.B. editor"" required className=""w-full rounded-md border border-border-strong bg-bg p",Review live behavior and state/API effect,PARTIAL_CODE_ONLY,apps/frontend/src/app/(dashboard)/users/page.tsx:297,Source-inventoried and route rendered; control not individually mutated during safe audit
INT-01335,/users,input,apps/frontend/src/app/(dashboard)/users/page.tsx,298,"<div><label className=""block text-xs font-medium mb-1"">Beschreibung</label><input type=""text"" value={description} onChange={(e) => setDescription(e.target.value)} placeholder=""Optional"" className=""w-full rounded-md border border-border-stro",Review live behavior and state/API effect,PARTIAL_CODE_ONLY,apps/frontend/src/app/(dashboard)/users/page.tsx:298,Source-inventoried and route rendered; control not individually mutated during safe audit
INT-01336,/users,change-handler,apps/frontend/src/app/(dashboard)/users/page.tsx,298,"<div><label className=""block text-xs font-medium mb-1"">Beschreibung</label><input type=""text"" value={description} onChange={(e) => setDescription(e.target.value)} placeholder=""Optional"" className=""w-full rounded-md border border-border-stro",Review live behavior and state/API effect,PARTIAL_CODE_ONLY,apps/frontend/src/app/(dashboard)/users/page.tsx:298,Source-inventoried and route rendered; control not individually mutated during safe audit
INT-01337,/users,button,apps/frontend/src/app/(dashboard)/users/page.tsx,301,"<button type=""button"" onClick={onClose} className=""rounded-md border border-border px-3 py-1.5 text-xs font-medium text-fg hover:bg-bg"">Abbrechen</button>",Review live behavior and state/API effect,PARTIAL_CODE_ONLY,apps/frontend/src/app/(dashboard)/users/page.tsx:301,Source-inventoried and route rendered; control not individually mutated during safe audit
INT-01338,/users,click-handler,apps/frontend/src/app/(dashboard)/users/page.tsx,301,"<button type=""button"" onClick={onClose} className=""rounded-md border border-border px-3 py-1.5 text-xs font-medium text-fg hover:bg-bg"">Abbrechen</button>",Review live behavior and state/API effect,PARTIAL_CODE_ONLY,apps/frontend/src/app/(dashboard)/users/page.tsx:301,Source-inventoried and route rendered; control not individually mutated during safe audit
INT-01339,/users,button,apps/frontend/src/app/(dashboard)/users/page.tsx,302,"<button type=""submit"" disabled={mutation.isPending} className=""rounded-md bg-brand-500 px-3 py-1.5 text-xs font-medium text-bg hover:bg-brand-400 disabled:opacity-50"">{mutation.isPending ? 'Wird erstellt…' : 'Erstellen'}</button>",Review live behavior and state/API effect,PARTIAL_CODE_ONLY,apps/frontend/src/app/(dashboard)/users/page.tsx:302,Source-inventoried and route rendered; control not individually mutated during safe audit
INT-01340,/vault,button,apps/frontend/src/app/(dashboard)/vault/page.tsx,108,<button onClick={() => setShowCreate(true)},Review live behavior and state/API effect,PARTIAL_CODE_ONLY,apps/frontend/src/app/(dashboard)/vault/page.tsx:108,Source-inventoried and route rendered; control not individually mutated during safe audit
INT-01341,/vault,click-handler,apps/frontend/src/app/(dashboard)/vault/page.tsx,108,<button onClick={() => setShowCreate(true)},Review live behavior and state/API effect,PARTIAL_CODE_ONLY,apps/frontend/src/app/(dashboard)/vault/page.tsx:108,Source-inventoried and route rendered; control not individually mutated during safe audit
INT-01342,/vault,button,apps/frontend/src/app/(dashboard)/vault/page.tsx,129,<button onClick={() => setShowCreate(true)},Review live behavior and state/API effect,PARTIAL_CODE_ONLY,apps/frontend/src/app/(dashboard)/vault/page.tsx:129,Source-inventoried and route rendered; control not individually mutated during safe audit
INT-01343,/vault,click-handler,apps/frontend/src/app/(dashboard)/vault/page.tsx,129,<button onClick={() => setShowCreate(true)},Review live behavior and state/API effect,PARTIAL_CODE_ONLY,apps/frontend/src/app/(dashboard)/vault/page.tsx:129,Source-inventoried and route rendered; control not individually mutated during safe audit
INT-01344,/vault,button,apps/frontend/src/app/(dashboard)/vault/page.tsx,136,<button key={entry.id} onClick={() => setSelectedId(entry.id)},Review live behavior and state/API effect,PARTIAL_CODE_ONLY,apps/frontend/src/app/(dashboard)/vault/page.tsx:136,Source-inventoried and route rendered; control not individually mutated during safe audit
INT-01345,/vault,click-handler,apps/frontend/src/app/(dashboard)/vault/page.tsx,136,<button key={entry.id} onClick={() => setSelectedId(entry.id)},Review live behavior and state/API effect,PARTIAL_CODE_ONLY,apps/frontend/src/app/(dashboard)/vault/page.tsx:136,Source-inventoried and route rendered; control not individually mutated during safe audit
INT-01346,/vault,submit-handler,apps/frontend/src/app/(dashboard)/vault/page.tsx,168,onSubmit={(data) => createMutation.mutate(data)},Review live behavior and state/API effect,PARTIAL_CODE_ONLY,apps/frontend/src/app/(dashboard)/vault/page.tsx:168,Source-inventoried and route rendered; control not individually mutated during safe audit
INT-01347,/vault,button,apps/frontend/src/app/(dashboard)/vault/page.tsx,217,<button onClick={onBack},Review live behavior and state/API effect,PARTIAL_CODE_ONLY,apps/frontend/src/app/(dashboard)/vault/page.tsx:217,Source-inventoried and route rendered; control not individually mutated during safe audit
INT-01348,/vault,click-handler,apps/frontend/src/app/(dashboard)/vault/page.tsx,217,<button onClick={onBack},Review live behavior and state/API effect,PARTIAL_CODE_ONLY,apps/frontend/src/app/(dashboard)/vault/page.tsx:217,Source-inventoried and route rendered; control not individually mutated during safe audit
INT-01349,/vault,button,apps/frontend/src/app/(dashboard)/vault/page.tsx,237,<button onClick={() => onDelete(entry.id)} disabled={isDeleting},Review live behavior and state/API effect,PARTIAL_CODE_ONLY,apps/frontend/src/app/(dashboard)/vault/page.tsx:237,Source-inventoried and route rendered; control not individually mutated during safe audit
INT-01350,/vault,click-handler,apps/frontend/src/app/(dashboard)/vault/page.tsx,237,<button onClick={() => onDelete(entry.id)} disabled={isDeleting},Review live behavior and state/API effect,PARTIAL_CODE_ONLY,apps/frontend/src/app/(dashboard)/vault/page.tsx:237,Source-inventoried and route rendered; control not individually mutated during safe audit
INT-01351,/vault,button,apps/frontend/src/app/(dashboard)/vault/page.tsx,249,"<button onClick={() => copyToClipboard(entry.username!, 'username')}",Review live behavior and state/API effect,PARTIAL_CODE_ONLY,apps/frontend/src/app/(dashboard)/vault/page.tsx:249,Source-inventoried and route rendered; control not individually mutated during safe audit
INT-01352,/vault,click-handler,apps/frontend/src/app/(dashboard)/vault/page.tsx,249,"<button onClick={() => copyToClipboard(entry.username!, 'username')}",Review live behavior and state/API effect,PARTIAL_CODE_ONLY,apps/frontend/src/app/(dashboard)/vault/page.tsx:249,Source-inventoried and route rendered; control not individually mutated during safe audit
INT-01353,/vault,button,apps/frontend/src/app/(dashboard)/vault/page.tsx,267,<button onClick={() => setShowPassword(!showPassword)},Review live behavior and state/API effect,PARTIAL_CODE_ONLY,apps/frontend/src/app/(dashboard)/vault/page.tsx:267,Source-inventoried and route rendered; control not individually mutated during safe audit
INT-01354,/vault,click-handler,apps/frontend/src/app/(dashboard)/vault/page.tsx,267,<button onClick={() => setShowPassword(!showPassword)},Review live behavior and state/API effect,PARTIAL_CODE_ONLY,apps/frontend/src/app/(dashboard)/vault/page.tsx:267,Source-inventoried and route rendered; control not individually mutated during safe audit
INT-01355,/vault,button,apps/frontend/src/app/(dashboard)/vault/page.tsx,273,"<button onClick={() => copyToClipboard(entry.encryptedPassword!, 'password')}",Review live behavior and state/API effect,PARTIAL_CODE_ONLY,apps/frontend/src/app/(dashboard)/vault/page.tsx:273,Source-inventoried and route rendered; control not individually mutated during safe audit
INT-01356,/vault,click-handler,apps/frontend/src/app/(dashboard)/vault/page.tsx,273,"<button onClick={() => copyToClipboard(entry.encryptedPassword!, 'password')}",Review live behavior and state/API effect,PARTIAL_CODE_ONLY,apps/frontend/src/app/(dashboard)/vault/page.tsx:273,Source-inventoried and route rendered; control not individually mutated during safe audit
INT-01357,/vault,link,apps/frontend/src/app/(dashboard)/vault/page.tsx,286,"<a href={entry.url} target=""_blank"" rel=""noopener noreferrer""",Review live behavior and state/API effect,PARTIAL_CODE_ONLY,apps/frontend/src/app/(dashboard)/vault/page.tsx:286,Source-inventoried and route rendered; control not individually mutated during safe audit
INT-01358,/vault,button,apps/frontend/src/app/(dashboard)/vault/page.tsx,331,"<button onClick={() => copyToClipboard(entry.totpSecret!, 'totp')}",Review live behavior and state/API effect,PARTIAL_CODE_ONLY,apps/frontend/src/app/(dashboard)/vault/page.tsx:331,Source-inventoried and route rendered; control not individually mutated during safe audit
INT-01359,/vault,click-handler,apps/frontend/src/app/(dashboard)/vault/page.tsx,331,"<button onClick={() => copyToClipboard(entry.totpSecret!, 'totp')}",Review live behavior and state/API effect,PARTIAL_CODE_ONLY,apps/frontend/src/app/(dashboard)/vault/page.tsx:331,Source-inventoried and route rendered; control not individually mutated during safe audit
INT-01360,/vault,button,apps/frontend/src/app/(dashboard)/vault/page.tsx,352,"<button onClick={() => { if (totpCode) copyToClipboard(totpCode, 'totpCode'); }}",Review live behavior and state/API effect,PARTIAL_CODE_ONLY,apps/frontend/src/app/(dashboard)/vault/page.tsx:352,Source-inventoried and route rendered; control not individually mutated during safe audit
INT-01361,/vault,click-handler,apps/frontend/src/app/(dashboard)/vault/page.tsx,352,"<button onClick={() => { if (totpCode) copyToClipboard(totpCode, 'totpCode'); }}",Review live behavior and state/API effect,PARTIAL_CODE_ONLY,apps/frontend/src/app/(dashboard)/vault/page.tsx:352,Source-inventoried and route rendered; control not individually mutated during safe audit
INT-01362,/vault,button,apps/frontend/src/app/(dashboard)/vault/page.tsx,358,<button onClick={fetchTotp},Review live behavior and state/API effect,PARTIAL_CODE_ONLY,apps/frontend/src/app/(dashboard)/vault/page.tsx:358,Source-inventoried and route rendered; control not individually mutated during safe audit
INT-01363,/vault,click-handler,apps/frontend/src/app/(dashboard)/vault/page.tsx,358,<button onClick={fetchTotp},Review live behavior and state/API effect,PARTIAL_CODE_ONLY,apps/frontend/src/app/(dashboard)/vault/page.tsx:358,Source-inventoried and route rendered; control not individually mutated during safe audit
INT-01364,/vault,click-handler,apps/frontend/src/app/(dashboard)/vault/page.tsx,393,"<div className=""fixed inset-0 z-50 flex items-center justify-center bg-black/50"" onClick={onClose}>",Review live behavior and state/API effect,PARTIAL_CODE_ONLY,apps/frontend/src/app/(dashboard)/vault/page.tsx:393,Source-inventoried and route rendered; control not individually mutated during safe audit
INT-01365,/vault,click-handler,apps/frontend/src/app/(dashboard)/vault/page.tsx,394,"<div className=""rounded-lg border border-border bg-bg-surface p-6 w-full max-w-lg mx-4 max-h-[90vh] overflow-y-auto"" onClick={(e) => e.stopPropagation()}>",Review live behavior and state/API effect,PARTIAL_CODE_ONLY,apps/frontend/src/app/(dashboard)/vault/page.tsx:394,Source-inventoried and route rendered; control not individually mutated during safe audit
INT-01366,/vault,input,apps/frontend/src/app/(dashboard)/vault/page.tsx,397,"<input name=""name"" placeholder=""Name *"" value={form.name} onChange={(e) => setForm({ ...form, name: e.target.value })}",Review live behavior and state/API effect,PARTIAL_CODE_ONLY,apps/frontend/src/app/(dashboard)/vault/page.tsx:397,Source-inventoried and route rendered; control not individually mutated during safe audit
INT-01367,/vault,change-handler,apps/frontend/src/app/(dashboard)/vault/page.tsx,397,"<input name=""name"" placeholder=""Name *"" value={form.name} onChange={(e) => setForm({ ...form, name: e.target.value })}",Review live behavior and state/API effect,PARTIAL_CODE_ONLY,apps/frontend/src/app/(dashboard)/vault/page.tsx:397,Source-inventoried and route rendered; control not individually mutated during safe audit
INT-01368,/vault,select,apps/frontend/src/app/(dashboard)/vault/page.tsx,400,"<select name=""type"" value={form.type} onChange={(e) => setForm({ ...form, type: e.target.value })}",Review live behavior and state/API effect,PARTIAL_CODE_ONLY,apps/frontend/src/app/(dashboard)/vault/page.tsx:400,Source-inventoried and route rendered; control not individually mutated during safe audit
INT-01369,/vault,change-handler,apps/frontend/src/app/(dashboard)/vault/page.tsx,400,"<select name=""type"" value={form.type} onChange={(e) => setForm({ ...form, type: e.target.value })}",Review live behavior and state/API effect,PARTIAL_CODE_ONLY,apps/frontend/src/app/(dashboard)/vault/page.tsx:400,Source-inventoried and route rendered; control not individually mutated during safe audit
INT-01370,/vault,input,apps/frontend/src/app/(dashboard)/vault/page.tsx,407,"<input name=""username"" placeholder=""Benutzername"" value={form.username} onChange={(e) => setForm({ ...form, username: e.target.value })}",Review live behavior and state/API effect,PARTIAL_CODE_ONLY,apps/frontend/src/app/(dashboard)/vault/page.tsx:407,Source-inventoried and route rendered; control not individually mutated during safe audit
INT-01371,/vault,change-handler,apps/frontend/src/app/(dashboard)/vault/page.tsx,407,"<input name=""username"" placeholder=""Benutzername"" value={form.username} onChange={(e) => setForm({ ...form, username: e.target.value })}",Review live behavior and state/API effect,PARTIAL_CODE_ONLY,apps/frontend/src/app/(dashboard)/vault/page.tsx:407,Source-inventoried and route rendered; control not individually mutated during safe audit
INT-01372,/vault,input,apps/frontend/src/app/(dashboard)/vault/page.tsx,409,"<input name=""encryptedPassword"" type=""text"" placeholder=""Passwort"" value={form.encryptedPassword} onChange={(e) => setForm({ ...form, encryptedPassword: e.target.value })}",Review live behavior and state/API effect,PARTIAL_CODE_ONLY,apps/frontend/src/app/(dashboard)/vault/page.tsx:409,Source-inventoried and route rendered; control not individually mutated during safe audit
INT-01373,/vault,change-handler,apps/frontend/src/app/(dashboard)/vault/page.tsx,409,"<input name=""encryptedPassword"" type=""text"" placeholder=""Passwort"" value={form.encryptedPassword} onChange={(e) => setForm({ ...form, encryptedPassword: e.target.value })}",Review live behavior and state/API effect,PARTIAL_CODE_ONLY,apps/frontend/src/app/(dashboard)/vault/page.tsx:409,Source-inventoried and route rendered; control not individually mutated during safe audit
INT-01374,/vault,input,apps/frontend/src/app/(dashboard)/vault/page.tsx,411,"<input name=""url"" placeholder=""URL (z.B. https://example.com)"" value={form.url} onChange={(e) => setForm({ ...form, url: e.target.value })}",Review live behavior and state/API effect,PARTIAL_CODE_ONLY,apps/frontend/src/app/(dashboard)/vault/page.tsx:411,Source-inventoried and route rendered; control not individually mutated during safe audit
INT-01375,/vault,change-handler,apps/frontend/src/app/(dashboard)/vault/page.tsx,411,"<input name=""url"" placeholder=""URL (z.B. https://example.com)"" value={form.url} onChange={(e) => setForm({ ...form, url: e.target.value })}",Review live behavior and state/API effect,PARTIAL_CODE_ONLY,apps/frontend/src/app/(dashboard)/vault/page.tsx:411,Source-inventoried and route rendered; control not individually mutated during safe audit
INT-01376,/vault,input,apps/frontend/src/app/(dashboard)/vault/page.tsx,413,"<input name=""totpSecret"" placeholder=""TOTP Secret (optional)"" value={form.totpSecret} onChange={(e) => setForm({ ...form, totpSecret: e.target.value })}",Review live behavior and state/API effect,PARTIAL_CODE_ONLY,apps/frontend/src/app/(dashboard)/vault/page.tsx:413,Source-inventoried and route rendered; control not individually mutated during safe audit
INT-01377,/vault,change-handler,apps/frontend/src/app/(dashboard)/vault/page.tsx,413,"<input name=""totpSecret"" placeholder=""TOTP Secret (optional)"" value={form.totpSecret} onChange={(e) => setForm({ ...form, totpSecret: e.target.value })}",Review live behavior and state/API effect,PARTIAL_CODE_ONLY,apps/frontend/src/app/(dashboard)/vault/page.tsx:413,Source-inventoried and route rendered; control not individually mutated during safe audit
INT-01378,/vault,input,apps/frontend/src/app/(dashboard)/vault/page.tsx,420,"<input name=""cardBrand"" placeholder=""Kartentyp (z.B. Visa)"" value={form.cardBrand} onChange={(e) => setForm({ ...form, cardBrand: e.target.value })}",Review live behavior and state/API effect,PARTIAL_CODE_ONLY,apps/frontend/src/app/(dashboard)/vault/page.tsx:420,Source-inventoried and route rendered; control not individually mutated during safe audit
INT-01379,/vault,change-handler,apps/frontend/src/app/(dashboard)/vault/page.tsx,420,"<input name=""cardBrand"" placeholder=""Kartentyp (z.B. Visa)"" value={form.cardBrand} onChange={(e) => setForm({ ...form, cardBrand: e.target.value })}",Review live behavior and state/API effect,PARTIAL_CODE_ONLY,apps/frontend/src/app/(dashboard)/vault/page.tsx:420,Source-inventoried and route rendered; control not individually mutated during safe audit
INT-01380,/vault,input,apps/frontend/src/app/(dashboard)/vault/page.tsx,422,"<input name=""cardLast4"" placeholder=""Letzte 4 Ziffern"" maxLength={4} value={form.cardLast4} onChange={(e) => setForm({ ...form, cardLast4: e.target.value })}",Review live behavior and state/API effect,PARTIAL_CODE_ONLY,apps/frontend/src/app/(dashboard)/vault/page.tsx:422,Source-inventoried and route rendered; control not individually mutated during safe audit
INT-01381,/vault,change-handler,apps/frontend/src/app/(dashboard)/vault/page.tsx,422,"<input name=""cardLast4"" placeholder=""Letzte 4 Ziffern"" maxLength={4} value={form.cardLast4} onChange={(e) => setForm({ ...form, cardLast4: e.target.value })}",Review live behavior and state/API effect,PARTIAL_CODE_ONLY,apps/frontend/src/app/(dashboard)/vault/page.tsx:422,Source-inventoried and route rendered; control not individually mutated during safe audit
INT-01382,/vault,textarea,apps/frontend/src/app/(dashboard)/vault/page.tsx,428,"<textarea name=""notes"" placeholder=""Notizinhalt..."" rows={5} value={form.notes} onChange={(e) => setForm({ ...form, notes: e.target.value })}",Review live behavior and state/API effect,PARTIAL_CODE_ONLY,apps/frontend/src/app/(dashboard)/vault/page.tsx:428,Source-inventoried and route rendered; control not individually mutated during safe audit
INT-01383,/vault,change-handler,apps/frontend/src/app/(dashboard)/vault/page.tsx,428,"<textarea name=""notes"" placeholder=""Notizinhalt..."" rows={5} value={form.notes} onChange={(e) => setForm({ ...form, notes: e.target.value })}",Review live behavior and state/API effect,PARTIAL_CODE_ONLY,apps/frontend/src/app/(dashboard)/vault/page.tsx:428,Source-inventoried and route rendered; control not individually mutated during safe audit
INT-01384,/vault,textarea,apps/frontend/src/app/(dashboard)/vault/page.tsx,433,"<textarea name=""notes"" placeholder=""Notizen (optional)"" rows={3} value={form.notes} onChange={(e) => setForm({ ...form, notes: e.target.value })}",Review live behavior and state/API effect,PARTIAL_CODE_ONLY,apps/frontend/src/app/(dashboard)/vault/page.tsx:433,Source-inventoried and route rendered; control not individually mutated during safe audit
INT-01385,/vault,change-handler,apps/frontend/src/app/(dashboard)/vault/page.tsx,433,"<textarea name=""notes"" placeholder=""Notizen (optional)"" rows={3} value={form.notes} onChange={(e) => setForm({ ...form, notes: e.target.value })}",Review live behavior and state/API effect,PARTIAL_CODE_ONLY,apps/frontend/src/app/(dashboard)/vault/page.tsx:433,Source-inventoried and route rendered; control not individually mutated during safe audit
INT-01386,/vault,button,apps/frontend/src/app/(dashboard)/vault/page.tsx,438,<button onClick={onClose},Review live behavior and state/API effect,PARTIAL_CODE_ONLY,apps/frontend/src/app/(dashboard)/vault/page.tsx:438,Source-inventoried and route rendered; control not individually mutated during safe audit
INT-01387,/vault,click-handler,apps/frontend/src/app/(dashboard)/vault/page.tsx,438,<button onClick={onClose},Review live behavior and state/API effect,PARTIAL_CODE_ONLY,apps/frontend/src/app/(dashboard)/vault/page.tsx:438,Source-inventoried and route rendered; control not individually mutated during safe audit
INT-01388,/vault,button,apps/frontend/src/app/(dashboard)/vault/page.tsx,441,<button onClick={handleSubmit} disabled={isPending || !form.name},Review live behavior and state/API effect,PARTIAL_CODE_ONLY,apps/frontend/src/app/(dashboard)/vault/page.tsx:441,Source-inventoried and route rendered; control not individually mutated during safe audit
INT-01389,/vault,click-handler,apps/frontend/src/app/(dashboard)/vault/page.tsx,441,<button onClick={handleSubmit} disabled={isPending || !form.name},Review live behavior and state/API effect,PARTIAL_CODE_ONLY,apps/frontend/src/app/(dashboard)/vault/page.tsx:441,Source-inventoried and route rendered; control not individually mutated during safe audit
INT-01390,/login,form,apps/frontend/src/app/login/page.tsx,89,<form,Review live behavior and state/API effect,PARTIAL_CODE_ONLY,apps/frontend/src/app/login/page.tsx:89,Source-inventoried and route rendered; control not individually mutated during safe audit
INT-01391,/login,submit-handler,apps/frontend/src/app/login/page.tsx,90,onSubmit={(e) => {,Review live behavior and state/API effect,PARTIAL_CODE_ONLY,apps/frontend/src/app/login/page.tsx:90,Source-inventoried and route rendered; control not individually mutated during safe audit
INT-01392,/login,input,apps/frontend/src/app/login/page.tsx,99,<input,Review live behavior and state/API effect,PARTIAL_CODE_ONLY,apps/frontend/src/app/login/page.tsx:99,Source-inventoried and route rendered; control not individually mutated during safe audit
INT-01393,/login,change-handler,apps/frontend/src/app/login/page.tsx,103,onChange={(e) => setEmail(e.target.value)},Review live behavior and state/API effect,PARTIAL_CODE_ONLY,apps/frontend/src/app/login/page.tsx:103,Source-inventoried and route rendered; control not individually mutated during safe audit
INT-01394,/login,input,apps/frontend/src/app/login/page.tsx,112,<input,Review live behavior and state/API effect,PARTIAL_CODE_ONLY,apps/frontend/src/app/login/page.tsx:112,Source-inventoried and route rendered; control not individually mutated during safe audit
INT-01395,/login,change-handler,apps/frontend/src/app/login/page.tsx,116,onChange={(e) => setPassword(e.target.value)},Review live behavior and state/API effect,PARTIAL_CODE_ONLY,apps/frontend/src/app/login/page.tsx:116,Source-inventoried and route rendered; control not individually mutated during safe audit
INT-01396,/login,button,apps/frontend/src/app/login/page.tsx,130,<button,Review live behavior and state/API effect,PARTIAL_CODE_ONLY,apps/frontend/src/app/login/page.tsx:130,Source-inventoried and route rendered; control not individually mutated during safe audit
INT-01397,/,link,apps/frontend/src/app/page.tsx,17,<Link,Review live behavior and state/API effect,PARTIAL_CODE_ONLY,apps/frontend/src/app/page.tsx:17,Source-inventoried and route rendered; control not individually mutated during safe audit
INT-01398,/,link,apps/frontend/src/app/page.tsx,23,<a,Review live behavior and state/API effect,PARTIAL_CODE_ONLY,apps/frontend/src/app/page.tsx:23,Source-inventoried and route rendered; control not individually mutated during safe audit
INT-01399,(shared/component),button,apps/frontend/src/components/calendar/AgendaView.tsx,35,"<button onClick={onNew} className=""mt-3 rounded-lg bg-cal-500 px-4 py-2 text-sm font-medium text-bg hover:bg-cal-400"">",Review live behavior and state/API effect,PARTIAL_CODE_ONLY,apps/frontend/src/components/calendar/AgendaView.tsx:35,Source-inventoried and route rendered; control not individually mutated during safe audit
INT-01400,(shared/component),click-handler,apps/frontend/src/components/calendar/AgendaView.tsx,35,"<button onClick={onNew} className=""mt-3 rounded-lg bg-cal-500 px-4 py-2 text-sm font-medium text-bg hover:bg-cal-400"">",Review live behavior and state/API effect,PARTIAL_CODE_ONLY,apps/frontend/src/components/calendar/AgendaView.tsx:35,Source-inventoried and route rendered; control not individually mutated during safe audit
INT-01401,(shared/component),button,apps/frontend/src/components/calendar/AgendaView.tsx,62,<button,Review live behavior and state/API effect,PARTIAL_CODE_ONLY,apps/frontend/src/components/calendar/AgendaView.tsx:62,Source-inventoried and route rendered; control not individually mutated during safe audit
INT-01402,(shared/component),click-handler,apps/frontend/src/components/calendar/AgendaView.tsx,64,onClick={() => onEventClick(ev)},Review live behavior and state/API effect,PARTIAL_CODE_ONLY,apps/frontend/src/components/calendar/AgendaView.tsx:64,Source-inventoried and route rendered; control not individually mutated during safe audit
INT-01403,(shared/component),click-handler,apps/frontend/src/components/calendar/CalendarSettingsPanel.tsx,56,"<div className=""fixed inset-0 z-50 flex items-center justify-center bg-black/50"" onClick={onClose}>",Review live behavior and state/API effect,PARTIAL_CODE_ONLY,apps/frontend/src/components/calendar/CalendarSettingsPanel.tsx:56,Source-inventoried and route rendered; control not individually mutated during safe audit
INT-01404,(shared/component),click-handler,apps/frontend/src/components/calendar/CalendarSettingsPanel.tsx,59,onClick={(e) => e.stopPropagation()},Review live behavior and state/API effect,PARTIAL_CODE_ONLY,apps/frontend/src/components/calendar/CalendarSettingsPanel.tsx:59,Source-inventoried and route rendered; control not individually mutated during safe audit
INT-01405,(shared/component),button,apps/frontend/src/components/calendar/CalendarSettingsPanel.tsx,63,"<button onClick={onClose} className=""text-fg-subtle hover:text-fg"" aria-label=""Schließen"">",Review live behavior and state/API effect,PARTIAL_CODE_ONLY,apps/frontend/src/components/calendar/CalendarSettingsPanel.tsx:63,Source-inventoried and route rendered; control not individually mutated during safe audit
INT-01406,(shared/component),click-handler,apps/frontend/src/components/calendar/CalendarSettingsPanel.tsx,63,"<button onClick={onClose} className=""text-fg-subtle hover:text-fg"" aria-label=""Schließen"">",Review live behavior and state/API effect,PARTIAL_CODE_ONLY,apps/frontend/src/components/calendar/CalendarSettingsPanel.tsx:63,Source-inventoried and route rendered; control not individually mutated during safe audit
INT-01407,(shared/component),button,apps/frontend/src/components/calendar/CalendarSettingsPanel.tsx,76,<button,Review live behavior and state/API effect,PARTIAL_CODE_ONLY,apps/frontend/src/components/calendar/CalendarSettingsPanel.tsx:76,Source-inventoried and route rendered; control not individually mutated during safe audit
INT-01408,(shared/component),click-handler,apps/frontend/src/components/calendar/CalendarSettingsPanel.tsx,78,onClick={() => { setDefaultView(v.value); onSave({ defaultView: v.value }); }},Review live behavior and state/API effect,PARTIAL_CODE_ONLY,apps/frontend/src/components/calendar/CalendarSettingsPanel.tsx:78,Source-inventoried and route rendered; control not individually mutated during safe audit
INT-01409,(shared/component),input,apps/frontend/src/components/calendar/CalendarSettingsPanel.tsx,90,<input,Review live behavior and state/API effect,PARTIAL_CODE_ONLY,apps/frontend/src/components/calendar/CalendarSettingsPanel.tsx:90,Source-inventoried and route rendered; control not individually mutated during safe audit
INT-01410,(shared/component),change-handler,apps/frontend/src/components/calendar/CalendarSettingsPanel.tsx,93,onChange={() => { setWeekStart(d); onSave({ weekStart: d }); }},Review live behavior and state/API effect,PARTIAL_CODE_ONLY,apps/frontend/src/components/calendar/CalendarSettingsPanel.tsx:93,Source-inventoried and route rendered; control not individually mutated during safe audit
INT-01411,(shared/component),input,apps/frontend/src/components/calendar/CalendarSettingsPanel.tsx,101,<input,Review live behavior and state/API effect,PARTIAL_CODE_ONLY,apps/frontend/src/components/calendar/CalendarSettingsPanel.tsx:101,Source-inventoried and route rendered; control not individually mutated during safe audit
INT-01412,(shared/component),change-handler,apps/frontend/src/components/calendar/CalendarSettingsPanel.tsx,104,onChange={(e) => { setShowWeekNumbers(e.target.checked); onSave({ showWeekNumbers: e.target.checked }); }},Review live behavior and state/API effect,PARTIAL_CODE_ONLY,apps/frontend/src/components/calendar/CalendarSettingsPanel.tsx:104,Source-inventoried and route rendered; control not individually mutated during safe audit
INT-01413,(shared/component),button,apps/frontend/src/components/calendar/CalendarSettingsPanel.tsx,117,<button,Review live behavior and state/API effect,PARTIAL_CODE_ONLY,apps/frontend/src/components/calendar/CalendarSettingsPanel.tsx:117,Source-inventoried and route rendered; control not individually mutated during safe audit
INT-01414,(shared/component),click-handler,apps/frontend/src/components/calendar/CalendarSettingsPanel.tsx,118,onClick={() => { setAccentColor(null); onSave({ accentColor: null }); }},Review live behavior and state/API effect,PARTIAL_CODE_ONLY,apps/frontend/src/components/calendar/CalendarSettingsPanel.tsx:118,Source-inventoried and route rendered; control not individually mutated during safe audit
INT-01415,(shared/component),button,apps/frontend/src/components/calendar/CalendarSettingsPanel.tsx,128,<button,Review live behavior and state/API effect,PARTIAL_CODE_ONLY,apps/frontend/src/components/calendar/CalendarSettingsPanel.tsx:128,Source-inventoried and route rendered; control not individually mutated during safe audit
INT-01416,(shared/component),click-handler,apps/frontend/src/components/calendar/CalendarSettingsPanel.tsx,130,onClick={() => { setAccentColor(c); onSave({ accentColor: c }); }},Review live behavior and state/API effect,PARTIAL_CODE_ONLY,apps/frontend/src/components/calendar/CalendarSettingsPanel.tsx:130,Source-inventoried and route rendered; control not individually mutated during safe audit
INT-01417,(shared/component),button,apps/frontend/src/components/calendar/CalendarSettingsPanel.tsx,146,<button,Review live behavior and state/API effect,PARTIAL_CODE_ONLY,apps/frontend/src/components/calendar/CalendarSettingsPanel.tsx:146,Source-inventoried and route rendered; control not individually mutated during safe audit
INT-01418,(shared/component),click-handler,apps/frontend/src/components/calendar/CalendarSettingsPanel.tsx,148,onClick={() => { setBackgroundUrl(p.url); onSave({ backgroundUrl: p.url }); }},Review live behavior and state/API effect,PARTIAL_CODE_ONLY,apps/frontend/src/components/calendar/CalendarSettingsPanel.tsx:148,Source-inventoried and route rendered; control not individually mutated during safe audit
INT-01419,(shared/component),input,apps/frontend/src/components/calendar/CalendarSettingsPanel.tsx,159,<input,Review live behavior and state/API effect,PARTIAL_CODE_ONLY,apps/frontend/src/components/calendar/CalendarSettingsPanel.tsx:159,Source-inventoried and route rendered; control not individually mutated during safe audit
INT-01420,(shared/component),change-handler,apps/frontend/src/components/calendar/CalendarSettingsPanel.tsx,163,onChange={(e) => { setBackgroundUrl(e.target.value || null); onSave({ backgroundUrl: e.target.value || null }); }},Review live behavior and state/API effect,PARTIAL_CODE_ONLY,apps/frontend/src/components/calendar/CalendarSettingsPanel.tsx:163,Source-inventoried and route rendered; control not individually mutated during safe audit
INT-01421,(shared/component),input,apps/frontend/src/components/calendar/CalendarSettingsPanel.tsx,169,<input,Review live behavior and state/API effect,PARTIAL_CODE_ONLY,apps/frontend/src/components/calendar/CalendarSettingsPanel.tsx:169,Source-inventoried and route rendered; control not individually mutated during safe audit
INT-01422,(shared/component),change-handler,apps/frontend/src/components/calendar/CalendarSettingsPanel.tsx,175,onChange={(e) => { const v = Number(e.target.value); setBackgroundOverlay(v); onSave({ backgroundOverlay: v }); }},Review live behavior and state/API effect,PARTIAL_CODE_ONLY,apps/frontend/src/components/calendar/CalendarSettingsPanel.tsx:175,Source-inventoried and route rendered; control not individually mutated during safe audit
INT-01423,(shared/component),input,apps/frontend/src/components/calendar/CalendarSettingsPanel.tsx,181,<input,Review live behavior and state/API effect,PARTIAL_CODE_ONLY,apps/frontend/src/components/calendar/CalendarSettingsPanel.tsx:181,Source-inventoried and route rendered; control not individually mutated during safe audit
INT-01424,(shared/component),change-handler,apps/frontend/src/components/calendar/CalendarSettingsPanel.tsx,187,onChange={(e) => { const v = Number(e.target.value); setBackgroundBlur(v); onSave({ backgroundBlur: v }); }},Review live behavior and state/API effect,PARTIAL_CODE_ONLY,apps/frontend/src/components/calendar/CalendarSettingsPanel.tsx:187,Source-inventoried and route rendered; control not individually mutated during safe audit
INT-01425,(shared/component),button,apps/frontend/src/components/calendar/CalendarSettingsPanel.tsx,264,<button,Review live behavior and state/API effect,PARTIAL_CODE_ONLY,apps/frontend/src/components/calendar/CalendarSettingsPanel.tsx:264,Source-inventoried and route rendered; control not individually mutated during safe audit
INT-01426,(shared/component),click-handler,apps/frontend/src/components/calendar/CalendarSettingsPanel.tsx,265,onClick={() => syncMutation.mutate()},Review live behavior and state/API effect,PARTIAL_CODE_ONLY,apps/frontend/src/components/calendar/CalendarSettingsPanel.tsx:265,Source-inventoried and route rendered; control not individually mutated during safe audit
INT-01427,(shared/component),input,apps/frontend/src/components/calendar/CalendarSettingsPanel.tsx,282,<input,Review live behavior and state/API effect,PARTIAL_CODE_ONLY,apps/frontend/src/components/calendar/CalendarSettingsPanel.tsx:282,Source-inventoried and route rendered; control not individually mutated during safe audit
INT-01428,(shared/component),change-handler,apps/frontend/src/components/calendar/CalendarSettingsPanel.tsx,285,onChange={() => toggleMutation.mutate(c)},Review live behavior and state/API effect,PARTIAL_CODE_ONLY,apps/frontend/src/components/calendar/CalendarSettingsPanel.tsx:285,Source-inventoried and route rendered; control not individually mutated during safe audit
INT-01429,(shared/component),button,apps/frontend/src/components/calendar/CalendarToolbar.tsx,72,<button,Review live behavior and state/API effect,PARTIAL_CODE_ONLY,apps/frontend/src/components/calendar/CalendarToolbar.tsx:72,Source-inventoried and route rendered; control not individually mutated during safe audit
INT-01430,(shared/component),click-handler,apps/frontend/src/components/calendar/CalendarToolbar.tsx,74,onClick={() => onViewChange(v)},Review live behavior and state/API effect,PARTIAL_CODE_ONLY,apps/frontend/src/components/calendar/CalendarToolbar.tsx:74,Source-inventoried and route rendered; control not individually mutated during safe audit
INT-01431,(shared/component),button,apps/frontend/src/components/calendar/CalendarToolbar.tsx,84,<button,Review live behavior and state/API effect,PARTIAL_CODE_ONLY,apps/frontend/src/components/calendar/CalendarToolbar.tsx:84,Source-inventoried and route rendered; control not individually mutated during safe audit
INT-01432,(shared/component),click-handler,apps/frontend/src/components/calendar/CalendarToolbar.tsx,85,onClick={onSettingsOpen},Review live behavior and state/API effect,PARTIAL_CODE_ONLY,apps/frontend/src/components/calendar/CalendarToolbar.tsx:85,Source-inventoried and route rendered; control not individually mutated during safe audit
INT-01433,(shared/component),button,apps/frontend/src/components/calendar/CalendarToolbar.tsx,90,<button,Review live behavior and state/API effect,PARTIAL_CODE_ONLY,apps/frontend/src/components/calendar/CalendarToolbar.tsx:90,Source-inventoried and route rendered; control not individually mutated during safe audit
INT-01434,(shared/component),click-handler,apps/frontend/src/components/calendar/CalendarToolbar.tsx,91,onClick={onNew},Review live behavior and state/API effect,PARTIAL_CODE_ONLY,apps/frontend/src/components/calendar/CalendarToolbar.tsx:91,Source-inventoried and route rendered; control not individually mutated during safe audit
INT-01435,(shared/component),button,apps/frontend/src/components/calendar/CalendarToolbar.tsx,103,<button,Review live behavior and state/API effect,PARTIAL_CODE_ONLY,apps/frontend/src/components/calendar/CalendarToolbar.tsx:103,Source-inventoried and route rendered; control not individually mutated during safe audit
INT-01436,(shared/component),click-handler,apps/frontend/src/components/calendar/CalendarToolbar.tsx,104,onClick={onPrev},Review live behavior and state/API effect,PARTIAL_CODE_ONLY,apps/frontend/src/components/calendar/CalendarToolbar.tsx:104,Source-inventoried and route rendered; control not individually mutated during safe audit
INT-01437,(shared/component),button,apps/frontend/src/components/calendar/CalendarToolbar.tsx,110,<button,Review live behavior and state/API effect,PARTIAL_CODE_ONLY,apps/frontend/src/components/calendar/CalendarToolbar.tsx:110,Source-inventoried and route rendered; control not individually mutated during safe audit
INT-01438,(shared/component),click-handler,apps/frontend/src/components/calendar/CalendarToolbar.tsx,111,onClick={togglePicker},Review live behavior and state/API effect,PARTIAL_CODE_ONLY,apps/frontend/src/components/calendar/CalendarToolbar.tsx:111,Source-inventoried and route rendered; control not individually mutated during safe audit
INT-01439,(shared/component),button,apps/frontend/src/components/calendar/CalendarToolbar.tsx,118,<button,Review live behavior and state/API effect,PARTIAL_CODE_ONLY,apps/frontend/src/components/calendar/CalendarToolbar.tsx:118,Source-inventoried and route rendered; control not individually mutated during safe audit
INT-01440,(shared/component),click-handler,apps/frontend/src/components/calendar/CalendarToolbar.tsx,119,onClick={onNext},Review live behavior and state/API effect,PARTIAL_CODE_ONLY,apps/frontend/src/components/calendar/CalendarToolbar.tsx:119,Source-inventoried and route rendered; control not individually mutated during safe audit
INT-01441,(shared/component),button,apps/frontend/src/components/calendar/CalendarToolbar.tsx,134,<button,Review live behavior and state/API effect,PARTIAL_CODE_ONLY,apps/frontend/src/components/calendar/CalendarToolbar.tsx:134,Source-inventoried and route rendered; control not individually mutated during safe audit
INT-01442,(shared/component),click-handler,apps/frontend/src/components/calendar/CalendarToolbar.tsx,135,onClick={onToday},Review live behavior and state/API effect,PARTIAL_CODE_ONLY,apps/frontend/src/components/calendar/CalendarToolbar.tsx:135,Source-inventoried and route rendered; control not individually mutated during safe audit
INT-01443,(shared/component),button,apps/frontend/src/components/calendar/CalendarToolbar.tsx,144,<button,Review live behavior and state/API effect,PARTIAL_CODE_ONLY,apps/frontend/src/components/calendar/CalendarToolbar.tsx:144,Source-inventoried and route rendered; control not individually mutated during safe audit
INT-01444,(shared/component),click-handler,apps/frontend/src/components/calendar/CalendarToolbar.tsx,145,onClick={onToday},Review live behavior and state/API effect,PARTIAL_CODE_ONLY,apps/frontend/src/components/calendar/CalendarToolbar.tsx:145,Source-inventoried and route rendered; control not individually mutated during safe audit
INT-01445,(shared/component),button,apps/frontend/src/components/calendar/DayView.tsx,87,<button,Review live behavior and state/API effect,PARTIAL_CODE_ONLY,apps/frontend/src/components/calendar/DayView.tsx:87,Source-inventoried and route rendered; control not individually mutated during safe audit
INT-01446,(shared/component),click-handler,apps/frontend/src/components/calendar/DayView.tsx,89,onClick={(e) => {,Review live behavior and state/API effect,PARTIAL_CODE_ONLY,apps/frontend/src/components/calendar/DayView.tsx:89,Source-inventoried and route rendered; control not individually mutated during safe audit
INT-01447,(shared/component),click-handler,apps/frontend/src/components/calendar/DayView.tsx,107,onClick={(e) => onSlotSelect(slotFromEvent(e))},Review live behavior and state/API effect,PARTIAL_CODE_ONLY,apps/frontend/src/components/calendar/DayView.tsx:107,Source-inventoried and route rendered; control not individually mutated during safe audit
INT-01448,(shared/component),button,apps/frontend/src/components/calendar/DayView.tsx,114,<button,Review live behavior and state/API effect,PARTIAL_CODE_ONLY,apps/frontend/src/components/calendar/DayView.tsx:114,Source-inventoried and route rendered; control not individually mutated during safe audit
INT-01449,(shared/component),click-handler,apps/frontend/src/components/calendar/DayView.tsx,116,onClick={(e) => {,Review live behavior and state/API effect,PARTIAL_CODE_ONLY,apps/frontend/src/components/calendar/DayView.tsx:116,Source-inventoried and route rendered; control not individually mutated during safe audit
INT-01450,(shared/component),button,apps/frontend/src/components/calendar/DayView.tsx,153,"<button onClick={onNew} className=""mt-3 rounded-lg bg-cal-500 px-4 py-2 text-sm font-medium text-bg hover:bg-cal-400"">",Review live behavior and state/API effect,PARTIAL_CODE_ONLY,apps/frontend/src/components/calendar/DayView.tsx:153,Source-inventoried and route rendered; control not individually mutated during safe audit
INT-01451,(shared/component),click-handler,apps/frontend/src/components/calendar/DayView.tsx,153,"<button onClick={onNew} className=""mt-3 rounded-lg bg-cal-500 px-4 py-2 text-sm font-medium text-bg hover:bg-cal-400"">",Review live behavior and state/API effect,PARTIAL_CODE_ONLY,apps/frontend/src/components/calendar/DayView.tsx:153,Source-inventoried and route rendered; control not individually mutated during safe audit
INT-01452,(shared/component),button,apps/frontend/src/components/calendar/DayView.tsx,162,<button,Review live behavior and state/API effect,PARTIAL_CODE_ONLY,apps/frontend/src/components/calendar/DayView.tsx:162,Source-inventoried and route rendered; control not individually mutated during safe audit
INT-01453,(shared/component),click-handler,apps/frontend/src/components/calendar/DayView.tsx,164,onClick={() => onEventClick(ev)},Review live behavior and state/API effect,PARTIAL_CODE_ONLY,apps/frontend/src/components/calendar/DayView.tsx:164,Source-inventoried and route rendered; control not individually mutated during safe audit
INT-01454,(shared/component),click-handler,apps/frontend/src/components/calendar/EventDetailModal.tsx,25,"<div className=""fixed inset-0 z-50 flex items-center justify-center bg-black/50"" onClick={onClose}>",Review live behavior and state/API effect,PARTIAL_CODE_ONLY,apps/frontend/src/components/calendar/EventDetailModal.tsx:25,Source-inventoried and route rendered; control not individually mutated during safe audit
INT-01455,(shared/component),click-handler,apps/frontend/src/components/calendar/EventDetailModal.tsx,28,onClick={(e) => e.stopPropagation()},Review live behavior and state/API effect,PARTIAL_CODE_ONLY,apps/frontend/src/components/calendar/EventDetailModal.tsx:28,Source-inventoried and route rendered; control not individually mutated during safe audit
INT-01456,(shared/component),button,apps/frontend/src/components/calendar/EventDetailModal.tsx,35,"<button onClick={onClose} className=""text-fg-subtle hover:text-fg"" aria-label=""Schließen"">",Review live behavior and state/API effect,PARTIAL_CODE_ONLY,apps/frontend/src/components/calendar/EventDetailModal.tsx:35,Source-inventoried and route rendered; control not individually mutated during safe audit
INT-01457,(shared/component),click-handler,apps/frontend/src/components/calendar/EventDetailModal.tsx,35,"<button onClick={onClose} className=""text-fg-subtle hover:text-fg"" aria-label=""Schließen"">",Review live behavior and state/API effect,PARTIAL_CODE_ONLY,apps/frontend/src/components/calendar/EventDetailModal.tsx:35,Source-inventoried and route rendered; control not individually mutated during safe audit
INT-01458,(shared/component),button,apps/frontend/src/components/calendar/EventDetailModal.tsx,62,<button,Review live behavior and state/API effect,PARTIAL_CODE_ONLY,apps/frontend/src/components/calendar/EventDetailModal.tsx:62,Source-inventoried and route rendered; control not individually mutated during safe audit
INT-01459,(shared/component),click-handler,apps/frontend/src/components/calendar/EventDetailModal.tsx,63,onClick={() => onEdit(event)},Review live behavior and state/API effect,PARTIAL_CODE_ONLY,apps/frontend/src/components/calendar/EventDetailModal.tsx:63,Source-inventoried and route rendered; control not individually mutated during safe audit
INT-01460,(shared/component),button,apps/frontend/src/components/calendar/EventDetailModal.tsx,68,<button,Review live behavior and state/API effect,PARTIAL_CODE_ONLY,apps/frontend/src/components/calendar/EventDetailModal.tsx:68,Source-inventoried and route rendered; control not individually mutated during safe audit
INT-01461,(shared/component),click-handler,apps/frontend/src/components/calendar/EventDetailModal.tsx,69,onClick={() => onDelete(event)},Review live behavior and state/API effect,PARTIAL_CODE_ONLY,apps/frontend/src/components/calendar/EventDetailModal.tsx:69,Source-inventoried and route rendered; control not individually mutated during safe audit
INT-01462,(shared/component),click-handler,apps/frontend/src/components/calendar/EventDialog.tsx,161,"<div className=""fixed inset-0 z-50 flex items-center justify-center bg-black/50"" onClick={onClose}>",Review live behavior and state/API effect,PARTIAL_CODE_ONLY,apps/frontend/src/components/calendar/EventDialog.tsx:161,Source-inventoried and route rendered; control not individually mutated during safe audit
INT-01463,(shared/component),click-handler,apps/frontend/src/components/calendar/EventDialog.tsx,164,onClick={(e) => e.stopPropagation()},Review live behavior and state/API effect,PARTIAL_CODE_ONLY,apps/frontend/src/components/calendar/EventDialog.tsx:164,Source-inventoried and route rendered; control not individually mutated during safe audit
INT-01464,(shared/component),button,apps/frontend/src/components/calendar/EventDialog.tsx,168,"<button onClick={onClose} className=""text-fg-subtle hover:text-fg"" aria-label=""Schließen"">",Review live behavior and state/API effect,PARTIAL_CODE_ONLY,apps/frontend/src/components/calendar/EventDialog.tsx:168,Source-inventoried and route rendered; control not individually mutated during safe audit
INT-01465,(shared/component),click-handler,apps/frontend/src/components/calendar/EventDialog.tsx,168,"<button onClick={onClose} className=""text-fg-subtle hover:text-fg"" aria-label=""Schließen"">",Review live behavior and state/API effect,PARTIAL_CODE_ONLY,apps/frontend/src/components/calendar/EventDialog.tsx:168,Source-inventoried and route rendered; control not individually mutated during safe audit
INT-01466,(shared/component),input,apps/frontend/src/components/calendar/EventDialog.tsx,183,<input,Review live behavior and state/API effect,PARTIAL_CODE_ONLY,apps/frontend/src/components/calendar/EventDialog.tsx:183,Source-inventoried and route rendered; control not individually mutated during safe audit
INT-01467,(shared/component),change-handler,apps/frontend/src/components/calendar/EventDialog.tsx,187,"onChange={(e) => set('title', e.target.value)}",Review live behavior and state/API effect,PARTIAL_CODE_ONLY,apps/frontend/src/components/calendar/EventDialog.tsx:187,Source-inventoried and route rendered; control not individually mutated during safe audit
INT-01468,(shared/component),select,apps/frontend/src/components/calendar/EventDialog.tsx,193,<select,Review live behavior and state/API effect,PARTIAL_CODE_ONLY,apps/frontend/src/components/calendar/EventDialog.tsx:193,Source-inventoried and route rendered; control not individually mutated during safe audit
INT-01469,(shared/component),change-handler,apps/frontend/src/components/calendar/EventDialog.tsx,196,"onChange={(e) => set('calendarId', e.target.value)}",Review live behavior and state/API effect,PARTIAL_CODE_ONLY,apps/frontend/src/components/calendar/EventDialog.tsx:196,Source-inventoried and route rendered; control not individually mutated during safe audit
INT-01470,(shared/component),input,apps/frontend/src/components/calendar/EventDialog.tsx,208,<input,Review live behavior and state/API effect,PARTIAL_CODE_ONLY,apps/frontend/src/components/calendar/EventDialog.tsx:208,Source-inventoried and route rendered; control not individually mutated during safe audit
INT-01471,(shared/component),change-handler,apps/frontend/src/components/calendar/EventDialog.tsx,212,onChange={(e) => toggleAllDay(e.target.checked)},Review live behavior and state/API effect,PARTIAL_CODE_ONLY,apps/frontend/src/components/calendar/EventDialog.tsx:212,Source-inventoried and route rendered; control not individually mutated during safe audit
INT-01472,(shared/component),input,apps/frontend/src/components/calendar/EventDialog.tsx,223,<input,Review live behavior and state/API effect,PARTIAL_CODE_ONLY,apps/frontend/src/components/calendar/EventDialog.tsx:223,Source-inventoried and route rendered; control not individually mutated during safe audit
INT-01473,(shared/component),change-handler,apps/frontend/src/components/calendar/EventDialog.tsx,227,onChange={(e) => handleStartChange(e.target.value)},Review live behavior and state/API effect,PARTIAL_CODE_ONLY,apps/frontend/src/components/calendar/EventDialog.tsx:227,Source-inventoried and route rendered; control not individually mutated during safe audit
INT-01474,(shared/component),input,apps/frontend/src/components/calendar/EventDialog.tsx,232,<input,Review live behavior and state/API effect,PARTIAL_CODE_ONLY,apps/frontend/src/components/calendar/EventDialog.tsx:232,Source-inventoried and route rendered; control not individually mutated during safe audit
INT-01475,(shared/component),change-handler,apps/frontend/src/components/calendar/EventDialog.tsx,236,onChange={(e) => handleEndChange(e.target.value)},Review live behavior and state/API effect,PARTIAL_CODE_ONLY,apps/frontend/src/components/calendar/EventDialog.tsx:236,Source-inventoried and route rendered; control not individually mutated during safe audit
INT-01476,(shared/component),input,apps/frontend/src/components/calendar/EventDialog.tsx,243,<input,Review live behavior and state/API effect,PARTIAL_CODE_ONLY,apps/frontend/src/components/calendar/EventDialog.tsx:243,Source-inventoried and route rendered; control not individually mutated during safe audit
INT-01477,(shared/component),change-handler,apps/frontend/src/components/calendar/EventDialog.tsx,247,"onChange={(e) => set('location', e.target.value)}",Review live behavior and state/API effect,PARTIAL_CODE_ONLY,apps/frontend/src/components/calendar/EventDialog.tsx:247,Source-inventoried and route rendered; control not individually mutated during safe audit
INT-01478,(shared/component),textarea,apps/frontend/src/components/calendar/EventDialog.tsx,253,<textarea,Review live behavior and state/API effect,PARTIAL_CODE_ONLY,apps/frontend/src/components/calendar/EventDialog.tsx:253,Source-inventoried and route rendered; control not individually mutated during safe audit
INT-01479,(shared/component),change-handler,apps/frontend/src/components/calendar/EventDialog.tsx,257,"onChange={(e) => set('description', e.target.value)}",Review live behavior and state/API effect,PARTIAL_CODE_ONLY,apps/frontend/src/components/calendar/EventDialog.tsx:257,Source-inventoried and route rendered; control not individually mutated during safe audit
INT-01480,(shared/component),select,apps/frontend/src/components/calendar/EventDialog.tsx,264,<select,Review live behavior and state/API effect,PARTIAL_CODE_ONLY,apps/frontend/src/components/calendar/EventDialog.tsx:264,Source-inventoried and route rendered; control not individually mutated during safe audit
INT-01481,(shared/component),change-handler,apps/frontend/src/components/calendar/EventDialog.tsx,267,"onChange={(e) => set('category', e.target.value)}",Review live behavior and state/API effect,PARTIAL_CODE_ONLY,apps/frontend/src/components/calendar/EventDialog.tsx:267,Source-inventoried and route rendered; control not individually mutated during safe audit
INT-01482,(shared/component),button,apps/frontend/src/components/calendar/EventDialog.tsx,281,<button,Review live behavior and state/API effect,PARTIAL_CODE_ONLY,apps/frontend/src/components/calendar/EventDialog.tsx:281,Source-inventoried and route rendered; control not individually mutated during safe audit
INT-01483,(shared/component),click-handler,apps/frontend/src/components/calendar/EventDialog.tsx,283,"onClick={() => set('color', form.color === c ? '' : c)}",Review live behavior and state/API effect,PARTIAL_CODE_ONLY,apps/frontend/src/components/calendar/EventDialog.tsx:283,Source-inventoried and route rendered; control not individually mutated during safe audit
INT-01484,(shared/component),button,apps/frontend/src/components/calendar/EventDialog.tsx,301,<button,Review live behavior and state/API effect,PARTIAL_CODE_ONLY,apps/frontend/src/components/calendar/EventDialog.tsx:301,Source-inventoried and route rendered; control not individually mutated during safe audit
INT-01485,(shared/component),click-handler,apps/frontend/src/components/calendar/EventDialog.tsx,302,onClick={onClose},Review live behavior and state/API effect,PARTIAL_CODE_ONLY,apps/frontend/src/components/calendar/EventDialog.tsx:302,Source-inventoried and route rendered; control not individually mutated during safe audit
INT-01486,(shared/component),button,apps/frontend/src/components/calendar/EventDialog.tsx,307,<button,Review live behavior and state/API effect,PARTIAL_CODE_ONLY,apps/frontend/src/components/calendar/EventDialog.tsx:307,Source-inventoried and route rendered; control not individually mutated during safe audit
INT-01487,(shared/component),click-handler,apps/frontend/src/components/calendar/EventDialog.tsx,308,onClick={() => mutation.mutate()},Review live behavior and state/API effect,PARTIAL_CODE_ONLY,apps/frontend/src/components/calendar/EventDialog.tsx:308,Source-inventoried and route rendered; control not individually mutated during safe audit
INT-01488,(shared/component),click-handler,apps/frontend/src/components/calendar/MonthPickerPopover.tsx,67,"<div className=""fixed inset-0 z-40"" onClick={onClose} aria-hidden=""true"" />",Review live behavior and state/API effect,PARTIAL_CODE_ONLY,apps/frontend/src/components/calendar/MonthPickerPopover.tsx:67,Source-inventoried and route rendered; control not individually mutated during safe audit
INT-01489,(shared/component),button,apps/frontend/src/components/calendar/MonthPickerPopover.tsx,75,<button,Review live behavior and state/API effect,PARTIAL_CODE_ONLY,apps/frontend/src/components/calendar/MonthPickerPopover.tsx:75,Source-inventoried and route rendered; control not individually mutated during safe audit
INT-01490,(shared/component),click-handler,apps/frontend/src/components/calendar/MonthPickerPopover.tsx,76,onClick={() => onYearChange(year - 1)},Review live behavior and state/API effect,PARTIAL_CODE_ONLY,apps/frontend/src/components/calendar/MonthPickerPopover.tsx:76,Source-inventoried and route rendered; control not individually mutated during safe audit
INT-01491,(shared/component),button,apps/frontend/src/components/calendar/MonthPickerPopover.tsx,83,<button,Review live behavior and state/API effect,PARTIAL_CODE_ONLY,apps/frontend/src/components/calendar/MonthPickerPopover.tsx:83,Source-inventoried and route rendered; control not individually mutated during safe audit
INT-01492,(shared/component),click-handler,apps/frontend/src/components/calendar/MonthPickerPopover.tsx,84,onClick={() => onYearChange(year + 1)},Review live behavior and state/API effect,PARTIAL_CODE_ONLY,apps/frontend/src/components/calendar/MonthPickerPopover.tsx:84,Source-inventoried and route rendered; control not individually mutated during safe audit
INT-01493,(shared/component),button,apps/frontend/src/components/calendar/MonthPickerPopover.tsx,98,<button,Review live behavior and state/API effect,PARTIAL_CODE_ONLY,apps/frontend/src/components/calendar/MonthPickerPopover.tsx:98,Source-inventoried and route rendered; control not individually mutated during safe audit
INT-01494,(shared/component),click-handler,apps/frontend/src/components/calendar/MonthPickerPopover.tsx,100,onClick={() => handleSelect(i)},Review live behavior and state/API effect,PARTIAL_CODE_ONLY,apps/frontend/src/components/calendar/MonthPickerPopover.tsx:100,Source-inventoried and route rendered; control not individually mutated during safe audit
INT-01495,(shared/component),button,apps/frontend/src/components/calendar/MonthPickerPopover.tsx,113,<button,Review live behavior and state/API effect,PARTIAL_CODE_ONLY,apps/frontend/src/components/calendar/MonthPickerPopover.tsx:113,Source-inventoried and route rendered; control not individually mutated during safe audit
INT-01496,(shared/component),click-handler,apps/frontend/src/components/calendar/MonthPickerPopover.tsx,114,onClick={handleToday},Review live behavior and state/API effect,PARTIAL_CODE_ONLY,apps/frontend/src/components/calendar/MonthPickerPopover.tsx:114,Source-inventoried and route rendered; control not individually mutated during safe audit
INT-01497,(shared/component),click-handler,apps/frontend/src/components/calendar/MonthView.tsx,74,onClick={() => onCellClick(cell.date)},Review live behavior and state/API effect,PARTIAL_CODE_ONLY,apps/frontend/src/components/calendar/MonthView.tsx:74,Source-inventoried and route rendered; control not individually mutated during safe audit
INT-01498,(shared/component),button,apps/frontend/src/components/calendar/MonthView.tsx,92,<button,Review live behavior and state/API effect,PARTIAL_CODE_ONLY,apps/frontend/src/components/calendar/MonthView.tsx:92,Source-inventoried and route rendered; control not individually mutated during safe audit
INT-01499,(shared/component),click-handler,apps/frontend/src/components/calendar/MonthView.tsx,94,onClick={(e) => {,Review live behavior and state/API effect,PARTIAL_CODE_ONLY,apps/frontend/src/components/calendar/MonthView.tsx:94,Source-inventoried and route rendered; control not individually mutated during safe audit
INT-01500,(shared/component),button,apps/frontend/src/components/calendar/WeekView.tsx,90,<button,Review live behavior and state/API effect,PARTIAL_CODE_ONLY,apps/frontend/src/components/calendar/WeekView.tsx:90,Source-inventoried and route rendered; control not individually mutated during safe audit
INT-01501,(shared/component),click-handler,apps/frontend/src/components/calendar/WeekView.tsx,92,onClick={(e) => {,Review live behavior and state/API effect,PARTIAL_CODE_ONLY,apps/frontend/src/components/calendar/WeekView.tsx:92,Source-inventoried and route rendered; control not individually mutated during safe audit
INT-01502,(shared/component),click-handler,apps/frontend/src/components/calendar/WeekView.tsx,116,"onClick={(e) => onSlotSelect(slotFromEvent(e, d.date))}",Review live behavior and state/API effect,PARTIAL_CODE_ONLY,apps/frontend/src/components/calendar/WeekView.tsx:116,Source-inventoried and route rendered; control not individually mutated during safe audit
INT-01503,(shared/component),button,apps/frontend/src/components/calendar/WeekView.tsx,124,<button,Review live behavior and state/API effect,PARTIAL_CODE_ONLY,apps/frontend/src/components/calendar/WeekView.tsx:124,Source-inventoried and route rendered; control not individually mutated during safe audit
INT-01504,(shared/component),click-handler,apps/frontend/src/components/calendar/WeekView.tsx,126,onClick={(e) => {,Review live behavior and state/API effect,PARTIAL_CODE_ONLY,apps/frontend/src/components/calendar/WeekView.tsx:126,Source-inventoried and route rendered; control not individually mutated during safe audit
INT-01505,(shared/component),drag-handler,apps/frontend/src/components/dashboard/dashboard-grid.tsx,79,onDragOver={editMode ? handleDragOver : undefined},Review live behavior and state/API effect,PARTIAL_CODE_ONLY,apps/frontend/src/components/dashboard/dashboard-grid.tsx:79,Source-inventoried and route rendered; control not individually mutated during safe audit
INT-01506,(shared/component),drag-handler,apps/frontend/src/components/dashboard/dashboard-grid.tsx,114,onDragStart={editMode ? handleDragStart : undefined},Review live behavior and state/API effect,PARTIAL_CODE_ONLY,apps/frontend/src/components/dashboard/dashboard-grid.tsx:114,Source-inventoried and route rendered; control not individually mutated during safe audit
INT-01507,(shared/component),drag-handler,apps/frontend/src/components/dashboard/dashboard-grid.tsx,115,onDragEnd={editMode ? handleDragEnd : undefined},Review live behavior and state/API effect,PARTIAL_CODE_ONLY,apps/frontend/src/components/dashboard/dashboard-grid.tsx:115,Source-inventoried and route rendered; control not individually mutated during safe audit
INT-01508,(shared/component),drag-handler,apps/frontend/src/components/dashboard/dashboard-widget.tsx,106,"onDragStart={editMode && onDragStart ? (e) => onDragStart(e, widget) : undefined}",Review live behavior and state/API effect,PARTIAL_CODE_ONLY,apps/frontend/src/components/dashboard/dashboard-widget.tsx:106,Source-inventoried and route rendered; control not individually mutated during safe audit
INT-01509,(shared/component),drag-handler,apps/frontend/src/components/dashboard/dashboard-widget.tsx,107,onDragEnd={editMode ? onDragEnd : undefined},Review live behavior and state/API effect,PARTIAL_CODE_ONLY,apps/frontend/src/components/dashboard/dashboard-widget.tsx:107,Source-inventoried and route rendered; control not individually mutated during safe audit
INT-01510,(shared/component),button,apps/frontend/src/components/dashboard/widget-add-button.tsx,29,<button,Review live behavior and state/API effect,PARTIAL_CODE_ONLY,apps/frontend/src/components/dashboard/widget-add-button.tsx:29,Source-inventoried and route rendered; control not individually mutated during safe audit
INT-01511,(shared/component),click-handler,apps/frontend/src/components/dashboard/widget-add-button.tsx,30,onClick={() => setOpen(!open)},Review live behavior and state/API effect,PARTIAL_CODE_ONLY,apps/frontend/src/components/dashboard/widget-add-button.tsx:30,Source-inventoried and route rendered; control not individually mutated during safe audit
INT-01512,(shared/component),button,apps/frontend/src/components/dashboard/widget-add-button.tsx,54,<button,Review live behavior and state/API effect,PARTIAL_CODE_ONLY,apps/frontend/src/components/dashboard/widget-add-button.tsx:54,Source-inventoried and route rendered; control not individually mutated during safe audit
INT-01513,(shared/component),click-handler,apps/frontend/src/components/dashboard/widget-add-button.tsx,56,onClick={() => {,Review live behavior and state/API effect,PARTIAL_CODE_ONLY,apps/frontend/src/components/dashboard/widget-add-button.tsx:56,Source-inventoried and route rendered; control not individually mutated during safe audit
INT-01514,(shared/component),button,apps/frontend/src/components/dashboard/widget-content.tsx,105,<button,Review live behavior and state/API effect,PARTIAL_CODE_ONLY,apps/frontend/src/components/dashboard/widget-content.tsx:105,Source-inventoried and route rendered; control not individually mutated during safe audit
INT-01515,(shared/component),click-handler,apps/frontend/src/components/dashboard/widget-content.tsx,106,onClick={onClose},Review live behavior and state/API effect,PARTIAL_CODE_ONLY,apps/frontend/src/components/dashboard/widget-content.tsx:106,Source-inventoried and route rendered; control not individually mutated during safe audit
INT-01516,(shared/component),input,apps/frontend/src/components/dashboard/widget-content.tsx,132,<input,Review live behavior and state/API effect,PARTIAL_CODE_ONLY,apps/frontend/src/components/dashboard/widget-content.tsx:132,Source-inventoried and route rendered; control not individually mutated during safe audit
INT-01517,(shared/component),change-handler,apps/frontend/src/components/dashboard/widget-content.tsx,136,"onChange={() => onChange({ ...config, weekStart: day })}",Review live behavior and state/API effect,PARTIAL_CODE_ONLY,apps/frontend/src/components/dashboard/widget-content.tsx:136,Source-inventoried and route rendered; control not individually mutated during safe audit
INT-01518,(shared/component),input,apps/frontend/src/components/dashboard/widget-content.tsx,145,<input,Review live behavior and state/API effect,PARTIAL_CODE_ONLY,apps/frontend/src/components/dashboard/widget-content.tsx:145,Source-inventoried and route rendered; control not individually mutated during safe audit
INT-01519,(shared/component),change-handler,apps/frontend/src/components/dashboard/widget-content.tsx,148,"onChange={(e) => onChange({ ...config, showWeekNumbers: e.target.checked })}",Review live behavior and state/API effect,PARTIAL_CODE_ONLY,apps/frontend/src/components/dashboard/widget-content.tsx:148,Source-inventoried and route rendered; control not individually mutated during safe audit
INT-01520,(shared/component),button,apps/frontend/src/components/dashboard/widget-content.tsx,221,<button,Review live behavior and state/API effect,PARTIAL_CODE_ONLY,apps/frontend/src/components/dashboard/widget-content.tsx:221,Source-inventoried and route rendered; control not individually mutated during safe audit
INT-01521,(shared/component),click-handler,apps/frontend/src/components/dashboard/widget-content.tsx,222,"onClick={() => onChange({ ...config, activeLocationIndex: i })}",Review live behavior and state/API effect,PARTIAL_CODE_ONLY,apps/frontend/src/components/dashboard/widget-content.tsx:222,Source-inventoried and route rendered; control not individually mutated during safe audit
INT-01522,(shared/component),button,apps/frontend/src/components/dashboard/widget-content.tsx,231,<button,Review live behavior and state/API effect,PARTIAL_CODE_ONLY,apps/frontend/src/components/dashboard/widget-content.tsx:231,Source-inventoried and route rendered; control not individually mutated during safe audit
INT-01523,(shared/component),click-handler,apps/frontend/src/components/dashboard/widget-content.tsx,232,onClick={() => removeLocation(i)},Review live behavior and state/API effect,PARTIAL_CODE_ONLY,apps/frontend/src/components/dashboard/widget-content.tsx:232,Source-inventoried and route rendered; control not individually mutated during safe audit
INT-01524,(shared/component),input,apps/frontend/src/components/dashboard/widget-content.tsx,246,<input,Review live behavior and state/API effect,PARTIAL_CODE_ONLY,apps/frontend/src/components/dashboard/widget-content.tsx:246,Source-inventoried and route rendered; control not individually mutated during safe audit
INT-01525,(shared/component),change-handler,apps/frontend/src/components/dashboard/widget-content.tsx,248,onChange={(e) => { setQuery(e.target.value); setResults(null); setSearched(false); }},Review live behavior and state/API effect,PARTIAL_CODE_ONLY,apps/frontend/src/components/dashboard/widget-content.tsx:248,Source-inventoried and route rendered; control not individually mutated during safe audit
INT-01526,(shared/component),keyboard-handler,apps/frontend/src/components/dashboard/widget-content.tsx,249,onKeyDown={(e) => e.key === 'Enter' && searchCity()},Review live behavior and state/API effect,PARTIAL_CODE_ONLY,apps/frontend/src/components/dashboard/widget-content.tsx:249,Source-inventoried and route rendered; control not individually mutated during safe audit
INT-01527,(shared/component),button,apps/frontend/src/components/dashboard/widget-content.tsx,253,<button,Review live behavior and state/API effect,PARTIAL_CODE_ONLY,apps/frontend/src/components/dashboard/widget-content.tsx:253,Source-inventoried and route rendered; control not individually mutated during safe audit
INT-01528,(shared/component),click-handler,apps/frontend/src/components/dashboard/widget-content.tsx,254,onClick={searchCity},Review live behavior and state/API effect,PARTIAL_CODE_ONLY,apps/frontend/src/components/dashboard/widget-content.tsx:254,Source-inventoried and route rendered; control not individually mutated during safe audit
INT-01529,(shared/component),button,apps/frontend/src/components/dashboard/widget-content.tsx,271,<button,Review live behavior and state/API effect,PARTIAL_CODE_ONLY,apps/frontend/src/components/dashboard/widget-content.tsx:271,Source-inventoried and route rendered; control not individually mutated during safe audit
INT-01530,(shared/component),click-handler,apps/frontend/src/components/dashboard/widget-content.tsx,273,onClick={() => addLocation(r)},Review live behavior and state/API effect,PARTIAL_CODE_ONLY,apps/frontend/src/components/dashboard/widget-content.tsx:273,Source-inventoried and route rendered; control not individually mutated during safe audit
INT-01531,(shared/component),input,apps/frontend/src/components/dashboard/widget-content.tsx,319,<input,Review live behavior and state/API effect,PARTIAL_CODE_ONLY,apps/frontend/src/components/dashboard/widget-content.tsx:319,Source-inventoried and route rendered; control not individually mutated during safe audit
INT-01532,(shared/component),change-handler,apps/frontend/src/components/dashboard/widget-content.tsx,322,onChange={() => toggleAlbum(album.id)},Review live behavior and state/API effect,PARTIAL_CODE_ONLY,apps/frontend/src/components/dashboard/widget-content.tsx:322,Source-inventoried and route rendered; control not individually mutated during safe audit
INT-01533,(shared/component),input,apps/frontend/src/components/dashboard/widget-content.tsx,336,<input,Review live behavior and state/API effect,PARTIAL_CODE_ONLY,apps/frontend/src/components/dashboard/widget-content.tsx:336,Source-inventoried and route rendered; control not individually mutated during safe audit
INT-01534,(shared/component),change-handler,apps/frontend/src/components/dashboard/widget-content.tsx,342,"onChange={(e) => onChange({ ...config, slideshowInterval: Number(e.target.value) })}",Review live behavior and state/API effect,PARTIAL_CODE_ONLY,apps/frontend/src/components/dashboard/widget-content.tsx:342,Source-inventoried and route rendered; control not individually mutated during safe audit
INT-01535,(shared/component),change-handler,apps/frontend/src/components/dashboard/widget-content.tsx,365,return <CalendarSettings config={config as CalendarConfig} onChange={onConfigChange} />;,Review live behavior and state/API effect,PARTIAL_CODE_ONLY,apps/frontend/src/components/dashboard/widget-content.tsx:365,Source-inventoried and route rendered; control not individually mutated during safe audit
INT-01536,(shared/component),change-handler,apps/frontend/src/components/dashboard/widget-content.tsx,367,return <WeatherSettings config={config as WeatherConfig} onChange={onConfigChange} />;,Review live behavior and state/API effect,PARTIAL_CODE_ONLY,apps/frontend/src/components/dashboard/widget-content.tsx:367,Source-inventoried and route rendered; control not individually mutated during safe audit
INT-01537,(shared/component),change-handler,apps/frontend/src/components/dashboard/widget-content.tsx,369,return <MediaSettings config={config as MediaConfig} onChange={onConfigChange} />;,Review live behavior and state/API effect,PARTIAL_CODE_ONLY,apps/frontend/src/components/dashboard/widget-content.tsx:369,Source-inventoried and route rendered; control not individually mutated during safe audit
INT-01538,(shared/component),click-handler,apps/frontend/src/components/dashboard/widget-content.tsx,490,"<div className=""text-xs cursor-pointer"" onClick={onNavigate}>",Review live behavior and state/API effect,PARTIAL_CODE_ONLY,apps/frontend/src/components/dashboard/widget-content.tsx:490,Source-inventoried and route rendered; control not individually mutated during safe audit
INT-01539,(shared/component),click-handler,apps/frontend/src/components/dashboard/widget-content.tsx,544,onClick={(e) => e.stopPropagation()},Review live behavior and state/API effect,PARTIAL_CODE_ONLY,apps/frontend/src/components/dashboard/widget-content.tsx:544,Source-inventoried and route rendered; control not individually mutated during safe audit
INT-01540,(shared/component),button,apps/frontend/src/components/dashboard/widget-content.tsx,552,<button,Review live behavior and state/API effect,PARTIAL_CODE_ONLY,apps/frontend/src/components/dashboard/widget-content.tsx:552,Source-inventoried and route rendered; control not individually mutated during safe audit
INT-01541,(shared/component),click-handler,apps/frontend/src/components/dashboard/widget-content.tsx,554,onClick={(e) => { e.stopPropagation(); setDetailEvent(ev); }},Review live behavior and state/API effect,PARTIAL_CODE_ONLY,apps/frontend/src/components/dashboard/widget-content.tsx:554,Source-inventoried and route rendered; control not individually mutated during safe audit
INT-01542,(shared/component),button,apps/frontend/src/components/dashboard/widget-content.tsx,647,<button,Review live behavior and state/API effect,PARTIAL_CODE_ONLY,apps/frontend/src/components/dashboard/widget-content.tsx:647,Source-inventoried and route rendered; control not individually mutated during safe audit
INT-01543,(shared/component),click-handler,apps/frontend/src/components/dashboard/widget-content.tsx,648,"onClick={() => onConfigChange({ ...config, expanded: !config.expanded })}",Review live behavior and state/API effect,PARTIAL_CODE_ONLY,apps/frontend/src/components/dashboard/widget-content.tsx:648,Source-inventoried and route rendered; control not individually mutated during safe audit
INT-01544,(shared/component),button,apps/frontend/src/components/dashboard/widget-content.tsx,773,<button,Review live behavior and state/API effect,PARTIAL_CODE_ONLY,apps/frontend/src/components/dashboard/widget-content.tsx:773,Source-inventoried and route rendered; control not individually mutated during safe audit
INT-01545,(shared/component),click-handler,apps/frontend/src/components/dashboard/widget-content.tsx,774,onClick={() => { setPaused(true); setCurrentIndex((prev) => (prev - 1 + total) % total); }},Review live behavior and state/API effect,PARTIAL_CODE_ONLY,apps/frontend/src/components/dashboard/widget-content.tsx:774,Source-inventoried and route rendered; control not individually mutated during safe audit
INT-01546,(shared/component),button,apps/frontend/src/components/dashboard/widget-content.tsx,779,<button,Review live behavior and state/API effect,PARTIAL_CODE_ONLY,apps/frontend/src/components/dashboard/widget-content.tsx:779,Source-inventoried and route rendered; control not individually mutated during safe audit
INT-01547,(shared/component),click-handler,apps/frontend/src/components/dashboard/widget-content.tsx,780,onClick={() => { setPaused(true); setCurrentIndex((prev) => (prev + 1) % total); }},Review live behavior and state/API effect,PARTIAL_CODE_ONLY,apps/frontend/src/components/dashboard/widget-content.tsx:780,Source-inventoried and route rendered; control not individually mutated during safe audit
INT-01548,(shared/component),button,apps/frontend/src/components/dashboard/widget-content.tsx,795,<button,Review live behavior and state/API effect,PARTIAL_CODE_ONLY,apps/frontend/src/components/dashboard/widget-content.tsx:795,Source-inventoried and route rendered; control not individually mutated during safe audit
INT-01549,(shared/component),click-handler,apps/frontend/src/components/dashboard/widget-content.tsx,796,onClick={() => setPaused(!paused)},Review live behavior and state/API effect,PARTIAL_CODE_ONLY,apps/frontend/src/components/dashboard/widget-content.tsx:796,Source-inventoried and route rendered; control not individually mutated during safe audit
INT-01550,(shared/component),click-handler,apps/frontend/src/components/dashboard/widget-editor-dialog.tsx,40,onClick={onClose},Review live behavior and state/API effect,PARTIAL_CODE_ONLY,apps/frontend/src/components/dashboard/widget-editor-dialog.tsx:40,Source-inventoried and route rendered; control not individually mutated during safe audit
INT-01551,(shared/component),click-handler,apps/frontend/src/components/dashboard/widget-editor-dialog.tsx,47,onClick={(e) => e.stopPropagation()},Review live behavior and state/API effect,PARTIAL_CODE_ONLY,apps/frontend/src/components/dashboard/widget-editor-dialog.tsx:47,Source-inventoried and route rendered; control not individually mutated during safe audit
INT-01552,(shared/component),button,apps/frontend/src/components/dashboard/widget-editor-dialog.tsx,51,"<button onClick={onClose} aria-label=""Schließen""",Review live behavior and state/API effect,PARTIAL_CODE_ONLY,apps/frontend/src/components/dashboard/widget-editor-dialog.tsx:51,Source-inventoried and route rendered; control not individually mutated during safe audit
INT-01553,(shared/component),click-handler,apps/frontend/src/components/dashboard/widget-editor-dialog.tsx,51,"<button onClick={onClose} aria-label=""Schließen""",Review live behavior and state/API effect,PARTIAL_CODE_ONLY,apps/frontend/src/components/dashboard/widget-editor-dialog.tsx:51,Source-inventoried and route rendered; control not individually mutated during safe audit
INT-01554,(shared/component),button,apps/frontend/src/components/dashboard/widget-editor-dialog.tsx,65,<button,Review live behavior and state/API effect,PARTIAL_CODE_ONLY,apps/frontend/src/components/dashboard/widget-editor-dialog.tsx:65,Source-inventoried and route rendered; control not individually mutated during safe audit
INT-01555,(shared/component),click-handler,apps/frontend/src/components/dashboard/widget-editor-dialog.tsx,66,onClick={() => {,Review live behavior and state/API effect,PARTIAL_CODE_ONLY,apps/frontend/src/components/dashboard/widget-editor-dialog.tsx:66,Source-inventoried and route rendered; control not individually mutated during safe audit
INT-01556,(shared/component),button,apps/frontend/src/components/dashboard/widget-editor-dialog.tsx,76,<button,Review live behavior and state/API effect,PARTIAL_CODE_ONLY,apps/frontend/src/components/dashboard/widget-editor-dialog.tsx:76,Source-inventoried and route rendered; control not individually mutated during safe audit
INT-01557,(shared/component),click-handler,apps/frontend/src/components/dashboard/widget-editor-dialog.tsx,77,"onClick={() => onReorder(move(widgets, i, i - 1))}",Review live behavior and state/API effect,PARTIAL_CODE_ONLY,apps/frontend/src/components/dashboard/widget-editor-dialog.tsx:77,Source-inventoried and route rendered; control not individually mutated during safe audit
INT-01558,(shared/component),button,apps/frontend/src/components/dashboard/widget-editor-dialog.tsx,84,<button,Review live behavior and state/API effect,PARTIAL_CODE_ONLY,apps/frontend/src/components/dashboard/widget-editor-dialog.tsx:84,Source-inventoried and route rendered; control not individually mutated during safe audit
INT-01559,(shared/component),click-handler,apps/frontend/src/components/dashboard/widget-editor-dialog.tsx,85,"onClick={() => onReorder(move(widgets, i, i + 1))}",Review live behavior and state/API effect,PARTIAL_CODE_ONLY,apps/frontend/src/components/dashboard/widget-editor-dialog.tsx:85,Source-inventoried and route rendered; control not individually mutated during safe audit
INT-01560,(shared/component),button,apps/frontend/src/components/dashboard/widget-editor-dialog.tsx,92,<button,Review live behavior and state/API effect,PARTIAL_CODE_ONLY,apps/frontend/src/components/dashboard/widget-editor-dialog.tsx:92,Source-inventoried and route rendered; control not individually mutated during safe audit
INT-01561,(shared/component),click-handler,apps/frontend/src/components/dashboard/widget-editor-dialog.tsx,93,onClick={() => onDelete(w.id)},Review live behavior and state/API effect,PARTIAL_CODE_ONLY,apps/frontend/src/components/dashboard/widget-editor-dialog.tsx:93,Source-inventoried and route rendered; control not individually mutated during safe audit
INT-01562,(shared/component),button,apps/frontend/src/components/dashboard/widget-editor-dialog.tsx,105,<button,Review live behavior and state/API effect,PARTIAL_CODE_ONLY,apps/frontend/src/components/dashboard/widget-editor-dialog.tsx:105,Source-inventoried and route rendered; control not individually mutated during safe audit
INT-01563,(shared/component),click-handler,apps/frontend/src/components/dashboard/widget-editor-dialog.tsx,107,onClick={() => onAdd(t)},Review live behavior and state/API effect,PARTIAL_CODE_ONLY,apps/frontend/src/components/dashboard/widget-editor-dialog.tsx:107,Source-inventoried and route rendered; control not individually mutated during safe audit
INT-01564,(shared/component),button,apps/frontend/src/components/dashboard/widget-editor-dialog.tsx,114,<button,Review live behavior and state/API effect,PARTIAL_CODE_ONLY,apps/frontend/src/components/dashboard/widget-editor-dialog.tsx:114,Source-inventoried and route rendered; control not individually mutated during safe audit
INT-01565,(shared/component),click-handler,apps/frontend/src/components/dashboard/widget-editor-dialog.tsx,115,onClick={onReset},Review live behavior and state/API effect,PARTIAL_CODE_ONLY,apps/frontend/src/components/dashboard/widget-editor-dialog.tsx:115,Source-inventoried and route rendered; control not individually mutated during safe audit
INT-01566,(shared/component),button,apps/frontend/src/components/dashboard/widget-header.tsx,19,<button,Review live behavior and state/API effect,PARTIAL_CODE_ONLY,apps/frontend/src/components/dashboard/widget-header.tsx:19,Source-inventoried and route rendered; control not individually mutated during safe audit
INT-01567,(shared/component),button,apps/frontend/src/components/dashboard/widget-header.tsx,41,<button,Review live behavior and state/API effect,PARTIAL_CODE_ONLY,apps/frontend/src/components/dashboard/widget-header.tsx:41,Source-inventoried and route rendered; control not individually mutated during safe audit
INT-01568,(shared/component),click-handler,apps/frontend/src/components/dashboard/widget-header.tsx,42,onClick={() => onSettingsOpen(widget.id)},Review live behavior and state/API effect,PARTIAL_CODE_ONLY,apps/frontend/src/components/dashboard/widget-header.tsx:42,Source-inventoried and route rendered; control not individually mutated during safe audit
INT-01569,(shared/component),button,apps/frontend/src/components/dashboard/widget-header.tsx,55,<button,Review live behavior and state/API effect,PARTIAL_CODE_ONLY,apps/frontend/src/components/dashboard/widget-header.tsx:55,Source-inventoried and route rendered; control not individually mutated during safe audit
INT-01570,(shared/component),click-handler,apps/frontend/src/components/dashboard/widget-header.tsx,56,onClick={() => onDelete(widget.id)},Review live behavior and state/API effect,PARTIAL_CODE_ONLY,apps/frontend/src/components/dashboard/widget-header.tsx:56,Source-inventoried and route rendered; control not individually mutated during safe audit
INT-01571,(shared/component),button,apps/frontend/src/components/email/ComposeDialog.tsx,118,<button,Review live behavior and state/API effect,PARTIAL_CODE_ONLY,apps/frontend/src/components/email/ComposeDialog.tsx:118,Source-inventoried and route rendered; control not individually mutated during safe audit
INT-01572,(shared/component),click-handler,apps/frontend/src/components/email/ComposeDialog.tsx,119,onClick={onClose},Review live behavior and state/API effect,PARTIAL_CODE_ONLY,apps/frontend/src/components/email/ComposeDialog.tsx:119,Source-inventoried and route rendered; control not individually mutated during safe audit
INT-01573,(shared/component),input,apps/frontend/src/components/email/ComposeDialog.tsx,130,<input,Review live behavior and state/API effect,PARTIAL_CODE_ONLY,apps/frontend/src/components/email/ComposeDialog.tsx:130,Source-inventoried and route rendered; control not individually mutated during safe audit
INT-01574,(shared/component),change-handler,apps/frontend/src/components/email/ComposeDialog.tsx,133,onChange={(e) => setTo(e.target.value)},Review live behavior and state/API effect,PARTIAL_CODE_ONLY,apps/frontend/src/components/email/ComposeDialog.tsx:133,Source-inventoried and route rendered; control not individually mutated during safe audit
INT-01575,(shared/component),button,apps/frontend/src/components/email/ComposeDialog.tsx,140,"<button onClick={() => setShowCc(true)} className=""text-xs text-fg-subtle hover:text-brand-500"">",Review live behavior and state/API effect,PARTIAL_CODE_ONLY,apps/frontend/src/components/email/ComposeDialog.tsx:140,Source-inventoried and route rendered; control not individually mutated during safe audit
INT-01576,(shared/component),click-handler,apps/frontend/src/components/email/ComposeDialog.tsx,140,"<button onClick={() => setShowCc(true)} className=""text-xs text-fg-subtle hover:text-brand-500"">",Review live behavior and state/API effect,PARTIAL_CODE_ONLY,apps/frontend/src/components/email/ComposeDialog.tsx:140,Source-inventoried and route rendered; control not individually mutated during safe audit
INT-01577,(shared/component),button,apps/frontend/src/components/email/ComposeDialog.tsx,145,"<button onClick={() => setShowBcc(true)} className=""text-xs text-fg-subtle hover:text-brand-500"">",Review live behavior and state/API effect,PARTIAL_CODE_ONLY,apps/frontend/src/components/email/ComposeDialog.tsx:145,Source-inventoried and route rendered; control not individually mutated during safe audit
INT-01578,(shared/component),click-handler,apps/frontend/src/components/email/ComposeDialog.tsx,145,"<button onClick={() => setShowBcc(true)} className=""text-xs text-fg-subtle hover:text-brand-500"">",Review live behavior and state/API effect,PARTIAL_CODE_ONLY,apps/frontend/src/components/email/ComposeDialog.tsx:145,Source-inventoried and route rendered; control not individually mutated during safe audit
INT-01579,(shared/component),input,apps/frontend/src/components/email/ComposeDialog.tsx,152,<input,Review live behavior and state/API effect,PARTIAL_CODE_ONLY,apps/frontend/src/components/email/ComposeDialog.tsx:152,Source-inventoried and route rendered; control not individually mutated during safe audit
INT-01580,(shared/component),change-handler,apps/frontend/src/components/email/ComposeDialog.tsx,155,onChange={(e) => setCc(e.target.value)},Review live behavior and state/API effect,PARTIAL_CODE_ONLY,apps/frontend/src/components/email/ComposeDialog.tsx:155,Source-inventoried and route rendered; control not individually mutated during safe audit
INT-01581,(shared/component),input,apps/frontend/src/components/email/ComposeDialog.tsx,163,<input,Review live behavior and state/API effect,PARTIAL_CODE_ONLY,apps/frontend/src/components/email/ComposeDialog.tsx:163,Source-inventoried and route rendered; control not individually mutated during safe audit
INT-01582,(shared/component),change-handler,apps/frontend/src/components/email/ComposeDialog.tsx,166,onChange={(e) => setBcc(e.target.value)},Review live behavior and state/API effect,PARTIAL_CODE_ONLY,apps/frontend/src/components/email/ComposeDialog.tsx:166,Source-inventoried and route rendered; control not individually mutated during safe audit
INT-01583,(shared/component),input,apps/frontend/src/components/email/ComposeDialog.tsx,173,<input,Review live behavior and state/API effect,PARTIAL_CODE_ONLY,apps/frontend/src/components/email/ComposeDialog.tsx:173,Source-inventoried and route rendered; control not individually mutated during safe audit
INT-01584,(shared/component),change-handler,apps/frontend/src/components/email/ComposeDialog.tsx,176,onChange={(e) => setSubject(e.target.value)},Review live behavior and state/API effect,PARTIAL_CODE_ONLY,apps/frontend/src/components/email/ComposeDialog.tsx:176,Source-inventoried and route rendered; control not individually mutated during safe audit
INT-01585,(shared/component),textarea,apps/frontend/src/components/email/ComposeDialog.tsx,182,<textarea,Review live behavior and state/API effect,PARTIAL_CODE_ONLY,apps/frontend/src/components/email/ComposeDialog.tsx:182,Source-inventoried and route rendered; control not individually mutated during safe audit
INT-01586,(shared/component),change-handler,apps/frontend/src/components/email/ComposeDialog.tsx,184,onChange={(e) => setBody(e.target.value)},Review live behavior and state/API effect,PARTIAL_CODE_ONLY,apps/frontend/src/components/email/ComposeDialog.tsx:184,Source-inventoried and route rendered; control not individually mutated during safe audit
INT-01587,(shared/component),button,apps/frontend/src/components/email/ComposeDialog.tsx,196,<button,Review live behavior and state/API effect,PARTIAL_CODE_ONLY,apps/frontend/src/components/email/ComposeDialog.tsx:196,Source-inventoried and route rendered; control not individually mutated during safe audit
INT-01588,(shared/component),click-handler,apps/frontend/src/components/email/ComposeDialog.tsx,197,onClick={onClose},Review live behavior and state/API effect,PARTIAL_CODE_ONLY,apps/frontend/src/components/email/ComposeDialog.tsx:197,Source-inventoried and route rendered; control not individually mutated during safe audit
INT-01589,(shared/component),button,apps/frontend/src/components/email/ComposeDialog.tsx,203,<button,Review live behavior and state/API effect,PARTIAL_CODE_ONLY,apps/frontend/src/components/email/ComposeDialog.tsx:203,Source-inventoried and route rendered; control not individually mutated during safe audit
INT-01590,(shared/component),click-handler,apps/frontend/src/components/email/ComposeDialog.tsx,204,onClick={handleSubmit},Review live behavior and state/API effect,PARTIAL_CODE_ONLY,apps/frontend/src/components/email/ComposeDialog.tsx:204,Source-inventoried and route rendered; control not individually mutated during safe audit
INT-01591,(shared/component),button,apps/frontend/src/components/email/FolderSidebar.tsx,24,<button,Review live behavior and state/API effect,PARTIAL_CODE_ONLY,apps/frontend/src/components/email/FolderSidebar.tsx:24,Source-inventoried and route rendered; control not individually mutated during safe audit
INT-01592,(shared/component),click-handler,apps/frontend/src/components/email/FolderSidebar.tsx,25,onClick={onCompose},Review live behavior and state/API effect,PARTIAL_CODE_ONLY,apps/frontend/src/components/email/FolderSidebar.tsx:25,Source-inventoried and route rendered; control not individually mutated during safe audit
INT-01593,(shared/component),button,apps/frontend/src/components/email/FolderSidebar.tsx,36,<button,Review live behavior and state/API effect,PARTIAL_CODE_ONLY,apps/frontend/src/components/email/FolderSidebar.tsx:36,Source-inventoried and route rendered; control not individually mutated during safe audit
INT-01594,(shared/component),click-handler,apps/frontend/src/components/email/FolderSidebar.tsx,38,onClick={() => onSelect(folder.key)},Review live behavior and state/API effect,PARTIAL_CODE_ONLY,apps/frontend/src/components/email/FolderSidebar.tsx:38,Source-inventoried and route rendered; control not individually mutated during safe audit
INT-01595,(shared/component),button,apps/frontend/src/components/email/ReadingPane.tsx,38,<button,Review live behavior and state/API effect,PARTIAL_CODE_ONLY,apps/frontend/src/components/email/ReadingPane.tsx:38,Source-inventoried and route rendered; control not individually mutated during safe audit
INT-01596,(shared/component),click-handler,apps/frontend/src/components/email/ReadingPane.tsx,41,onClick={onClick},Review live behavior and state/API effect,PARTIAL_CODE_ONLY,apps/frontend/src/components/email/ReadingPane.tsx:41,Source-inventoried and route rendered; control not individually mutated during safe audit
INT-01597,(shared/component),click-handler,apps/frontend/src/components/email/ReadingPane.tsx,80,"<IconButton title=""Zurück zur Liste"" onClick={onBack}>",Review live behavior and state/API effect,PARTIAL_CODE_ONLY,apps/frontend/src/components/email/ReadingPane.tsx:80,Source-inventoried and route rendered; control not individually mutated during safe audit
INT-01598,(shared/component),click-handler,apps/frontend/src/components/email/ReadingPane.tsx,88,"<IconButton title=""Antworten"" onClick={() => latest && onCompose('reply', latest)}>",Review live behavior and state/API effect,PARTIAL_CODE_ONLY,apps/frontend/src/components/email/ReadingPane.tsx:88,Source-inventoried and route rendered; control not individually mutated during safe audit
INT-01599,(shared/component),click-handler,apps/frontend/src/components/email/ReadingPane.tsx,91,"<IconButton title=""Allen antworten"" onClick={() => latest && onCompose('replyAll', latest)}>",Review live behavior and state/API effect,PARTIAL_CODE_ONLY,apps/frontend/src/components/email/ReadingPane.tsx:91,Source-inventoried and route rendered; control not individually mutated during safe audit
INT-01600,(shared/component),click-handler,apps/frontend/src/components/email/ReadingPane.tsx,94,"<IconButton title=""Weiterleiten"" onClick={() => latest && onCompose('forward', latest)}>",Review live behavior and state/API effect,PARTIAL_CODE_ONLY,apps/frontend/src/components/email/ReadingPane.tsx:94,Source-inventoried and route rendered; control not individually mutated during safe audit
INT-01601,(shared/component),click-handler,apps/frontend/src/components/email/ReadingPane.tsx,98,"<IconButton title=""Archivieren"" onClick={onArchive} disabled={isMutating}>",Review live behavior and state/API effect,PARTIAL_CODE_ONLY,apps/frontend/src/components/email/ReadingPane.tsx:98,Source-inventoried and route rendered; control not individually mutated during safe audit
INT-01602,(shared/component),click-handler,apps/frontend/src/components/email/ReadingPane.tsx,101,"<IconButton title=""In den Papierkorb"" onClick={onTrash} disabled={isMutating} danger>",Review live behavior and state/API effect,PARTIAL_CODE_ONLY,apps/frontend/src/components/email/ReadingPane.tsx:101,Source-inventoried and route rendered; control not individually mutated during safe audit
INT-01603,(shared/component),click-handler,apps/frontend/src/components/email/ReadingPane.tsx,105,"<IconButton title=""Als gelesen markieren"" onClick={() => onMarkRead(false)} disabled={isMutating}>",Review live behavior and state/API effect,PARTIAL_CODE_ONLY,apps/frontend/src/components/email/ReadingPane.tsx:105,Source-inventoried and route rendered; control not individually mutated during safe audit
INT-01604,(shared/component),click-handler,apps/frontend/src/components/email/ReadingPane.tsx,109,"<IconButton title=""Als ungelesen markieren"" onClick={() => onMarkRead(true)} disabled={isMutating}>",Review live behavior and state/API effect,PARTIAL_CODE_ONLY,apps/frontend/src/components/email/ReadingPane.tsx:109,Source-inventoried and route rendered; control not individually mutated during safe audit
INT-01605,(shared/component),button,apps/frontend/src/components/email/ReadingPane.tsx,133,<button,Review live behavior and state/API effect,PARTIAL_CODE_ONLY,apps/frontend/src/components/email/ReadingPane.tsx:133,Source-inventoried and route rendered; control not individually mutated during safe audit
INT-01606,(shared/component),click-handler,apps/frontend/src/components/email/ReadingPane.tsx,135,"onClick={() => onDownloadAttachment(message, att)}",Review live behavior and state/API effect,PARTIAL_CODE_ONLY,apps/frontend/src/components/email/ReadingPane.tsx:135,Source-inventoried and route rendered; control not individually mutated during safe audit
INT-01607,(shared/component),button,apps/frontend/src/components/email/ThreadList.tsx,28,<button,Review live behavior and state/API effect,PARTIAL_CODE_ONLY,apps/frontend/src/components/email/ThreadList.tsx:28,Source-inventoried and route rendered; control not individually mutated during safe audit
INT-01608,(shared/component),click-handler,apps/frontend/src/components/email/ThreadList.tsx,29,onClick={onSelect},Review live behavior and state/API effect,PARTIAL_CODE_ONLY,apps/frontend/src/components/email/ThreadList.tsx:29,Source-inventoried and route rendered; control not individually mutated during safe audit
INT-01609,(shared/component),button,apps/frontend/src/components/email/ThreadList.tsx,103,<button,Review live behavior and state/API effect,PARTIAL_CODE_ONLY,apps/frontend/src/components/email/ThreadList.tsx:103,Source-inventoried and route rendered; control not individually mutated during safe audit
INT-01610,(shared/component),click-handler,apps/frontend/src/components/email/ThreadList.tsx,104,onClick={onLoadMore},Review live behavior and state/API effect,PARTIAL_CODE_ONLY,apps/frontend/src/components/email/ThreadList.tsx:104,Source-inventoried and route rendered; control not individually mutated during safe audit
INT-01611,(shared/component),button,apps/frontend/src/components/integrations/GoogleAccountCard.tsx,126,<button,Review live behavior and state/API effect,PARTIAL_CODE_ONLY,apps/frontend/src/components/integrations/GoogleAccountCard.tsx:126,Source-inventoried and route rendered; control not individually mutated during safe audit
INT-01612,(shared/component),click-handler,apps/frontend/src/components/integrations/GoogleAccountCard.tsx,127,onClick={() => connectMutation.mutate()},Review live behavior and state/API effect,PARTIAL_CODE_ONLY,apps/frontend/src/components/integrations/GoogleAccountCard.tsx:127,Source-inventoried and route rendered; control not individually mutated during safe audit
INT-01613,(shared/component),button,apps/frontend/src/components/integrations/GoogleAccountCard.tsx,153,<button,Review live behavior and state/API effect,PARTIAL_CODE_ONLY,apps/frontend/src/components/integrations/GoogleAccountCard.tsx:153,Source-inventoried and route rendered; control not individually mutated during safe audit
INT-01614,(shared/component),click-handler,apps/frontend/src/components/integrations/GoogleAccountCard.tsx,154,onClick={() => {,Review live behavior and state/API effect,PARTIAL_CODE_ONLY,apps/frontend/src/components/integrations/GoogleAccountCard.tsx:154,Source-inventoried and route rendered; control not individually mutated during safe audit
INT-01615,(shared/component),button,apps/frontend/src/components/jellyfin/AudioTrackSelector.tsx,18,"<button onClick={onClose} className=""text-white/50 hover:text-white"">",Review live behavior and state/API effect,PARTIAL_CODE_ONLY,apps/frontend/src/components/jellyfin/AudioTrackSelector.tsx:18,Source-inventoried and route rendered; control not individually mutated during safe audit
INT-01616,(shared/component),click-handler,apps/frontend/src/components/jellyfin/AudioTrackSelector.tsx,18,"<button onClick={onClose} className=""text-white/50 hover:text-white"">",Review live behavior and state/API effect,PARTIAL_CODE_ONLY,apps/frontend/src/components/jellyfin/AudioTrackSelector.tsx:18,Source-inventoried and route rendered; control not individually mutated during safe audit
INT-01617,(shared/component),button,apps/frontend/src/components/jellyfin/AudioTrackSelector.tsx,24,<button,Review live behavior and state/API effect,PARTIAL_CODE_ONLY,apps/frontend/src/components/jellyfin/AudioTrackSelector.tsx:24,Source-inventoried and route rendered; control not individually mutated during safe audit
INT-01618,(shared/component),click-handler,apps/frontend/src/components/jellyfin/AudioTrackSelector.tsx,26,onClick={() => onSelect(track.index)},Review live behavior and state/API effect,PARTIAL_CODE_ONLY,apps/frontend/src/components/jellyfin/AudioTrackSelector.tsx:26,Source-inventoried and route rendered; control not individually mutated during safe audit
INT-01619,(shared/component),button,apps/frontend/src/components/jellyfin/media/ContentRow.tsx,76,<button,Review live behavior and state/API effect,PARTIAL_CODE_ONLY,apps/frontend/src/components/jellyfin/media/ContentRow.tsx:76,Source-inventoried and route rendered; control not individually mutated during safe audit
INT-01620,(shared/component),click-handler,apps/frontend/src/components/jellyfin/media/ContentRow.tsx,77,onClick={() => scroll('left')},Review live behavior and state/API effect,PARTIAL_CODE_ONLY,apps/frontend/src/components/jellyfin/media/ContentRow.tsx:77,Source-inventoried and route rendered; control not individually mutated during safe audit
INT-01621,(shared/component),button,apps/frontend/src/components/jellyfin/media/ContentRow.tsx,110,<button,Review live behavior and state/API effect,PARTIAL_CODE_ONLY,apps/frontend/src/components/jellyfin/media/ContentRow.tsx:110,Source-inventoried and route rendered; control not individually mutated during safe audit
INT-01622,(shared/component),click-handler,apps/frontend/src/components/jellyfin/media/ContentRow.tsx,111,onClick={() => scroll('right')},Review live behavior and state/API effect,PARTIAL_CODE_ONLY,apps/frontend/src/components/jellyfin/media/ContentRow.tsx:111,Source-inventoried and route rendered; control not individually mutated during safe audit
INT-01623,(shared/component),button,apps/frontend/src/components/jellyfin/media/DetailHeader.tsx,67,<button,Review live behavior and state/API effect,PARTIAL_CODE_ONLY,apps/frontend/src/components/jellyfin/media/DetailHeader.tsx:67,Source-inventoried and route rendered; control not individually mutated during safe audit
INT-01624,(shared/component),click-handler,apps/frontend/src/components/jellyfin/media/DetailHeader.tsx,68,onClick={() => router.back()},Review live behavior and state/API effect,PARTIAL_CODE_ONLY,apps/frontend/src/components/jellyfin/media/DetailHeader.tsx:68,Source-inventoried and route rendered; control not individually mutated during safe audit
INT-01625,(shared/component),button,apps/frontend/src/components/jellyfin/media/DetailHeader.tsx,141,<button,Review live behavior and state/API effect,PARTIAL_CODE_ONLY,apps/frontend/src/components/jellyfin/media/DetailHeader.tsx:141,Source-inventoried and route rendered; control not individually mutated during safe audit
INT-01626,(shared/component),click-handler,apps/frontend/src/components/jellyfin/media/DetailHeader.tsx,142,onClick={onResume},Review live behavior and state/API effect,PARTIAL_CODE_ONLY,apps/frontend/src/components/jellyfin/media/DetailHeader.tsx:142,Source-inventoried and route rendered; control not individually mutated during safe audit
INT-01627,(shared/component),button,apps/frontend/src/components/jellyfin/media/DetailHeader.tsx,149,<button,Review live behavior and state/API effect,PARTIAL_CODE_ONLY,apps/frontend/src/components/jellyfin/media/DetailHeader.tsx:149,Source-inventoried and route rendered; control not individually mutated during safe audit
INT-01628,(shared/component),click-handler,apps/frontend/src/components/jellyfin/media/DetailHeader.tsx,150,onClick={onPlay},Review live behavior and state/API effect,PARTIAL_CODE_ONLY,apps/frontend/src/components/jellyfin/media/DetailHeader.tsx:150,Source-inventoried and route rendered; control not individually mutated during safe audit
INT-01629,(shared/component),button,apps/frontend/src/components/jellyfin/media/DetailHeader.tsx,159,<button,Review live behavior and state/API effect,PARTIAL_CODE_ONLY,apps/frontend/src/components/jellyfin/media/DetailHeader.tsx:159,Source-inventoried and route rendered; control not individually mutated during safe audit
INT-01630,(shared/component),click-handler,apps/frontend/src/components/jellyfin/media/DetailHeader.tsx,160,onClick={onToggleFavorite},Review live behavior and state/API effect,PARTIAL_CODE_ONLY,apps/frontend/src/components/jellyfin/media/DetailHeader.tsx:160,Source-inventoried and route rendered; control not individually mutated during safe audit
INT-01631,(shared/component),click-handler,apps/frontend/src/components/jellyfin/media/EpisodeList.tsx,51,onClick={() => onPlay?.(episode)},Review live behavior and state/API effect,PARTIAL_CODE_ONLY,apps/frontend/src/components/jellyfin/media/EpisodeList.tsx:51,Source-inventoried and route rendered; control not individually mutated during safe audit
INT-01632,(shared/component),button,apps/frontend/src/components/jellyfin/media/EpisodeList.tsx,90,<button,Review live behavior and state/API effect,PARTIAL_CODE_ONLY,apps/frontend/src/components/jellyfin/media/EpisodeList.tsx:90,Source-inventoried and route rendered; control not individually mutated during safe audit
INT-01633,(shared/component),click-handler,apps/frontend/src/components/jellyfin/media/EpisodeList.tsx,92,onClick={(e) => { e.stopPropagation(); onToggleWatched(episode); }},Review live behavior and state/API effect,PARTIAL_CODE_ONLY,apps/frontend/src/components/jellyfin/media/EpisodeList.tsx:92,Source-inventoried and route rendered; control not individually mutated during safe audit
INT-01634,(shared/component),button,apps/frontend/src/components/jellyfin/media/HeroBanner.tsx,113,<button,Review live behavior and state/API effect,PARTIAL_CODE_ONLY,apps/frontend/src/components/jellyfin/media/HeroBanner.tsx:113,Source-inventoried and route rendered; control not individually mutated during safe audit
INT-01635,(shared/component),click-handler,apps/frontend/src/components/jellyfin/media/HeroBanner.tsx,114,onClick={handlePlay},Review live behavior and state/API effect,PARTIAL_CODE_ONLY,apps/frontend/src/components/jellyfin/media/HeroBanner.tsx:114,Source-inventoried and route rendered; control not individually mutated during safe audit
INT-01636,(shared/component),button,apps/frontend/src/components/jellyfin/media/HeroBanner.tsx,120,<button,Review live behavior and state/API effect,PARTIAL_CODE_ONLY,apps/frontend/src/components/jellyfin/media/HeroBanner.tsx:120,Source-inventoried and route rendered; control not individually mutated during safe audit
INT-01637,(shared/component),click-handler,apps/frontend/src/components/jellyfin/media/HeroBanner.tsx,121,onClick={handleDetails},Review live behavior and state/API effect,PARTIAL_CODE_ONLY,apps/frontend/src/components/jellyfin/media/HeroBanner.tsx:121,Source-inventoried and route rendered; control not individually mutated during safe audit
INT-01638,(shared/component),button,apps/frontend/src/components/jellyfin/media/HeroBanner.tsx,135,<button,Review live behavior and state/API effect,PARTIAL_CODE_ONLY,apps/frontend/src/components/jellyfin/media/HeroBanner.tsx:135,Source-inventoried and route rendered; control not individually mutated during safe audit
INT-01639,(shared/component),click-handler,apps/frontend/src/components/jellyfin/media/HeroBanner.tsx,137,onClick={() => { setCurrentIndex(i); setBackdropError(false); }},Review live behavior and state/API effect,PARTIAL_CODE_ONLY,apps/frontend/src/components/jellyfin/media/HeroBanner.tsx:137,Source-inventoried and route rendered; control not individually mutated during safe audit
INT-01640,(shared/component),button,apps/frontend/src/components/jellyfin/media/JellyfinPageWrapper.tsx,15,<button,Review live behavior and state/API effect,PARTIAL_CODE_ONLY,apps/frontend/src/components/jellyfin/media/JellyfinPageWrapper.tsx:15,Source-inventoried and route rendered; control not individually mutated during safe audit
INT-01641,(shared/component),click-handler,apps/frontend/src/components/jellyfin/media/JellyfinPageWrapper.tsx,16,onClick={toggleFullWidth},Review live behavior and state/API effect,PARTIAL_CODE_ONLY,apps/frontend/src/components/jellyfin/media/JellyfinPageWrapper.tsx:16,Source-inventoried and route rendered; control not individually mutated during safe audit
INT-01642,(shared/component),button,apps/frontend/src/components/jellyfin/media/MediaCard.tsx,69,<button,Review live behavior and state/API effect,PARTIAL_CODE_ONLY,apps/frontend/src/components/jellyfin/media/MediaCard.tsx:69,Source-inventoried and route rendered; control not individually mutated during safe audit
INT-01643,(shared/component),click-handler,apps/frontend/src/components/jellyfin/media/MediaCard.tsx,70,onClick={handleClick},Review live behavior and state/API effect,PARTIAL_CODE_ONLY,apps/frontend/src/components/jellyfin/media/MediaCard.tsx:70,Source-inventoried and route rendered; control not individually mutated during safe audit
INT-01644,(shared/component),click-handler,apps/frontend/src/components/jellyfin/media/SearchOverlay.tsx,92,onClick={handleOverlayClick},Review live behavior and state/API effect,PARTIAL_CODE_ONLY,apps/frontend/src/components/jellyfin/media/SearchOverlay.tsx:92,Source-inventoried and route rendered; control not individually mutated during safe audit
INT-01645,(shared/component),input,apps/frontend/src/components/jellyfin/media/SearchOverlay.tsx,100,<input,Review live behavior and state/API effect,PARTIAL_CODE_ONLY,apps/frontend/src/components/jellyfin/media/SearchOverlay.tsx:100,Source-inventoried and route rendered; control not individually mutated during safe audit
INT-01646,(shared/component),change-handler,apps/frontend/src/components/jellyfin/media/SearchOverlay.tsx,104,onChange={(e) => setQuery(e.target.value)},Review live behavior and state/API effect,PARTIAL_CODE_ONLY,apps/frontend/src/components/jellyfin/media/SearchOverlay.tsx:104,Source-inventoried and route rendered; control not individually mutated during safe audit
INT-01647,(shared/component),button,apps/frontend/src/components/jellyfin/media/SearchOverlay.tsx,108,<button,Review live behavior and state/API effect,PARTIAL_CODE_ONLY,apps/frontend/src/components/jellyfin/media/SearchOverlay.tsx:108,Source-inventoried and route rendered; control not individually mutated during safe audit
INT-01648,(shared/component),click-handler,apps/frontend/src/components/jellyfin/media/SearchOverlay.tsx,109,onClick={onClose},Review live behavior and state/API effect,PARTIAL_CODE_ONLY,apps/frontend/src/components/jellyfin/media/SearchOverlay.tsx:109,Source-inventoried and route rendered; control not individually mutated during safe audit
INT-01649,(shared/component),button,apps/frontend/src/components/jellyfin/media/SearchOverlay.tsx,147,<button,Review live behavior and state/API effect,PARTIAL_CODE_ONLY,apps/frontend/src/components/jellyfin/media/SearchOverlay.tsx:147,Source-inventoried and route rendered; control not individually mutated during safe audit
INT-01650,(shared/component),click-handler,apps/frontend/src/components/jellyfin/media/SearchOverlay.tsx,149,onClick={() => handleItemClick(m)},Review live behavior and state/API effect,PARTIAL_CODE_ONLY,apps/frontend/src/components/jellyfin/media/SearchOverlay.tsx:149,Source-inventoried and route rendered; control not individually mutated during safe audit
INT-01651,(shared/component),button,apps/frontend/src/components/jellyfin/media/SearchOverlay.tsx,164,"<button key={s.Id} onClick={() => handleItemClick(s)} className=""group text-left"">",Review live behavior and state/API effect,PARTIAL_CODE_ONLY,apps/frontend/src/components/jellyfin/media/SearchOverlay.tsx:164,Source-inventoried and route rendered; control not individually mutated during safe audit
INT-01652,(shared/component),click-handler,apps/frontend/src/components/jellyfin/media/SearchOverlay.tsx,164,"<button key={s.Id} onClick={() => handleItemClick(s)} className=""group text-left"">",Review live behavior and state/API effect,PARTIAL_CODE_ONLY,apps/frontend/src/components/jellyfin/media/SearchOverlay.tsx:164,Source-inventoried and route rendered; control not individually mutated during safe audit
INT-01653,(shared/component),button,apps/frontend/src/components/jellyfin/media/SearchOverlay.tsx,177,"<button key={e.Id} onClick={() => handleItemClick(e)} className=""group text-left"">",Review live behavior and state/API effect,PARTIAL_CODE_ONLY,apps/frontend/src/components/jellyfin/media/SearchOverlay.tsx:177,Source-inventoried and route rendered; control not individually mutated during safe audit
INT-01654,(shared/component),click-handler,apps/frontend/src/components/jellyfin/media/SearchOverlay.tsx,177,"<button key={e.Id} onClick={() => handleItemClick(e)} className=""group text-left"">",Review live behavior and state/API effect,PARTIAL_CODE_ONLY,apps/frontend/src/components/jellyfin/media/SearchOverlay.tsx:177,Source-inventoried and route rendered; control not individually mutated during safe audit
INT-01655,(shared/component),button,apps/frontend/src/components/jellyfin/media/SearchOverlay.tsx,230,<button,Review live behavior and state/API effect,PARTIAL_CODE_ONLY,apps/frontend/src/components/jellyfin/media/SearchOverlay.tsx:230,Source-inventoried and route rendered; control not individually mutated during safe audit
INT-01656,(shared/component),click-handler,apps/frontend/src/components/jellyfin/media/SearchOverlay.tsx,231,onClick={onOpen},Review live behavior and state/API effect,PARTIAL_CODE_ONLY,apps/frontend/src/components/jellyfin/media/SearchOverlay.tsx:231,Source-inventoried and route rendered; control not individually mutated during safe audit
INT-01657,(shared/component),button,apps/frontend/src/components/jellyfin/media/SeasonPicker.tsx,32,<button,Review live behavior and state/API effect,PARTIAL_CODE_ONLY,apps/frontend/src/components/jellyfin/media/SeasonPicker.tsx:32,Source-inventoried and route rendered; control not individually mutated during safe audit
INT-01658,(shared/component),click-handler,apps/frontend/src/components/jellyfin/media/SeasonPicker.tsx,33,onClick={() => setOpen(!open)},Review live behavior and state/API effect,PARTIAL_CODE_ONLY,apps/frontend/src/components/jellyfin/media/SeasonPicker.tsx:33,Source-inventoried and route rendered; control not individually mutated during safe audit
INT-01659,(shared/component),click-handler,apps/frontend/src/components/jellyfin/media/SeasonPicker.tsx,42,"<div className=""fixed inset-0 z-30"" onClick={() => setOpen(false)} />",Review live behavior and state/API effect,PARTIAL_CODE_ONLY,apps/frontend/src/components/jellyfin/media/SeasonPicker.tsx:42,Source-inventoried and route rendered; control not individually mutated during safe audit
INT-01660,(shared/component),button,apps/frontend/src/components/jellyfin/media/SeasonPicker.tsx,47,<button,Review live behavior and state/API effect,PARTIAL_CODE_ONLY,apps/frontend/src/components/jellyfin/media/SeasonPicker.tsx:47,Source-inventoried and route rendered; control not individually mutated during safe audit
INT-01661,(shared/component),click-handler,apps/frontend/src/components/jellyfin/media/SeasonPicker.tsx,49,onClick={() => { onSelect(season.IndexNumber); setOpen(false); }},Review live behavior and state/API effect,PARTIAL_CODE_ONLY,apps/frontend/src/components/jellyfin/media/SeasonPicker.tsx:49,Source-inventoried and route rendered; control not individually mutated during safe audit
INT-01662,(shared/component),button,apps/frontend/src/components/jellyfin/media/WatchlistButton.tsx,116,<button,Review live behavior and state/API effect,PARTIAL_CODE_ONLY,apps/frontend/src/components/jellyfin/media/WatchlistButton.tsx:116,Source-inventoried and route rendered; control not individually mutated during safe audit
INT-01663,(shared/component),click-handler,apps/frontend/src/components/jellyfin/media/WatchlistButton.tsx,118,onClick={handleClick},Review live behavior and state/API effect,PARTIAL_CODE_ONLY,apps/frontend/src/components/jellyfin/media/WatchlistButton.tsx:118,Source-inventoried and route rendered; control not individually mutated during safe audit
INT-01664,(shared/component),button,apps/frontend/src/components/jellyfin/media/WatchlistPicker.tsx,84,<button,Review live behavior and state/API effect,PARTIAL_CODE_ONLY,apps/frontend/src/components/jellyfin/media/WatchlistPicker.tsx:84,Source-inventoried and route rendered; control not individually mutated during safe audit
INT-01665,(shared/component),click-handler,apps/frontend/src/components/jellyfin/media/WatchlistPicker.tsx,88,onClick={() => (isInList(list.id) ? removeMut.mutate(list.id) : addMut.mutate(list.id))},Review live behavior and state/API effect,PARTIAL_CODE_ONLY,apps/frontend/src/components/jellyfin/media/WatchlistPicker.tsx:88,Source-inventoried and route rendered; control not individually mutated during safe audit
INT-01666,(shared/component),input,apps/frontend/src/components/jellyfin/media/WatchlistPicker.tsx,101,<input,Review live behavior and state/API effect,PARTIAL_CODE_ONLY,apps/frontend/src/components/jellyfin/media/WatchlistPicker.tsx:101,Source-inventoried and route rendered; control not individually mutated during safe audit
INT-01667,(shared/component),change-handler,apps/frontend/src/components/jellyfin/media/WatchlistPicker.tsx,103,onChange={(e) => setNewName(e.target.value)},Review live behavior and state/API effect,PARTIAL_CODE_ONLY,apps/frontend/src/components/jellyfin/media/WatchlistPicker.tsx:103,Source-inventoried and route rendered; control not individually mutated during safe audit
INT-01668,(shared/component),keyboard-handler,apps/frontend/src/components/jellyfin/media/WatchlistPicker.tsx,104,onKeyDown={(e) => {,Review live behavior and state/API effect,PARTIAL_CODE_ONLY,apps/frontend/src/components/jellyfin/media/WatchlistPicker.tsx:104,Source-inventoried and route rendered; control not individually mutated during safe audit
INT-01669,(shared/component),button,apps/frontend/src/components/jellyfin/MusicPlayerBar.tsx,100,"<button onClick={onShuffle} className={cn('p-1 rounded transition-colors', shuffle ? 'text-brand-500' : 'text-fg-muted hover:text-fg')} title=""Zufallswiedergabe"">",Review live behavior and state/API effect,PARTIAL_CODE_ONLY,apps/frontend/src/components/jellyfin/MusicPlayerBar.tsx:100,Source-inventoried and route rendered; control not individually mutated during safe audit
INT-01670,(shared/component),click-handler,apps/frontend/src/components/jellyfin/MusicPlayerBar.tsx,100,"<button onClick={onShuffle} className={cn('p-1 rounded transition-colors', shuffle ? 'text-brand-500' : 'text-fg-muted hover:text-fg')} title=""Zufallswiedergabe"">",Review live behavior and state/API effect,PARTIAL_CODE_ONLY,apps/frontend/src/components/jellyfin/MusicPlayerBar.tsx:100,Source-inventoried and route rendered; control not individually mutated during safe audit
INT-01671,(shared/component),button,apps/frontend/src/components/jellyfin/MusicPlayerBar.tsx,103,"<button onClick={onPrev} className=""p-1 text-fg-muted hover:text-fg transition-colors"" title=""Vorheriger"">",Review live behavior and state/API effect,PARTIAL_CODE_ONLY,apps/frontend/src/components/jellyfin/MusicPlayerBar.tsx:103,Source-inventoried and route rendered; control not individually mutated during safe audit
INT-01672,(shared/component),click-handler,apps/frontend/src/components/jellyfin/MusicPlayerBar.tsx,103,"<button onClick={onPrev} className=""p-1 text-fg-muted hover:text-fg transition-colors"" title=""Vorheriger"">",Review live behavior and state/API effect,PARTIAL_CODE_ONLY,apps/frontend/src/components/jellyfin/MusicPlayerBar.tsx:103,Source-inventoried and route rendered; control not individually mutated during safe audit
INT-01673,(shared/component),button,apps/frontend/src/components/jellyfin/MusicPlayerBar.tsx,106,<button,Review live behavior and state/API effect,PARTIAL_CODE_ONLY,apps/frontend/src/components/jellyfin/MusicPlayerBar.tsx:106,Source-inventoried and route rendered; control not individually mutated during safe audit
INT-01674,(shared/component),click-handler,apps/frontend/src/components/jellyfin/MusicPlayerBar.tsx,107,onClick={onTogglePlay},Review live behavior and state/API effect,PARTIAL_CODE_ONLY,apps/frontend/src/components/jellyfin/MusicPlayerBar.tsx:107,Source-inventoried and route rendered; control not individually mutated during safe audit
INT-01675,(shared/component),button,apps/frontend/src/components/jellyfin/MusicPlayerBar.tsx,113,"<button onClick={onNext} className=""p-1 text-fg-muted hover:text-fg transition-colors"" title=""Nächster"">",Review live behavior and state/API effect,PARTIAL_CODE_ONLY,apps/frontend/src/components/jellyfin/MusicPlayerBar.tsx:113,Source-inventoried and route rendered; control not individually mutated during safe audit
INT-01676,(shared/component),click-handler,apps/frontend/src/components/jellyfin/MusicPlayerBar.tsx,113,"<button onClick={onNext} className=""p-1 text-fg-muted hover:text-fg transition-colors"" title=""Nächster"">",Review live behavior and state/API effect,PARTIAL_CODE_ONLY,apps/frontend/src/components/jellyfin/MusicPlayerBar.tsx:113,Source-inventoried and route rendered; control not individually mutated during safe audit
INT-01677,(shared/component),button,apps/frontend/src/components/jellyfin/MusicPlayerBar.tsx,116,<button,Review live behavior and state/API effect,PARTIAL_CODE_ONLY,apps/frontend/src/components/jellyfin/MusicPlayerBar.tsx:116,Source-inventoried and route rendered; control not individually mutated during safe audit
INT-01678,(shared/component),click-handler,apps/frontend/src/components/jellyfin/MusicPlayerBar.tsx,117,onClick={onRepeat},Review live behavior and state/API effect,PARTIAL_CODE_ONLY,apps/frontend/src/components/jellyfin/MusicPlayerBar.tsx:117,Source-inventoried and route rendered; control not individually mutated during safe audit
INT-01679,(shared/component),input,apps/frontend/src/components/jellyfin/MusicPlayerBar.tsx,129,<input,Review live behavior and state/API effect,PARTIAL_CODE_ONLY,apps/frontend/src/components/jellyfin/MusicPlayerBar.tsx:129,Source-inventoried and route rendered; control not individually mutated during safe audit
INT-01680,(shared/component),change-handler,apps/frontend/src/components/jellyfin/MusicPlayerBar.tsx,136,onChange={(e) => onSeek(parseFloat(e.target.value))},Review live behavior and state/API effect,PARTIAL_CODE_ONLY,apps/frontend/src/components/jellyfin/MusicPlayerBar.tsx:136,Source-inventoried and route rendered; control not individually mutated during safe audit
INT-01681,(shared/component),button,apps/frontend/src/components/jellyfin/MusicPlayerBar.tsx,146,"<button onClick={() => onVolumeChange(muted ? 0.8 : 0)} className=""p-1 text-fg-muted hover:text-fg"" title=""Stumm"">",Review live behavior and state/API effect,PARTIAL_CODE_ONLY,apps/frontend/src/components/jellyfin/MusicPlayerBar.tsx:146,Source-inventoried and route rendered; control not individually mutated during safe audit
INT-01682,(shared/component),click-handler,apps/frontend/src/components/jellyfin/MusicPlayerBar.tsx,146,"<button onClick={() => onVolumeChange(muted ? 0.8 : 0)} className=""p-1 text-fg-muted hover:text-fg"" title=""Stumm"">",Review live behavior and state/API effect,PARTIAL_CODE_ONLY,apps/frontend/src/components/jellyfin/MusicPlayerBar.tsx:146,Source-inventoried and route rendered; control not individually mutated during safe audit
INT-01683,(shared/component),input,apps/frontend/src/components/jellyfin/MusicPlayerBar.tsx,149,<input,Review live behavior and state/API effect,PARTIAL_CODE_ONLY,apps/frontend/src/components/jellyfin/MusicPlayerBar.tsx:149,Source-inventoried and route rendered; control not individually mutated during safe audit
INT-01684,(shared/component),change-handler,apps/frontend/src/components/jellyfin/MusicPlayerBar.tsx,155,onChange={(e) => onVolumeChange(parseFloat(e.target.value))},Review live behavior and state/API effect,PARTIAL_CODE_ONLY,apps/frontend/src/components/jellyfin/MusicPlayerBar.tsx:155,Source-inventoried and route rendered; control not individually mutated during safe audit
INT-01685,(shared/component),button,apps/frontend/src/components/jellyfin/MusicPlayerBar.tsx,164,<button,Review live behavior and state/API effect,PARTIAL_CODE_ONLY,apps/frontend/src/components/jellyfin/MusicPlayerBar.tsx:164,Source-inventoried and route rendered; control not individually mutated during safe audit
INT-01686,(shared/component),click-handler,apps/frontend/src/components/jellyfin/MusicPlayerBar.tsx,165,onClick={onToggleNowPlaying},Review live behavior and state/API effect,PARTIAL_CODE_ONLY,apps/frontend/src/components/jellyfin/MusicPlayerBar.tsx:165,Source-inventoried and route rendered; control not individually mutated during safe audit
INT-01687,(shared/component),button,apps/frontend/src/components/jellyfin/MusicPlayerBar.tsx,172,"<button onClick={onClose} className=""p-1.5 text-fg-muted hover:text-fg transition-colors"" title=""Player schließen"">",Review live behavior and state/API effect,PARTIAL_CODE_ONLY,apps/frontend/src/components/jellyfin/MusicPlayerBar.tsx:172,Source-inventoried and route rendered; control not individually mutated during safe audit
INT-01688,(shared/component),click-handler,apps/frontend/src/components/jellyfin/MusicPlayerBar.tsx,172,"<button onClick={onClose} className=""p-1.5 text-fg-muted hover:text-fg transition-colors"" title=""Player schließen"">",Review live behavior and state/API effect,PARTIAL_CODE_ONLY,apps/frontend/src/components/jellyfin/MusicPlayerBar.tsx:172,Source-inventoried and route rendered; control not individually mutated during safe audit
INT-01689,(shared/component),button,apps/frontend/src/components/jellyfin/MusicPlayerBar.tsx,205,"<button onClick={onClose} className=""p-1 text-fg-muted hover:text-fg"">",Review live behavior and state/API effect,PARTIAL_CODE_ONLY,apps/frontend/src/components/jellyfin/MusicPlayerBar.tsx:205,Source-inventoried and route rendered; control not individually mutated during safe audit
INT-01690,(shared/component),click-handler,apps/frontend/src/components/jellyfin/MusicPlayerBar.tsx,205,"<button onClick={onClose} className=""p-1 text-fg-muted hover:text-fg"">",Review live behavior and state/API effect,PARTIAL_CODE_ONLY,apps/frontend/src/components/jellyfin/MusicPlayerBar.tsx:205,Source-inventoried and route rendered; control not individually mutated during safe audit
INT-01691,(shared/component),button,apps/frontend/src/components/jellyfin/MusicPlayerBar.tsx,242,<button,Review live behavior and state/API effect,PARTIAL_CODE_ONLY,apps/frontend/src/components/jellyfin/MusicPlayerBar.tsx:242,Source-inventoried and route rendered; control not individually mutated during safe audit
INT-01692,(shared/component),click-handler,apps/frontend/src/components/jellyfin/MusicPlayerBar.tsx,244,onClick={() => onPlayTrack(i)},Review live behavior and state/API effect,PARTIAL_CODE_ONLY,apps/frontend/src/components/jellyfin/MusicPlayerBar.tsx:244,Source-inventoried and route rendered; control not individually mutated during safe audit
INT-01693,(shared/component),button,apps/frontend/src/components/jellyfin/MusicPlayerBar.tsx,263,<button,Review live behavior and state/API effect,PARTIAL_CODE_ONLY,apps/frontend/src/components/jellyfin/MusicPlayerBar.tsx:263,Source-inventoried and route rendered; control not individually mutated during safe audit
INT-01694,(shared/component),click-handler,apps/frontend/src/components/jellyfin/MusicPlayerBar.tsx,264,onClick={(e) => { e.stopPropagation(); onRemoveTrack(i); }},Review live behavior and state/API effect,PARTIAL_CODE_ONLY,apps/frontend/src/components/jellyfin/MusicPlayerBar.tsx:264,Source-inventoried and route rendered; control not individually mutated during safe audit
INT-01695,(shared/component),click-handler,apps/frontend/src/components/jellyfin/PlayerControls.tsx,108,onClick={(e) => e.stopPropagation()},Review live behavior and state/API effect,PARTIAL_CODE_ONLY,apps/frontend/src/components/jellyfin/PlayerControls.tsx:108,Source-inventoried and route rendered; control not individually mutated during safe audit
INT-01696,(shared/component),click-handler,apps/frontend/src/components/jellyfin/PlayerControls.tsx,118,onClick={handleProgressClick},Review live behavior and state/API effect,PARTIAL_CODE_ONLY,apps/frontend/src/components/jellyfin/PlayerControls.tsx:118,Source-inventoried and route rendered; control not individually mutated during safe audit
INT-01697,(shared/component),button,apps/frontend/src/components/jellyfin/PlayerControls.tsx,138,"<button onClick={onTogglePlay} className=""p-1.5 hover:bg-white/10 rounded-md transition-colors"">",Review live behavior and state/API effect,PARTIAL_CODE_ONLY,apps/frontend/src/components/jellyfin/PlayerControls.tsx:138,Source-inventoried and route rendered; control not individually mutated during safe audit
INT-01698,(shared/component),click-handler,apps/frontend/src/components/jellyfin/PlayerControls.tsx,138,"<button onClick={onTogglePlay} className=""p-1.5 hover:bg-white/10 rounded-md transition-colors"">",Review live behavior and state/API effect,PARTIAL_CODE_ONLY,apps/frontend/src/components/jellyfin/PlayerControls.tsx:138,Source-inventoried and route rendered; control not individually mutated during safe audit
INT-01699,(shared/component),button,apps/frontend/src/components/jellyfin/PlayerControls.tsx,142,"<button onClick={() => onSeekRelative(-10)} className=""p-1.5 hover:bg-white/10 rounded-md transition-colors hidden sm:flex"">",Review live behavior and state/API effect,PARTIAL_CODE_ONLY,apps/frontend/src/components/jellyfin/PlayerControls.tsx:142,Source-inventoried and route rendered; control not individually mutated during safe audit
INT-01700,(shared/component),click-handler,apps/frontend/src/components/jellyfin/PlayerControls.tsx,142,"<button onClick={() => onSeekRelative(-10)} className=""p-1.5 hover:bg-white/10 rounded-md transition-colors hidden sm:flex"">",Review live behavior and state/API effect,PARTIAL_CODE_ONLY,apps/frontend/src/components/jellyfin/PlayerControls.tsx:142,Source-inventoried and route rendered; control not individually mutated during safe audit
INT-01701,(shared/component),button,apps/frontend/src/components/jellyfin/PlayerControls.tsx,145,"<button onClick={() => onSeekRelative(10)} className=""p-1.5 hover:bg-white/10 rounded-md transition-colors hidden sm:flex"">",Review live behavior and state/API effect,PARTIAL_CODE_ONLY,apps/frontend/src/components/jellyfin/PlayerControls.tsx:145,Source-inventoried and route rendered; control not individually mutated during safe audit
INT-01702,(shared/component),click-handler,apps/frontend/src/components/jellyfin/PlayerControls.tsx,145,"<button onClick={() => onSeekRelative(10)} className=""p-1.5 hover:bg-white/10 rounded-md transition-colors hidden sm:flex"">",Review live behavior and state/API effect,PARTIAL_CODE_ONLY,apps/frontend/src/components/jellyfin/PlayerControls.tsx:145,Source-inventoried and route rendered; control not individually mutated during safe audit
INT-01703,(shared/component),button,apps/frontend/src/components/jellyfin/PlayerControls.tsx,160,"<button onClick={onToggleMute} className=""p-1.5 hover:bg-white/10 rounded-md transition-colors"">",Review live behavior and state/API effect,PARTIAL_CODE_ONLY,apps/frontend/src/components/jellyfin/PlayerControls.tsx:160,Source-inventoried and route rendered; control not individually mutated during safe audit
INT-01704,(shared/component),click-handler,apps/frontend/src/components/jellyfin/PlayerControls.tsx,160,"<button onClick={onToggleMute} className=""p-1.5 hover:bg-white/10 rounded-md transition-colors"">",Review live behavior and state/API effect,PARTIAL_CODE_ONLY,apps/frontend/src/components/jellyfin/PlayerControls.tsx:160,Source-inventoried and route rendered; control not individually mutated during safe audit
INT-01705,(shared/component),click-handler,apps/frontend/src/components/jellyfin/PlayerControls.tsx,169,onClick={handleVolumeClick},Review live behavior and state/API effect,PARTIAL_CODE_ONLY,apps/frontend/src/components/jellyfin/PlayerControls.tsx:169,Source-inventoried and route rendered; control not individually mutated during safe audit
INT-01706,(shared/component),button,apps/frontend/src/components/jellyfin/PlayerControls.tsx,182,<button,Review live behavior and state/API effect,PARTIAL_CODE_ONLY,apps/frontend/src/components/jellyfin/PlayerControls.tsx:182,Source-inventoried and route rendered; control not individually mutated during safe audit
INT-01707,(shared/component),click-handler,apps/frontend/src/components/jellyfin/PlayerControls.tsx,183,onClick={onOpenSubtitles},Review live behavior and state/API effect,PARTIAL_CODE_ONLY,apps/frontend/src/components/jellyfin/PlayerControls.tsx:183,Source-inventoried and route rendered; control not individually mutated during safe audit
INT-01708,(shared/component),button,apps/frontend/src/components/jellyfin/PlayerControls.tsx,194,<button,Review live behavior and state/API effect,PARTIAL_CODE_ONLY,apps/frontend/src/components/jellyfin/PlayerControls.tsx:194,Source-inventoried and route rendered; control not individually mutated during safe audit
INT-01709,(shared/component),click-handler,apps/frontend/src/components/jellyfin/PlayerControls.tsx,195,onClick={onOpenAudioTracks},Review live behavior and state/API effect,PARTIAL_CODE_ONLY,apps/frontend/src/components/jellyfin/PlayerControls.tsx:195,Source-inventoried and route rendered; control not individually mutated during safe audit
INT-01710,(shared/component),button,apps/frontend/src/components/jellyfin/PlayerControls.tsx,204,<button,Review live behavior and state/API effect,PARTIAL_CODE_ONLY,apps/frontend/src/components/jellyfin/PlayerControls.tsx:204,Source-inventoried and route rendered; control not individually mutated during safe audit
INT-01711,(shared/component),click-handler,apps/frontend/src/components/jellyfin/PlayerControls.tsx,205,onClick={onTogglePip},Review live behavior and state/API effect,PARTIAL_CODE_ONLY,apps/frontend/src/components/jellyfin/PlayerControls.tsx:205,Source-inventoried and route rendered; control not individually mutated during safe audit
INT-01712,(shared/component),button,apps/frontend/src/components/jellyfin/PlayerControls.tsx,216,"<button onClick={onAirPlay} className=""p-1.5 hover:bg-white/10 rounded-md transition-colors"">",Review live behavior and state/API effect,PARTIAL_CODE_ONLY,apps/frontend/src/components/jellyfin/PlayerControls.tsx:216,Source-inventoried and route rendered; control not individually mutated during safe audit
INT-01713,(shared/component),click-handler,apps/frontend/src/components/jellyfin/PlayerControls.tsx,216,"<button onClick={onAirPlay} className=""p-1.5 hover:bg-white/10 rounded-md transition-colors"">",Review live behavior and state/API effect,PARTIAL_CODE_ONLY,apps/frontend/src/components/jellyfin/PlayerControls.tsx:216,Source-inventoried and route rendered; control not individually mutated during safe audit
INT-01714,(shared/component),button,apps/frontend/src/components/jellyfin/PlayerControls.tsx,223,"<button onClick={onCast} className=""p-1.5 hover:bg-white/10 rounded-md transition-colors"">",Review live behavior and state/API effect,PARTIAL_CODE_ONLY,apps/frontend/src/components/jellyfin/PlayerControls.tsx:223,Source-inventoried and route rendered; control not individually mutated during safe audit
INT-01715,(shared/component),click-handler,apps/frontend/src/components/jellyfin/PlayerControls.tsx,223,"<button onClick={onCast} className=""p-1.5 hover:bg-white/10 rounded-md transition-colors"">",Review live behavior and state/API effect,PARTIAL_CODE_ONLY,apps/frontend/src/components/jellyfin/PlayerControls.tsx:223,Source-inventoried and route rendered; control not individually mutated during safe audit
INT-01716,(shared/component),button,apps/frontend/src/components/jellyfin/PlayerControls.tsx,230,<button,Review live behavior and state/API effect,PARTIAL_CODE_ONLY,apps/frontend/src/components/jellyfin/PlayerControls.tsx:230,Source-inventoried and route rendered; control not individually mutated during safe audit
INT-01717,(shared/component),click-handler,apps/frontend/src/components/jellyfin/PlayerControls.tsx,231,onClick={() => setShowSettings(s => !s)},Review live behavior and state/API effect,PARTIAL_CODE_ONLY,apps/frontend/src/components/jellyfin/PlayerControls.tsx:231,Source-inventoried and route rendered; control not individually mutated during safe audit
INT-01718,(shared/component),button,apps/frontend/src/components/jellyfin/PlayerControls.tsx,240,<button,Review live behavior and state/API effect,PARTIAL_CODE_ONLY,apps/frontend/src/components/jellyfin/PlayerControls.tsx:240,Source-inventoried and route rendered; control not individually mutated during safe audit
INT-01719,(shared/component),click-handler,apps/frontend/src/components/jellyfin/PlayerControls.tsx,242,onClick={() => { onSetPlaybackRate(rate); setShowSettings(false); }},Review live behavior and state/API effect,PARTIAL_CODE_ONLY,apps/frontend/src/components/jellyfin/PlayerControls.tsx:242,Source-inventoried and route rendered; control not individually mutated during safe audit
INT-01720,(shared/component),button,apps/frontend/src/components/jellyfin/PlayerControls.tsx,255,<button,Review live behavior and state/API effect,PARTIAL_CODE_ONLY,apps/frontend/src/components/jellyfin/PlayerControls.tsx:255,Source-inventoried and route rendered; control not individually mutated during safe audit
INT-01721,(shared/component),click-handler,apps/frontend/src/components/jellyfin/PlayerControls.tsx,256,onClick={() => containerRef.current && onToggleFullscreen(containerRef.current)},Review live behavior and state/API effect,PARTIAL_CODE_ONLY,apps/frontend/src/components/jellyfin/PlayerControls.tsx:256,Source-inventoried and route rendered; control not individually mutated during safe audit
INT-01722,(shared/component),button,apps/frontend/src/components/jellyfin/SubtitleSelector.tsx,18,"<button onClick={onClose} className=""text-white/50 hover:text-white"">",Review live behavior and state/API effect,PARTIAL_CODE_ONLY,apps/frontend/src/components/jellyfin/SubtitleSelector.tsx:18,Source-inventoried and route rendered; control not individually mutated during safe audit
INT-01723,(shared/component),click-handler,apps/frontend/src/components/jellyfin/SubtitleSelector.tsx,18,"<button onClick={onClose} className=""text-white/50 hover:text-white"">",Review live behavior and state/API effect,PARTIAL_CODE_ONLY,apps/frontend/src/components/jellyfin/SubtitleSelector.tsx:18,Source-inventoried and route rendered; control not individually mutated during safe audit
INT-01724,(shared/component),button,apps/frontend/src/components/jellyfin/SubtitleSelector.tsx,23,<button,Review live behavior and state/API effect,PARTIAL_CODE_ONLY,apps/frontend/src/components/jellyfin/SubtitleSelector.tsx:23,Source-inventoried and route rendered; control not individually mutated during safe audit
INT-01725,(shared/component),click-handler,apps/frontend/src/components/jellyfin/SubtitleSelector.tsx,24,onClick={() => onSelect(-1)},Review live behavior and state/API effect,PARTIAL_CODE_ONLY,apps/frontend/src/components/jellyfin/SubtitleSelector.tsx:24,Source-inventoried and route rendered; control not individually mutated during safe audit
INT-01726,(shared/component),button,apps/frontend/src/components/jellyfin/SubtitleSelector.tsx,34,<button,Review live behavior and state/API effect,PARTIAL_CODE_ONLY,apps/frontend/src/components/jellyfin/SubtitleSelector.tsx:34,Source-inventoried and route rendered; control not individually mutated during safe audit
INT-01727,(shared/component),click-handler,apps/frontend/src/components/jellyfin/SubtitleSelector.tsx,36,onClick={() => onSelect(track.index)},Review live behavior and state/API effect,PARTIAL_CODE_ONLY,apps/frontend/src/components/jellyfin/SubtitleSelector.tsx:36,Source-inventoried and route rendered; control not individually mutated during safe audit
INT-01728,(shared/component),button,apps/frontend/src/components/music/nowplaying/NowPlayingView.tsx,186,<button,Review live behavior and state/API effect,PARTIAL_CODE_ONLY,apps/frontend/src/components/music/nowplaying/NowPlayingView.tsx:186,Source-inventoried and route rendered; control not individually mutated during safe audit
INT-01729,(shared/component),click-handler,apps/frontend/src/components/music/nowplaying/NowPlayingView.tsx,188,onClick={() => setActiveTab(tab.id)},Review live behavior and state/API effect,PARTIAL_CODE_ONLY,apps/frontend/src/components/music/nowplaying/NowPlayingView.tsx:188,Source-inventoried and route rendered; control not individually mutated during safe audit
INT-01730,(shared/component),button,apps/frontend/src/components/music/nowplaying/NowPlayingView.tsx,208,<button,Review live behavior and state/API effect,PARTIAL_CODE_ONLY,apps/frontend/src/components/music/nowplaying/NowPlayingView.tsx:208,Source-inventoried and route rendered; control not individually mutated during safe audit
INT-01731,(shared/component),click-handler,apps/frontend/src/components/music/nowplaying/NowPlayingView.tsx,209,onClick={onClose},Review live behavior and state/API effect,PARTIAL_CODE_ONLY,apps/frontend/src/components/music/nowplaying/NowPlayingView.tsx:209,Source-inventoried and route rendered; control not individually mutated during safe audit
INT-01732,(shared/component),button,apps/frontend/src/components/music/nowplaying/NowPlayingView.tsx,352,<button,Review live behavior and state/API effect,PARTIAL_CODE_ONLY,apps/frontend/src/components/music/nowplaying/NowPlayingView.tsx:352,Source-inventoried and route rendered; control not individually mutated during safe audit
INT-01733,(shared/component),click-handler,apps/frontend/src/components/music/nowplaying/NowPlayingView.tsx,353,onClick={() => toggleFavMut.mutate(track.id)},Review live behavior and state/API effect,PARTIAL_CODE_ONLY,apps/frontend/src/components/music/nowplaying/NowPlayingView.tsx:353,Source-inventoried and route rendered; control not individually mutated during safe audit
INT-01734,(shared/component),button,apps/frontend/src/components/music/nowplaying/NowPlayingView.tsx,365,<button,Review live behavior and state/API effect,PARTIAL_CODE_ONLY,apps/frontend/src/components/music/nowplaying/NowPlayingView.tsx:365,Source-inventoried and route rendered; control not individually mutated during safe audit
INT-01735,(shared/component),click-handler,apps/frontend/src/components/music/nowplaying/NowPlayingView.tsx,367,onClick={() => {,Review live behavior and state/API effect,PARTIAL_CODE_ONLY,apps/frontend/src/components/music/nowplaying/NowPlayingView.tsx:367,Source-inventoried and route rendered; control not individually mutated during safe audit
INT-01736,(shared/component),button,apps/frontend/src/components/music/nowplaying/NowPlayingView.tsx,394,<button,Review live behavior and state/API effect,PARTIAL_CODE_ONLY,apps/frontend/src/components/music/nowplaying/NowPlayingView.tsx:394,Source-inventoried and route rendered; control not individually mutated during safe audit
INT-01737,(shared/component),click-handler,apps/frontend/src/components/music/nowplaying/NowPlayingView.tsx,395,onClick={previous},Review live behavior and state/API effect,PARTIAL_CODE_ONLY,apps/frontend/src/components/music/nowplaying/NowPlayingView.tsx:395,Source-inventoried and route rendered; control not individually mutated during safe audit
INT-01738,(shared/component),button,apps/frontend/src/components/music/nowplaying/NowPlayingView.tsx,401,<button,Review live behavior and state/API effect,PARTIAL_CODE_ONLY,apps/frontend/src/components/music/nowplaying/NowPlayingView.tsx:401,Source-inventoried and route rendered; control not individually mutated during safe audit
INT-01739,(shared/component),click-handler,apps/frontend/src/components/music/nowplaying/NowPlayingView.tsx,402,onClick={togglePlay},Review live behavior and state/API effect,PARTIAL_CODE_ONLY,apps/frontend/src/components/music/nowplaying/NowPlayingView.tsx:402,Source-inventoried and route rendered; control not individually mutated during safe audit
INT-01740,(shared/component),button,apps/frontend/src/components/music/nowplaying/NowPlayingView.tsx,413,<button,Review live behavior and state/API effect,PARTIAL_CODE_ONLY,apps/frontend/src/components/music/nowplaying/NowPlayingView.tsx:413,Source-inventoried and route rendered; control not individually mutated during safe audit
INT-01741,(shared/component),click-handler,apps/frontend/src/components/music/nowplaying/NowPlayingView.tsx,414,onClick={next},Review live behavior and state/API effect,PARTIAL_CODE_ONLY,apps/frontend/src/components/music/nowplaying/NowPlayingView.tsx:414,Source-inventoried and route rendered; control not individually mutated during safe audit
INT-01742,(shared/component),button,apps/frontend/src/components/music/nowplaying/NowPlayingView.tsx,504,<button,Review live behavior and state/API effect,PARTIAL_CODE_ONLY,apps/frontend/src/components/music/nowplaying/NowPlayingView.tsx:504,Source-inventoried and route rendered; control not individually mutated during safe audit
INT-01743,(shared/component),click-handler,apps/frontend/src/components/music/nowplaying/NowPlayingView.tsx,505,onClick={onClearQueue},Review live behavior and state/API effect,PARTIAL_CODE_ONLY,apps/frontend/src/components/music/nowplaying/NowPlayingView.tsx:505,Source-inventoried and route rendered; control not individually mutated during safe audit
INT-01744,(shared/component),drag-handler,apps/frontend/src/components/music/nowplaying/NowPlayingView.tsx,556,onDragStart={handleDragStart},Review live behavior and state/API effect,PARTIAL_CODE_ONLY,apps/frontend/src/components/music/nowplaying/NowPlayingView.tsx:556,Source-inventoried and route rendered; control not individually mutated during safe audit
INT-01745,(shared/component),drag-handler,apps/frontend/src/components/music/nowplaying/NowPlayingView.tsx,557,onDragEnd={handleDragEnd},Review live behavior and state/API effect,PARTIAL_CODE_ONLY,apps/frontend/src/components/music/nowplaying/NowPlayingView.tsx:557,Source-inventoried and route rendered; control not individually mutated during safe audit
INT-01746,(shared/component),button,apps/frontend/src/components/music/nowplaying/NowPlayingView.tsx,728,<button,Review live behavior and state/API effect,PARTIAL_CODE_ONLY,apps/frontend/src/components/music/nowplaying/NowPlayingView.tsx:728,Source-inventoried and route rendered; control not individually mutated during safe audit
INT-01747,(shared/component),click-handler,apps/frontend/src/components/music/nowplaying/NowPlayingView.tsx,729,onClick={onMoveUp},Review live behavior and state/API effect,PARTIAL_CODE_ONLY,apps/frontend/src/components/music/nowplaying/NowPlayingView.tsx:729,Source-inventoried and route rendered; control not individually mutated during safe audit
INT-01748,(shared/component),button,apps/frontend/src/components/music/nowplaying/NowPlayingView.tsx,737,<button,Review live behavior and state/API effect,PARTIAL_CODE_ONLY,apps/frontend/src/components/music/nowplaying/NowPlayingView.tsx:737,Source-inventoried and route rendered; control not individually mutated during safe audit
INT-01749,(shared/component),click-handler,apps/frontend/src/components/music/nowplaying/NowPlayingView.tsx,738,onClick={onMoveDown},Review live behavior and state/API effect,PARTIAL_CODE_ONLY,apps/frontend/src/components/music/nowplaying/NowPlayingView.tsx:738,Source-inventoried and route rendered; control not individually mutated during safe audit
INT-01750,(shared/component),button,apps/frontend/src/components/music/nowplaying/NowPlayingView.tsx,746,<button,Review live behavior and state/API effect,PARTIAL_CODE_ONLY,apps/frontend/src/components/music/nowplaying/NowPlayingView.tsx:746,Source-inventoried and route rendered; control not individually mutated during safe audit
INT-01751,(shared/component),click-handler,apps/frontend/src/components/music/nowplaying/NowPlayingView.tsx,747,onClick={() => onPlay(index)},Review live behavior and state/API effect,PARTIAL_CODE_ONLY,apps/frontend/src/components/music/nowplaying/NowPlayingView.tsx:747,Source-inventoried and route rendered; control not individually mutated during safe audit
INT-01752,(shared/component),button,apps/frontend/src/components/music/nowplaying/NowPlayingView.tsx,755,<button,Review live behavior and state/API effect,PARTIAL_CODE_ONLY,apps/frontend/src/components/music/nowplaying/NowPlayingView.tsx:755,Source-inventoried and route rendered; control not individually mutated during safe audit
INT-01753,(shared/component),click-handler,apps/frontend/src/components/music/nowplaying/NowPlayingView.tsx,756,onClick={() => onRemove(index)},Review live behavior and state/API effect,PARTIAL_CODE_ONLY,apps/frontend/src/components/music/nowplaying/NowPlayingView.tsx:756,Source-inventoried and route rendered; control not individually mutated during safe audit
INT-01754,(shared/component),button,apps/frontend/src/components/music/nowplaying/NowPlayingView.tsx,800,<button,Review live behavior and state/API effect,PARTIAL_CODE_ONLY,apps/frontend/src/components/music/nowplaying/NowPlayingView.tsx:800,Source-inventoried and route rendered; control not individually mutated during safe audit
INT-01755,(shared/component),click-handler,apps/frontend/src/components/music/nowplaying/NowPlayingView.tsx,801,onClick={onClose},Review live behavior and state/API effect,PARTIAL_CODE_ONLY,apps/frontend/src/components/music/nowplaying/NowPlayingView.tsx:801,Source-inventoried and route rendered; control not individually mutated during safe audit
INT-01756,(shared/component),button,apps/frontend/src/components/music/nowplaying/NowPlayingView.tsx,877,<button,Review live behavior and state/API effect,PARTIAL_CODE_ONLY,apps/frontend/src/components/music/nowplaying/NowPlayingView.tsx:877,Source-inventoried and route rendered; control not individually mutated during safe audit
INT-01757,(shared/component),click-handler,apps/frontend/src/components/music/nowplaying/NowPlayingView.tsx,878,onClick={onClose},Review live behavior and state/API effect,PARTIAL_CODE_ONLY,apps/frontend/src/components/music/nowplaying/NowPlayingView.tsx:878,Source-inventoried and route rendered; control not individually mutated during safe audit
INT-01758,(shared/component),click-handler,apps/frontend/src/components/music/nowplaying/NowPlayingView.tsx,918,onClick={handleSeek},Review live behavior and state/API effect,PARTIAL_CODE_ONLY,apps/frontend/src/components/music/nowplaying/NowPlayingView.tsx:918,Source-inventoried and route rendered; control not individually mutated during safe audit
INT-01759,(shared/component),button,apps/frontend/src/components/music/nowplaying/NowPlayingView.tsx,935,<button,Review live behavior and state/API effect,PARTIAL_CODE_ONLY,apps/frontend/src/components/music/nowplaying/NowPlayingView.tsx:935,Source-inventoried and route rendered; control not individually mutated during safe audit
INT-01760,(shared/component),click-handler,apps/frontend/src/components/music/nowplaying/NowPlayingView.tsx,936,onClick={onShuffle},Review live behavior and state/API effect,PARTIAL_CODE_ONLY,apps/frontend/src/components/music/nowplaying/NowPlayingView.tsx:936,Source-inventoried and route rendered; control not individually mutated during safe audit
INT-01761,(shared/component),button,apps/frontend/src/components/music/nowplaying/NowPlayingView.tsx,945,"<button onClick={onPrev} className=""text-white hover:text-[var(--music-text-secondary)]"">",Review live behavior and state/API effect,PARTIAL_CODE_ONLY,apps/frontend/src/components/music/nowplaying/NowPlayingView.tsx:945,Source-inventoried and route rendered; control not individually mutated during safe audit
INT-01762,(shared/component),click-handler,apps/frontend/src/components/music/nowplaying/NowPlayingView.tsx,945,"<button onClick={onPrev} className=""text-white hover:text-[var(--music-text-secondary)]"">",Review live behavior and state/API effect,PARTIAL_CODE_ONLY,apps/frontend/src/components/music/nowplaying/NowPlayingView.tsx:945,Source-inventoried and route rendered; control not individually mutated during safe audit
INT-01763,(shared/component),button,apps/frontend/src/components/music/nowplaying/NowPlayingView.tsx,948,<button,Review live behavior and state/API effect,PARTIAL_CODE_ONLY,apps/frontend/src/components/music/nowplaying/NowPlayingView.tsx:948,Source-inventoried and route rendered; control not individually mutated during safe audit
INT-01764,(shared/component),click-handler,apps/frontend/src/components/music/nowplaying/NowPlayingView.tsx,949,onClick={onTogglePlay},Review live behavior and state/API effect,PARTIAL_CODE_ONLY,apps/frontend/src/components/music/nowplaying/NowPlayingView.tsx:949,Source-inventoried and route rendered; control not individually mutated during safe audit
INT-01765,(shared/component),button,apps/frontend/src/components/music/nowplaying/NowPlayingView.tsx,958,"<button onClick={onNext} className=""text-white hover:text-[var(--music-text-secondary)]"">",Review live behavior and state/API effect,PARTIAL_CODE_ONLY,apps/frontend/src/components/music/nowplaying/NowPlayingView.tsx:958,Source-inventoried and route rendered; control not individually mutated during safe audit
INT-01766,(shared/component),click-handler,apps/frontend/src/components/music/nowplaying/NowPlayingView.tsx,958,"<button onClick={onNext} className=""text-white hover:text-[var(--music-text-secondary)]"">",Review live behavior and state/API effect,PARTIAL_CODE_ONLY,apps/frontend/src/components/music/nowplaying/NowPlayingView.tsx:958,Source-inventoried and route rendered; control not individually mutated during safe audit
INT-01767,(shared/component),button,apps/frontend/src/components/music/nowplaying/NowPlayingView.tsx,961,<button,Review live behavior and state/API effect,PARTIAL_CODE_ONLY,apps/frontend/src/components/music/nowplaying/NowPlayingView.tsx:961,Source-inventoried and route rendered; control not individually mutated during safe audit
INT-01768,(shared/component),click-handler,apps/frontend/src/components/music/nowplaying/NowPlayingView.tsx,962,onClick={onRepeat},Review live behavior and state/API effect,PARTIAL_CODE_ONLY,apps/frontend/src/components/music/nowplaying/NowPlayingView.tsx:962,Source-inventoried and route rendered; control not individually mutated during safe audit
INT-01769,(shared/component),click-handler,apps/frontend/src/components/music/player/LyricsOverlay.tsx,141,onClick={onClose},Review live behavior and state/API effect,PARTIAL_CODE_ONLY,apps/frontend/src/components/music/player/LyricsOverlay.tsx:141,Source-inventoried and route rendered; control not individually mutated during safe audit
INT-01770,(shared/component),click-handler,apps/frontend/src/components/music/player/LyricsOverlay.tsx,145,onClick={(e) => e.stopPropagation()},Review live behavior and state/API effect,PARTIAL_CODE_ONLY,apps/frontend/src/components/music/player/LyricsOverlay.tsx:145,Source-inventoried and route rendered; control not individually mutated during safe audit
INT-01771,(shared/component),button,apps/frontend/src/components/music/player/LyricsOverlay.tsx,148,<button,Review live behavior and state/API effect,PARTIAL_CODE_ONLY,apps/frontend/src/components/music/player/LyricsOverlay.tsx:148,Source-inventoried and route rendered; control not individually mutated during safe audit
INT-01772,(shared/component),click-handler,apps/frontend/src/components/music/player/LyricsOverlay.tsx,149,onClick={onClose},Review live behavior and state/API effect,PARTIAL_CODE_ONLY,apps/frontend/src/components/music/player/LyricsOverlay.tsx:149,Source-inventoried and route rendered; control not individually mutated during safe audit
INT-01773,(shared/component),button,apps/frontend/src/components/music/player/MiniPlayer.tsx,176,<button,Review live behavior and state/API effect,PARTIAL_CODE_ONLY,apps/frontend/src/components/music/player/MiniPlayer.tsx:176,Source-inventoried and route rendered; control not individually mutated during safe audit
INT-01774,(shared/component),click-handler,apps/frontend/src/components/music/player/MiniPlayer.tsx,177,onClick={toggleMiniPlayer},Review live behavior and state/API effect,PARTIAL_CODE_ONLY,apps/frontend/src/components/music/player/MiniPlayer.tsx:177,Source-inventoried and route rendered; control not individually mutated during safe audit
INT-01775,(shared/component),click-handler,apps/frontend/src/components/music/player/MiniPlayer.tsx,189,onClick={handleProgressClick},Review live behavior and state/API effect,PARTIAL_CODE_ONLY,apps/frontend/src/components/music/player/MiniPlayer.tsx:189,Source-inventoried and route rendered; control not individually mutated during safe audit
INT-01776,(shared/component),button,apps/frontend/src/components/music/player/MiniPlayer.tsx,207,<button,Review live behavior and state/API effect,PARTIAL_CODE_ONLY,apps/frontend/src/components/music/player/MiniPlayer.tsx:207,Source-inventoried and route rendered; control not individually mutated during safe audit
INT-01777,(shared/component),click-handler,apps/frontend/src/components/music/player/MiniPlayer.tsx,208,onClick={previous},Review live behavior and state/API effect,PARTIAL_CODE_ONLY,apps/frontend/src/components/music/player/MiniPlayer.tsx:208,Source-inventoried and route rendered; control not individually mutated during safe audit
INT-01778,(shared/component),button,apps/frontend/src/components/music/player/MiniPlayer.tsx,218,<button,Review live behavior and state/API effect,PARTIAL_CODE_ONLY,apps/frontend/src/components/music/player/MiniPlayer.tsx:218,Source-inventoried and route rendered; control not individually mutated during safe audit
INT-01779,(shared/component),click-handler,apps/frontend/src/components/music/player/MiniPlayer.tsx,219,onClick={togglePlay},Review live behavior and state/API effect,PARTIAL_CODE_ONLY,apps/frontend/src/components/music/player/MiniPlayer.tsx:219,Source-inventoried and route rendered; control not individually mutated during safe audit
INT-01780,(shared/component),button,apps/frontend/src/components/music/player/MiniPlayer.tsx,243,<button,Review live behavior and state/API effect,PARTIAL_CODE_ONLY,apps/frontend/src/components/music/player/MiniPlayer.tsx:243,Source-inventoried and route rendered; control not individually mutated during safe audit
INT-01781,(shared/component),click-handler,apps/frontend/src/components/music/player/MiniPlayer.tsx,244,onClick={next},Review live behavior and state/API effect,PARTIAL_CODE_ONLY,apps/frontend/src/components/music/player/MiniPlayer.tsx:244,Source-inventoried and route rendered; control not individually mutated during safe audit
INT-01782,(shared/component),button,apps/frontend/src/components/music/player/MiniPlayer.tsx,258,<button,Review live behavior and state/API effect,PARTIAL_CODE_ONLY,apps/frontend/src/components/music/player/MiniPlayer.tsx:258,Source-inventoried and route rendered; control not individually mutated during safe audit
INT-01783,(shared/component),click-handler,apps/frontend/src/components/music/player/MiniPlayer.tsx,259,onClick={toggleMute},Review live behavior and state/API effect,PARTIAL_CODE_ONLY,apps/frontend/src/components/music/player/MiniPlayer.tsx:259,Source-inventoried and route rendered; control not individually mutated during safe audit
INT-01784,(shared/component),input,apps/frontend/src/components/music/player/MiniPlayer.tsx,270,<input,Review live behavior and state/API effect,PARTIAL_CODE_ONLY,apps/frontend/src/components/music/player/MiniPlayer.tsx:270,Source-inventoried and route rendered; control not individually mutated during safe audit
INT-01785,(shared/component),change-handler,apps/frontend/src/components/music/player/MiniPlayer.tsx,276,onChange={(e) => setVolume(parseFloat(e.target.value))},Review live behavior and state/API effect,PARTIAL_CODE_ONLY,apps/frontend/src/components/music/player/MiniPlayer.tsx:276,Source-inventoried and route rendered; control not individually mutated during safe audit
INT-01786,(shared/component),button,apps/frontend/src/components/music/player/MusicPlayerBar.tsx,450,<button,Review live behavior and state/API effect,PARTIAL_CODE_ONLY,apps/frontend/src/components/music/player/MusicPlayerBar.tsx:450,Source-inventoried and route rendered; control not individually mutated during safe audit
INT-01787,(shared/component),click-handler,apps/frontend/src/components/music/player/MusicPlayerBar.tsx,451,onClick={onRetry},Review live behavior and state/API effect,PARTIAL_CODE_ONLY,apps/frontend/src/components/music/player/MusicPlayerBar.tsx:451,Source-inventoried and route rendered; control not individually mutated during safe audit
INT-01788,(shared/component),button,apps/frontend/src/components/music/player/PlayerCenter.tsx,40,<button,Review live behavior and state/API effect,PARTIAL_CODE_ONLY,apps/frontend/src/components/music/player/PlayerCenter.tsx:40,Source-inventoried and route rendered; control not individually mutated during safe audit
INT-01789,(shared/component),click-handler,apps/frontend/src/components/music/player/PlayerCenter.tsx,41,onClick={onClick},Review live behavior and state/API effect,PARTIAL_CODE_ONLY,apps/frontend/src/components/music/player/PlayerCenter.tsx:41,Source-inventoried and route rendered; control not individually mutated during safe audit
INT-01790,(shared/component),button,apps/frontend/src/components/music/player/PlayerCenter.tsx,79,<button,Review live behavior and state/API effect,PARTIAL_CODE_ONLY,apps/frontend/src/components/music/player/PlayerCenter.tsx:79,Source-inventoried and route rendered; control not individually mutated during safe audit
INT-01791,(shared/component),click-handler,apps/frontend/src/components/music/player/PlayerCenter.tsx,80,onClick={onClick},Review live behavior and state/API effect,PARTIAL_CODE_ONLY,apps/frontend/src/components/music/player/PlayerCenter.tsx:80,Source-inventoried and route rendered; control not individually mutated during safe audit
INT-01792,(shared/component),button,apps/frontend/src/components/music/player/PlayerCenter.tsx,111,<button,Review live behavior and state/API effect,PARTIAL_CODE_ONLY,apps/frontend/src/components/music/player/PlayerCenter.tsx:111,Source-inventoried and route rendered; control not individually mutated during safe audit
INT-01793,(shared/component),click-handler,apps/frontend/src/components/music/player/PlayerCenter.tsx,112,onClick={onClick},Review live behavior and state/API effect,PARTIAL_CODE_ONLY,apps/frontend/src/components/music/player/PlayerCenter.tsx:112,Source-inventoried and route rendered; control not individually mutated during safe audit
INT-01794,(shared/component),click-handler,apps/frontend/src/components/music/player/PlayerCenter.tsx,240,onClick={handleClick},Review live behavior and state/API effect,PARTIAL_CODE_ONLY,apps/frontend/src/components/music/player/PlayerCenter.tsx:240,Source-inventoried and route rendered; control not individually mutated during safe audit
INT-01795,(shared/component),click-handler,apps/frontend/src/components/music/player/PlayerCenter.tsx,336,<ShuffleButton active={shuffle} onClick={onToggleShuffle} disabled={isLoading} />,Review live behavior and state/API effect,PARTIAL_CODE_ONLY,apps/frontend/src/components/music/player/PlayerCenter.tsx:336,Source-inventoried and route rendered; control not individually mutated during safe audit
INT-01796,(shared/component),button,apps/frontend/src/components/music/player/PlayerCenter.tsx,337,<button,Review live behavior and state/API effect,PARTIAL_CODE_ONLY,apps/frontend/src/components/music/player/PlayerCenter.tsx:337,Source-inventoried and route rendered; control not individually mutated during safe audit
INT-01797,(shared/component),click-handler,apps/frontend/src/components/music/player/PlayerCenter.tsx,338,onClick={onPrevious},Review live behavior and state/API effect,PARTIAL_CODE_ONLY,apps/frontend/src/components/music/player/PlayerCenter.tsx:338,Source-inventoried and route rendered; control not individually mutated during safe audit
INT-01798,(shared/component),click-handler,apps/frontend/src/components/music/player/PlayerCenter.tsx,353,onClick={onTogglePlay},Review live behavior and state/API effect,PARTIAL_CODE_ONLY,apps/frontend/src/components/music/player/PlayerCenter.tsx:353,Source-inventoried and route rendered; control not individually mutated during safe audit
INT-01799,(shared/component),button,apps/frontend/src/components/music/player/PlayerCenter.tsx,355,<button,Review live behavior and state/API effect,PARTIAL_CODE_ONLY,apps/frontend/src/components/music/player/PlayerCenter.tsx:355,Source-inventoried and route rendered; control not individually mutated during safe audit
INT-01800,(shared/component),click-handler,apps/frontend/src/components/music/player/PlayerCenter.tsx,356,onClick={onNext},Review live behavior and state/API effect,PARTIAL_CODE_ONLY,apps/frontend/src/components/music/player/PlayerCenter.tsx:356,Source-inventoried and route rendered; control not individually mutated during safe audit
INT-01801,(shared/component),click-handler,apps/frontend/src/components/music/player/PlayerCenter.tsx,368,<RepeatButton mode={repeatMode} onClick={onCycleRepeat} disabled={isLoading} />,Review live behavior and state/API effect,PARTIAL_CODE_ONLY,apps/frontend/src/components/music/player/PlayerCenter.tsx:368,Source-inventoried and route rendered; control not individually mutated during safe audit
INT-01802,(shared/component),click-handler,apps/frontend/src/components/music/player/PlayerLeft.tsx,84,onClick={() => {,Review live behavior and state/API effect,PARTIAL_CODE_ONLY,apps/frontend/src/components/music/player/PlayerLeft.tsx:84,Source-inventoried and route rendered; control not individually mutated during safe audit
INT-01803,(shared/component),link,apps/frontend/src/components/music/player/PlayerLeft.tsx,129,<a,Review live behavior and state/API effect,PARTIAL_CODE_ONLY,apps/frontend/src/components/music/player/PlayerLeft.tsx:129,Source-inventoried and route rendered; control not individually mutated during safe audit
INT-01804,(shared/component),click-handler,apps/frontend/src/components/music/player/PlayerLeft.tsx,131,onClick={(e) => {,Review live behavior and state/API effect,PARTIAL_CODE_ONLY,apps/frontend/src/components/music/player/PlayerLeft.tsx:131,Source-inventoried and route rendered; control not individually mutated during safe audit
INT-01805,(shared/component),button,apps/frontend/src/components/music/player/PlayerLeft.tsx,169,<button,Review live behavior and state/API effect,PARTIAL_CODE_ONLY,apps/frontend/src/components/music/player/PlayerLeft.tsx:169,Source-inventoried and route rendered; control not individually mutated during safe audit
INT-01806,(shared/component),click-handler,apps/frontend/src/components/music/player/PlayerLeft.tsx,170,onClick={() => onLikeToggle(currentTrack.id)},Review live behavior and state/API effect,PARTIAL_CODE_ONLY,apps/frontend/src/components/music/player/PlayerLeft.tsx:170,Source-inventoried and route rendered; control not individually mutated during safe audit
INT-01807,(shared/component),button,apps/frontend/src/components/music/player/PlayerLeft.tsx,188,<button,Review live behavior and state/API effect,PARTIAL_CODE_ONLY,apps/frontend/src/components/music/player/PlayerLeft.tsx:188,Source-inventoried and route rendered; control not individually mutated during safe audit
INT-01808,(shared/component),click-handler,apps/frontend/src/components/music/player/PlayerLeft.tsx,189,onClick={onExpandToggle},Review live behavior and state/API effect,PARTIAL_CODE_ONLY,apps/frontend/src/components/music/player/PlayerLeft.tsx:189,Source-inventoried and route rendered; control not individually mutated during safe audit
INT-01809,(shared/component),button,apps/frontend/src/components/music/player/PlayerRight.tsx,52,<button,Review live behavior and state/API effect,PARTIAL_CODE_ONLY,apps/frontend/src/components/music/player/PlayerRight.tsx:52,Source-inventoried and route rendered; control not individually mutated during safe audit
INT-01810,(shared/component),click-handler,apps/frontend/src/components/music/player/PlayerRight.tsx,53,onClick={onToggleMute},Review live behavior and state/API effect,PARTIAL_CODE_ONLY,apps/frontend/src/components/music/player/PlayerRight.tsx:53,Source-inventoried and route rendered; control not individually mutated during safe audit
INT-01811,(shared/component),input,apps/frontend/src/components/music/player/PlayerRight.tsx,64,<input,Review live behavior and state/API effect,PARTIAL_CODE_ONLY,apps/frontend/src/components/music/player/PlayerRight.tsx:64,Source-inventoried and route rendered; control not individually mutated during safe audit
INT-01812,(shared/component),change-handler,apps/frontend/src/components/music/player/PlayerRight.tsx,70,onChange={(e) => onVolumeChange(parseFloat(e.target.value))},Review live behavior and state/API effect,PARTIAL_CODE_ONLY,apps/frontend/src/components/music/player/PlayerRight.tsx:70,Source-inventoried and route rendered; control not individually mutated during safe audit
INT-01813,(shared/component),button,apps/frontend/src/components/music/player/PlayerRight.tsx,110,<button,Review live behavior and state/API effect,PARTIAL_CODE_ONLY,apps/frontend/src/components/music/player/PlayerRight.tsx:110,Source-inventoried and route rendered; control not individually mutated during safe audit
INT-01814,(shared/component),click-handler,apps/frontend/src/components/music/player/PlayerRight.tsx,112,onClick={() => {,Review live behavior and state/API effect,PARTIAL_CODE_ONLY,apps/frontend/src/components/music/player/PlayerRight.tsx:112,Source-inventoried and route rendered; control not individually mutated during safe audit
INT-01815,(shared/component),button,apps/frontend/src/components/music/player/PlayerRight.tsx,145,<button,Review live behavior and state/API effect,PARTIAL_CODE_ONLY,apps/frontend/src/components/music/player/PlayerRight.tsx:145,Source-inventoried and route rendered; control not individually mutated during safe audit
INT-01816,(shared/component),click-handler,apps/frontend/src/components/music/player/PlayerRight.tsx,146,onClick={() => {,Review live behavior and state/API effect,PARTIAL_CODE_ONLY,apps/frontend/src/components/music/player/PlayerRight.tsx:146,Source-inventoried and route rendered; control not individually mutated during safe audit
INT-01817,(shared/component),button,apps/frontend/src/components/music/player/PlayerRight.tsx,224,<button,Review live behavior and state/API effect,PARTIAL_CODE_ONLY,apps/frontend/src/components/music/player/PlayerRight.tsx:224,Source-inventoried and route rendered; control not individually mutated during safe audit
INT-01818,(shared/component),click-handler,apps/frontend/src/components/music/player/PlayerRight.tsx,225,onClick={onLyricsToggle},Review live behavior and state/API effect,PARTIAL_CODE_ONLY,apps/frontend/src/components/music/player/PlayerRight.tsx:225,Source-inventoried and route rendered; control not individually mutated during safe audit
INT-01819,(shared/component),button,apps/frontend/src/components/music/player/PlayerRight.tsx,242,<button,Review live behavior and state/API effect,PARTIAL_CODE_ONLY,apps/frontend/src/components/music/player/PlayerRight.tsx:242,Source-inventoried and route rendered; control not individually mutated during safe audit
INT-01820,(shared/component),click-handler,apps/frontend/src/components/music/player/PlayerRight.tsx,243,onClick={onQueueToggle},Review live behavior and state/API effect,PARTIAL_CODE_ONLY,apps/frontend/src/components/music/player/PlayerRight.tsx:243,Source-inventoried and route rendered; control not individually mutated during safe audit
INT-01821,(shared/component),button,apps/frontend/src/components/music/player/PlayerRight.tsx,272,<button,Review live behavior and state/API effect,PARTIAL_CODE_ONLY,apps/frontend/src/components/music/player/PlayerRight.tsx:272,Source-inventoried and route rendered; control not individually mutated during safe audit
INT-01822,(shared/component),click-handler,apps/frontend/src/components/music/player/PlayerRight.tsx,273,onClick={() => setIsDeviceDropdownOpen((prev) => !prev)},Review live behavior and state/API effect,PARTIAL_CODE_ONLY,apps/frontend/src/components/music/player/PlayerRight.tsx:273,Source-inventoried and route rendered; control not individually mutated during safe audit
INT-01823,(shared/component),button,apps/frontend/src/components/music/player/PlayerRight.tsx,293,<button,Review live behavior and state/API effect,PARTIAL_CODE_ONLY,apps/frontend/src/components/music/player/PlayerRight.tsx:293,Source-inventoried and route rendered; control not individually mutated during safe audit
INT-01824,(shared/component),click-handler,apps/frontend/src/components/music/player/PlayerRight.tsx,294,onClick={() => useMusicPlayerStore.getState().toggleMiniPlayer()},Review live behavior and state/API effect,PARTIAL_CODE_ONLY,apps/frontend/src/components/music/player/PlayerRight.tsx:294,Source-inventoried and route rendered; control not individually mutated during safe audit
INT-01825,(shared/component),button,apps/frontend/src/components/music/player/PlayerRight.tsx,303,<button,Review live behavior and state/API effect,PARTIAL_CODE_ONLY,apps/frontend/src/components/music/player/PlayerRight.tsx:303,Source-inventoried and route rendered; control not individually mutated during safe audit
INT-01826,(shared/component),click-handler,apps/frontend/src/components/music/player/PlayerRight.tsx,304,onClick={onFullscreenClick},Review live behavior and state/API effect,PARTIAL_CODE_ONLY,apps/frontend/src/components/music/player/PlayerRight.tsx:304,Source-inventoried and route rendered; control not individually mutated during safe audit
INT-01827,(shared/component),button,apps/frontend/src/components/music/player/SleepTimerButton.tsx,47,<button,Review live behavior and state/API effect,PARTIAL_CODE_ONLY,apps/frontend/src/components/music/player/SleepTimerButton.tsx:47,Source-inventoried and route rendered; control not individually mutated during safe audit
INT-01828,(shared/component),click-handler,apps/frontend/src/components/music/player/SleepTimerButton.tsx,48,onClick={() => setShowPopover(!showPopover)},Review live behavior and state/API effect,PARTIAL_CODE_ONLY,apps/frontend/src/components/music/player/SleepTimerButton.tsx:48,Source-inventoried and route rendered; control not individually mutated during safe audit
INT-01829,(shared/component),click-handler,apps/frontend/src/components/music/player/SleepTimerButton.tsx,61,onClick={() => setShowPopover(false)},Review live behavior and state/API effect,PARTIAL_CODE_ONLY,apps/frontend/src/components/music/player/SleepTimerButton.tsx:61,Source-inventoried and route rendered; control not individually mutated during safe audit
INT-01830,(shared/component),button,apps/frontend/src/components/music/player/SleepTimerButton.tsx,82,<button,Review live behavior and state/API effect,PARTIAL_CODE_ONLY,apps/frontend/src/components/music/player/SleepTimerButton.tsx:82,Source-inventoried and route rendered; control not individually mutated during safe audit
INT-01831,(shared/component),click-handler,apps/frontend/src/components/music/player/SleepTimerButton.tsx,84,onClick={() => {,Review live behavior and state/API effect,PARTIAL_CODE_ONLY,apps/frontend/src/components/music/player/SleepTimerButton.tsx:84,Source-inventoried and route rendered; control not individually mutated during safe audit
INT-01832,(shared/component),button,apps/frontend/src/components/music/player/SleepTimerButton.tsx,94,<button,Review live behavior and state/API effect,PARTIAL_CODE_ONLY,apps/frontend/src/components/music/player/SleepTimerButton.tsx:94,Source-inventoried and route rendered; control not individually mutated during safe audit
INT-01833,(shared/component),click-handler,apps/frontend/src/components/music/player/SleepTimerButton.tsx,95,onClick={() => {,Review live behavior and state/API effect,PARTIAL_CODE_ONLY,apps/frontend/src/components/music/player/SleepTimerButton.tsx:95,Source-inventoried and route rendered; control not individually mutated during safe audit
INT-01834,(shared/component),click-handler,apps/frontend/src/components/music/playlist/CreatePlaylistDialog.tsx,60,onClick={handleOverlayClick},Review live behavior and state/API effect,PARTIAL_CODE_ONLY,apps/frontend/src/components/music/playlist/CreatePlaylistDialog.tsx:60,Source-inventoried and route rendered; control not individually mutated during safe audit
INT-01835,(shared/component),button,apps/frontend/src/components/music/playlist/CreatePlaylistDialog.tsx,67,<button,Review live behavior and state/API effect,PARTIAL_CODE_ONLY,apps/frontend/src/components/music/playlist/CreatePlaylistDialog.tsx:67,Source-inventoried and route rendered; control not individually mutated during safe audit
INT-01836,(shared/component),click-handler,apps/frontend/src/components/music/playlist/CreatePlaylistDialog.tsx,68,onClick={onClose},Review live behavior and state/API effect,PARTIAL_CODE_ONLY,apps/frontend/src/components/music/playlist/CreatePlaylistDialog.tsx:68,Source-inventoried and route rendered; control not individually mutated during safe audit
INT-01837,(shared/component),form,apps/frontend/src/components/music/playlist/CreatePlaylistDialog.tsx,89,"<form onSubmit={handleSubmit} className=""flex flex-col gap-4"">",Review live behavior and state/API effect,PARTIAL_CODE_ONLY,apps/frontend/src/components/music/playlist/CreatePlaylistDialog.tsx:89,Source-inventoried and route rendered; control not individually mutated during safe audit
INT-01838,(shared/component),submit-handler,apps/frontend/src/components/music/playlist/CreatePlaylistDialog.tsx,89,"<form onSubmit={handleSubmit} className=""flex flex-col gap-4"">",Review live behavior and state/API effect,PARTIAL_CODE_ONLY,apps/frontend/src/components/music/playlist/CreatePlaylistDialog.tsx:89,Source-inventoried and route rendered; control not individually mutated during safe audit
INT-01839,(shared/component),input,apps/frontend/src/components/music/playlist/CreatePlaylistDialog.tsx,90,<input,Review live behavior and state/API effect,PARTIAL_CODE_ONLY,apps/frontend/src/components/music/playlist/CreatePlaylistDialog.tsx:90,Source-inventoried and route rendered; control not individually mutated during safe audit
INT-01840,(shared/component),change-handler,apps/frontend/src/components/music/playlist/CreatePlaylistDialog.tsx,93,onChange={(e) => setName(e.target.value)},Review live behavior and state/API effect,PARTIAL_CODE_ONLY,apps/frontend/src/components/music/playlist/CreatePlaylistDialog.tsx:93,Source-inventoried and route rendered; control not individually mutated during safe audit
INT-01841,(shared/component),button,apps/frontend/src/components/music/playlist/CreatePlaylistDialog.tsx,107,<button,Review live behavior and state/API effect,PARTIAL_CODE_ONLY,apps/frontend/src/components/music/playlist/CreatePlaylistDialog.tsx:107,Source-inventoried and route rendered; control not individually mutated during safe audit
INT-01842,(shared/component),click-handler,apps/frontend/src/components/music/playlist/CreatePlaylistDialog.tsx,109,onClick={onClose},Review live behavior and state/API effect,PARTIAL_CODE_ONLY,apps/frontend/src/components/music/playlist/CreatePlaylistDialog.tsx:109,Source-inventoried and route rendered; control not individually mutated during safe audit
INT-01843,(shared/component),button,apps/frontend/src/components/music/playlist/CreatePlaylistDialog.tsx,115,<button,Review live behavior and state/API effect,PARTIAL_CODE_ONLY,apps/frontend/src/components/music/playlist/CreatePlaylistDialog.tsx:115,Source-inventoried and route rendered; control not individually mutated during safe audit
INT-01844,(shared/component),button,apps/frontend/src/components/music/playlist/PlaylistHeader.tsx,194,<button,Review live behavior and state/API effect,PARTIAL_CODE_ONLY,apps/frontend/src/components/music/playlist/PlaylistHeader.tsx:194,Source-inventoried and route rendered; control not individually mutated during safe audit
INT-01845,(shared/component),click-handler,apps/frontend/src/components/music/playlist/PlaylistHeader.tsx,195,onClick={onPlayAll},Review live behavior and state/API effect,PARTIAL_CODE_ONLY,apps/frontend/src/components/music/playlist/PlaylistHeader.tsx:195,Source-inventoried and route rendered; control not individually mutated during safe audit
INT-01846,(shared/component),button,apps/frontend/src/components/music/playlist/PlaylistHeader.tsx,207,<button,Review live behavior and state/API effect,PARTIAL_CODE_ONLY,apps/frontend/src/components/music/playlist/PlaylistHeader.tsx:207,Source-inventoried and route rendered; control not individually mutated during safe audit
INT-01847,(shared/component),click-handler,apps/frontend/src/components/music/playlist/PlaylistHeader.tsx,208,onClick={onShuffle},Review live behavior and state/API effect,PARTIAL_CODE_ONLY,apps/frontend/src/components/music/playlist/PlaylistHeader.tsx:208,Source-inventoried and route rendered; control not individually mutated during safe audit
INT-01848,(shared/component),button,apps/frontend/src/components/music/playlist/PlaylistHeader.tsx,216,<button,Review live behavior and state/API effect,PARTIAL_CODE_ONLY,apps/frontend/src/components/music/playlist/PlaylistHeader.tsx:216,Source-inventoried and route rendered; control not individually mutated during safe audit
INT-01849,(shared/component),button,apps/frontend/src/components/music/playlist/PlaylistHeader.tsx,225,<button,Review live behavior and state/API effect,PARTIAL_CODE_ONLY,apps/frontend/src/components/music/playlist/PlaylistHeader.tsx:225,Source-inventoried and route rendered; control not individually mutated during safe audit
INT-01850,(shared/component),click-handler,apps/frontend/src/components/music/playlist/PlaylistHeader.tsx,226,onClick={() => setContextOpen(!contextOpen)},Review live behavior and state/API effect,PARTIAL_CODE_ONLY,apps/frontend/src/components/music/playlist/PlaylistHeader.tsx:226,Source-inventoried and route rendered; control not individually mutated during safe audit
INT-01851,(shared/component),button,apps/frontend/src/components/music/playlist/PlaylistHeader.tsx,270,<button,Review live behavior and state/API effect,PARTIAL_CODE_ONLY,apps/frontend/src/components/music/playlist/PlaylistHeader.tsx:270,Source-inventoried and route rendered; control not individually mutated during safe audit
INT-01852,(shared/component),click-handler,apps/frontend/src/components/music/playlist/PlaylistHeader.tsx,271,onClick={onClick},Review live behavior and state/API effect,PARTIAL_CODE_ONLY,apps/frontend/src/components/music/playlist/PlaylistHeader.tsx:271,Source-inventoried and route rendered; control not individually mutated during safe audit
INT-01853,(shared/component),click-handler,apps/frontend/src/components/music/playlist/PlaylistSongTable.tsx,328,onClick={handlePlaySelected},Review live behavior and state/API effect,PARTIAL_CODE_ONLY,apps/frontend/src/components/music/playlist/PlaylistSongTable.tsx:328,Source-inventoried and route rendered; control not individually mutated during safe audit
INT-01854,(shared/component),click-handler,apps/frontend/src/components/music/playlist/PlaylistSongTable.tsx,333,onClick={handleAddSelectedToQueue},Review live behavior and state/API effect,PARTIAL_CODE_ONLY,apps/frontend/src/components/music/playlist/PlaylistSongTable.tsx:333,Source-inventoried and route rendered; control not individually mutated during safe audit
INT-01855,(shared/component),button,apps/frontend/src/components/music/playlist/PlaylistSongTable.tsx,336,<button,Review live behavior and state/API effect,PARTIAL_CODE_ONLY,apps/frontend/src/components/music/playlist/PlaylistSongTable.tsx:336,Source-inventoried and route rendered; control not individually mutated during safe audit
INT-01856,(shared/component),click-handler,apps/frontend/src/components/music/playlist/PlaylistSongTable.tsx,337,onClick={clearSelection},Review live behavior and state/API effect,PARTIAL_CODE_ONLY,apps/frontend/src/components/music/playlist/PlaylistSongTable.tsx:337,Source-inventoried and route rendered; control not individually mutated during safe audit
INT-01857,(shared/component),click-handler,apps/frontend/src/components/music/playlist/PlaylistSongTable.tsx,385,"onClick={(e) => handleRowClick(sortedIdx, e)}",Review live behavior and state/API effect,PARTIAL_CODE_ONLY,apps/frontend/src/components/music/playlist/PlaylistSongTable.tsx:385,Source-inventoried and route rendered; control not individually mutated during safe audit
INT-01858,(shared/component),button,apps/frontend/src/components/music/playlist/PlaylistSongTable.tsx,392,<button,Review live behavior and state/API effect,PARTIAL_CODE_ONLY,apps/frontend/src/components/music/playlist/PlaylistSongTable.tsx:392,Source-inventoried and route rendered; control not individually mutated during safe audit
INT-01859,(shared/component),click-handler,apps/frontend/src/components/music/playlist/PlaylistSongTable.tsx,393,onClick={(e) => {,Review live behavior and state/API effect,PARTIAL_CODE_ONLY,apps/frontend/src/components/music/playlist/PlaylistSongTable.tsx:393,Source-inventoried and route rendered; control not individually mutated during safe audit
INT-01860,(shared/component),button,apps/frontend/src/components/music/playlist/PlaylistSongTable.tsx,472,<button,Review live behavior and state/API effect,PARTIAL_CODE_ONLY,apps/frontend/src/components/music/playlist/PlaylistSongTable.tsx:472,Source-inventoried and route rendered; control not individually mutated during safe audit
INT-01861,(shared/component),click-handler,apps/frontend/src/components/music/playlist/PlaylistSongTable.tsx,475,onClick={(e) => {,Review live behavior and state/API effect,PARTIAL_CODE_ONLY,apps/frontend/src/components/music/playlist/PlaylistSongTable.tsx:475,Source-inventoried and route rendered; control not individually mutated during safe audit
INT-01862,(shared/component),button,apps/frontend/src/components/music/playlist/PlaylistSongTable.tsx,491,<button,Review live behavior and state/API effect,PARTIAL_CODE_ONLY,apps/frontend/src/components/music/playlist/PlaylistSongTable.tsx:491,Source-inventoried and route rendered; control not individually mutated during safe audit
INT-01863,(shared/component),click-handler,apps/frontend/src/components/music/playlist/PlaylistSongTable.tsx,497,onClick={(e) => {,Review live behavior and state/API effect,PARTIAL_CODE_ONLY,apps/frontend/src/components/music/playlist/PlaylistSongTable.tsx:497,Source-inventoried and route rendered; control not individually mutated during safe audit
INT-01864,(shared/component),click-handler,apps/frontend/src/components/music/playlist/PlaylistSongTable.tsx,521,"onClick={() => setContextMenu((prev) => ({ ...prev, visible: false }))}",Review live behavior and state/API effect,PARTIAL_CODE_ONLY,apps/frontend/src/components/music/playlist/PlaylistSongTable.tsx:521,Source-inventoried and route rendered; control not individually mutated during safe audit
INT-01865,(shared/component),click-handler,apps/frontend/src/components/music/playlist/PlaylistSongTable.tsx,526,onClick={() => {,Review live behavior and state/API effect,PARTIAL_CODE_ONLY,apps/frontend/src/components/music/playlist/PlaylistSongTable.tsx:526,Source-inventoried and route rendered; control not individually mutated during safe audit
INT-01866,(shared/component),click-handler,apps/frontend/src/components/music/playlist/PlaylistSongTable.tsx,533,onClick={() => {,Review live behavior and state/API effect,PARTIAL_CODE_ONLY,apps/frontend/src/components/music/playlist/PlaylistSongTable.tsx:533,Source-inventoried and route rendered; control not individually mutated during safe audit
INT-01867,(shared/component),click-handler,apps/frontend/src/components/music/playlist/PlaylistSongTable.tsx,540,onClick={() => {,Review live behavior and state/API effect,PARTIAL_CODE_ONLY,apps/frontend/src/components/music/playlist/PlaylistSongTable.tsx:540,Source-inventoried and route rendered; control not individually mutated during safe audit
INT-01868,(shared/component),click-handler,apps/frontend/src/components/music/playlist/PlaylistSongTable.tsx,548,onClick={() => {,Review live behavior and state/API effect,PARTIAL_CODE_ONLY,apps/frontend/src/components/music/playlist/PlaylistSongTable.tsx:548,Source-inventoried and route rendered; control not individually mutated during safe audit
INT-01869,(shared/component),click-handler,apps/frontend/src/components/music/playlist/PlaylistSongTable.tsx,555,onClick={() => {}},Review live behavior and state/API effect,PARTIAL_CODE_ONLY,apps/frontend/src/components/music/playlist/PlaylistSongTable.tsx:555,Source-inventoried and route rendered; control not individually mutated during safe audit
INT-01870,(shared/component),click-handler,apps/frontend/src/components/music/playlist/PlaylistSongTable.tsx,561,onClick={() => {,Review live behavior and state/API effect,PARTIAL_CODE_ONLY,apps/frontend/src/components/music/playlist/PlaylistSongTable.tsx:561,Source-inventoried and route rendered; control not individually mutated during safe audit
INT-01871,(shared/component),click-handler,apps/frontend/src/components/music/playlist/PlaylistSongTable.tsx,570,onClick={() => {,Review live behavior and state/API effect,PARTIAL_CODE_ONLY,apps/frontend/src/components/music/playlist/PlaylistSongTable.tsx:570,Source-inventoried and route rendered; control not individually mutated during safe audit
INT-01872,(shared/component),click-handler,apps/frontend/src/components/music/playlist/PlaylistSongTable.tsx,580,onClick={() => {}},Review live behavior and state/API effect,PARTIAL_CODE_ONLY,apps/frontend/src/components/music/playlist/PlaylistSongTable.tsx:580,Source-inventoried and route rendered; control not individually mutated during safe audit
INT-01873,(shared/component),button,apps/frontend/src/components/music/playlist/PlaylistSongTable.tsx,614,<button,Review live behavior and state/API effect,PARTIAL_CODE_ONLY,apps/frontend/src/components/music/playlist/PlaylistSongTable.tsx:614,Source-inventoried and route rendered; control not individually mutated during safe audit
INT-01874,(shared/component),click-handler,apps/frontend/src/components/music/playlist/PlaylistSongTable.tsx,616,onClick={() => onSort(col.field)},Review live behavior and state/API effect,PARTIAL_CODE_ONLY,apps/frontend/src/components/music/playlist/PlaylistSongTable.tsx:616,Source-inventoried and route rendered; control not individually mutated during safe audit
INT-01875,(shared/component),button,apps/frontend/src/components/music/playlist/PlaylistSongTable.tsx,651,<button,Review live behavior and state/API effect,PARTIAL_CODE_ONLY,apps/frontend/src/components/music/playlist/PlaylistSongTable.tsx:651,Source-inventoried and route rendered; control not individually mutated during safe audit
INT-01876,(shared/component),click-handler,apps/frontend/src/components/music/playlist/PlaylistSongTable.tsx,652,onClick={onClick},Review live behavior and state/API effect,PARTIAL_CODE_ONLY,apps/frontend/src/components/music/playlist/PlaylistSongTable.tsx:652,Source-inventoried and route rendered; control not individually mutated during safe audit
INT-01877,(shared/component),button,apps/frontend/src/components/music/playlist/PlaylistSongTable.tsx,677,<button,Review live behavior and state/API effect,PARTIAL_CODE_ONLY,apps/frontend/src/components/music/playlist/PlaylistSongTable.tsx:677,Source-inventoried and route rendered; control not individually mutated during safe audit
INT-01878,(shared/component),click-handler,apps/frontend/src/components/music/playlist/PlaylistSongTable.tsx,678,onClick={onClick},Review live behavior and state/API effect,PARTIAL_CODE_ONLY,apps/frontend/src/components/music/playlist/PlaylistSongTable.tsx:678,Source-inventoried and route rendered; control not individually mutated during safe audit
INT-01879,(shared/component),button,apps/frontend/src/components/music/shared/ContextMenu.tsx,143,<button,Review live behavior and state/API effect,PARTIAL_CODE_ONLY,apps/frontend/src/components/music/shared/ContextMenu.tsx:143,Source-inventoried and route rendered; control not individually mutated during safe audit
INT-01880,(shared/component),click-handler,apps/frontend/src/components/music/shared/ContextMenu.tsx,144,onClick={() => {,Review live behavior and state/API effect,PARTIAL_CODE_ONLY,apps/frontend/src/components/music/shared/ContextMenu.tsx:144,Source-inventoried and route rendered; control not individually mutated during safe audit
INT-01881,(shared/component),button,apps/frontend/src/components/music/shared/ContextMenu.tsx,176,<button,Review live behavior and state/API effect,PARTIAL_CODE_ONLY,apps/frontend/src/components/music/shared/ContextMenu.tsx:176,Source-inventoried and route rendered; control not individually mutated during safe audit
INT-01882,(shared/component),click-handler,apps/frontend/src/components/music/shared/ContextMenu.tsx,178,onClick={() => {,Review live behavior and state/API effect,PARTIAL_CODE_ONLY,apps/frontend/src/components/music/shared/ContextMenu.tsx:178,Source-inventoried and route rendered; control not individually mutated during safe audit
INT-01883,(shared/component),button,apps/frontend/src/components/music/shared/MusicCard.tsx,66,<button,Review live behavior and state/API effect,PARTIAL_CODE_ONLY,apps/frontend/src/components/music/shared/MusicCard.tsx:66,Source-inventoried and route rendered; control not individually mutated during safe audit
INT-01884,(shared/component),click-handler,apps/frontend/src/components/music/shared/MusicCard.tsx,67,onClick={onClick},Review live behavior and state/API effect,PARTIAL_CODE_ONLY,apps/frontend/src/components/music/shared/MusicCard.tsx:67,Source-inventoried and route rendered; control not individually mutated during safe audit
INT-01885,(shared/component),button,apps/frontend/src/components/music/shared/MusicCard.tsx,79,<button,Review live behavior and state/API effect,PARTIAL_CODE_ONLY,apps/frontend/src/components/music/shared/MusicCard.tsx:79,Source-inventoried and route rendered; control not individually mutated during safe audit
INT-01886,(shared/component),click-handler,apps/frontend/src/components/music/shared/MusicCard.tsx,80,onClick={(e) => {,Review live behavior and state/API effect,PARTIAL_CODE_ONLY,apps/frontend/src/components/music/shared/MusicCard.tsx:80,Source-inventoried and route rendered; control not individually mutated during safe audit
INT-01887,(shared/component),button,apps/frontend/src/components/music/shared/MusicCard.tsx,135,<button,Review live behavior and state/API effect,PARTIAL_CODE_ONLY,apps/frontend/src/components/music/shared/MusicCard.tsx:135,Source-inventoried and route rendered; control not individually mutated during safe audit
INT-01888,(shared/component),click-handler,apps/frontend/src/components/music/shared/MusicCard.tsx,136,onClick={() => scroll('left')},Review live behavior and state/API effect,PARTIAL_CODE_ONLY,apps/frontend/src/components/music/shared/MusicCard.tsx:136,Source-inventoried and route rendered; control not individually mutated during safe audit
INT-01889,(shared/component),button,apps/frontend/src/components/music/shared/MusicCard.tsx,152,<button,Review live behavior and state/API effect,PARTIAL_CODE_ONLY,apps/frontend/src/components/music/shared/MusicCard.tsx:152,Source-inventoried and route rendered; control not individually mutated during safe audit
INT-01890,(shared/component),click-handler,apps/frontend/src/components/music/shared/MusicCard.tsx,153,onClick={() => scroll('right')},Review live behavior and state/API effect,PARTIAL_CODE_ONLY,apps/frontend/src/components/music/shared/MusicCard.tsx:153,Source-inventoried and route rendered; control not individually mutated during safe audit
INT-01891,(shared/component),link,apps/frontend/src/components/music/shared/MusicCard.tsx,181,<a,Review live behavior and state/API effect,PARTIAL_CODE_ONLY,apps/frontend/src/components/music/shared/MusicCard.tsx:181,Source-inventoried and route rendered; control not individually mutated during safe audit
INT-01892,(shared/component),click-handler,apps/frontend/src/components/music/shared/SongRow.tsx,90,onClick={handleClick},Review live behavior and state/API effect,PARTIAL_CODE_ONLY,apps/frontend/src/components/music/shared/SongRow.tsx:90,Source-inventoried and route rendered; control not individually mutated during safe audit
INT-01893,(shared/component),button,apps/frontend/src/components/music/shared/SongRow.tsx,114,<button onClick={onPlay} aria-label={isPlaying ? 'Pause' : 'Abspielen'}>,Review live behavior and state/API effect,PARTIAL_CODE_ONLY,apps/frontend/src/components/music/shared/SongRow.tsx:114,Source-inventoried and route rendered; control not individually mutated during safe audit
INT-01894,(shared/component),click-handler,apps/frontend/src/components/music/shared/SongRow.tsx,114,<button onClick={onPlay} aria-label={isPlaying ? 'Pause' : 'Abspielen'}>,Review live behavior and state/API effect,PARTIAL_CODE_ONLY,apps/frontend/src/components/music/shared/SongRow.tsx:114,Source-inventoried and route rendered; control not individually mutated during safe audit
INT-01895,(shared/component),button,apps/frontend/src/components/music/shared/SongRow.tsx,173,<button,Review live behavior and state/API effect,PARTIAL_CODE_ONLY,apps/frontend/src/components/music/shared/SongRow.tsx:173,Source-inventoried and route rendered; control not individually mutated during safe audit
INT-01896,(shared/component),click-handler,apps/frontend/src/components/music/shared/SongRow.tsx,176,onClick={(e) => {,Review live behavior and state/API effect,PARTIAL_CODE_ONLY,apps/frontend/src/components/music/shared/SongRow.tsx:176,Source-inventoried and route rendered; control not individually mutated during safe audit
INT-01897,(shared/component),button,apps/frontend/src/components/music/shared/SongRow.tsx,196,<button,Review live behavior and state/API effect,PARTIAL_CODE_ONLY,apps/frontend/src/components/music/shared/SongRow.tsx:196,Source-inventoried and route rendered; control not individually mutated during safe audit
INT-01898,(shared/component),click-handler,apps/frontend/src/components/music/shared/SongRow.tsx,199,onClick={(e) => {,Review live behavior and state/API effect,PARTIAL_CODE_ONLY,apps/frontend/src/components/music/shared/SongRow.tsx:199,Source-inventoried and route rendered; control not individually mutated during safe audit
INT-01899,(shared/component),button,apps/frontend/src/components/music/shared/TrackTable.tsx,180,"<button onClick={onClick} className=""flex items-center justify-end gap-1 hover:text-[var(--music-text-primary)] transition-colors"">",Review live behavior and state/API effect,PARTIAL_CODE_ONLY,apps/frontend/src/components/music/shared/TrackTable.tsx:180,Source-inventoried and route rendered; control not individually mutated during safe audit
INT-01900,(shared/component),click-handler,apps/frontend/src/components/music/shared/TrackTable.tsx,180,"<button onClick={onClick} className=""flex items-center justify-end gap-1 hover:text-[var(--music-text-primary)] transition-colors"">",Review live behavior and state/API effect,PARTIAL_CODE_ONLY,apps/frontend/src/components/music/shared/TrackTable.tsx:180,Source-inventoried and route rendered; control not individually mutated during safe audit
INT-01901,(shared/component),button,apps/frontend/src/components/music/shared/TrackTable.tsx,406,<button,Review live behavior and state/API effect,PARTIAL_CODE_ONLY,apps/frontend/src/components/music/shared/TrackTable.tsx:406,Source-inventoried and route rendered; control not individually mutated during safe audit
INT-01902,(shared/component),click-handler,apps/frontend/src/components/music/shared/TrackTable.tsx,407,onClick={() => setOpen(!open)},Review live behavior and state/API effect,PARTIAL_CODE_ONLY,apps/frontend/src/components/music/shared/TrackTable.tsx:407,Source-inventoried and route rendered; control not individually mutated during safe audit
INT-01903,(shared/component),button,apps/frontend/src/components/music/shared/TrackTable.tsx,425,<button,Review live behavior and state/API effect,PARTIAL_CODE_ONLY,apps/frontend/src/components/music/shared/TrackTable.tsx:425,Source-inventoried and route rendered; control not individually mutated during safe audit
INT-01904,(shared/component),click-handler,apps/frontend/src/components/music/shared/TrackTable.tsx,427,onClick={() => toggle(col.id)},Review live behavior and state/API effect,PARTIAL_CODE_ONLY,apps/frontend/src/components/music/shared/TrackTable.tsx:427,Source-inventoried and route rendered; control not individually mutated during safe audit
INT-01905,(shared/component),button,apps/frontend/src/components/music/shared/TrackTable.tsx,463,<button,Review live behavior and state/API effect,PARTIAL_CODE_ONLY,apps/frontend/src/components/music/shared/TrackTable.tsx:463,Source-inventoried and route rendered; control not individually mutated during safe audit
INT-01906,(shared/component),click-handler,apps/frontend/src/components/music/shared/TrackTable.tsx,465,onClick={() => onChange(size)},Review live behavior and state/API effect,PARTIAL_CODE_ONLY,apps/frontend/src/components/music/shared/TrackTable.tsx:465,Source-inventoried and route rendered; control not individually mutated during safe audit
INT-01907,(shared/component),input,apps/frontend/src/components/music/shared/TrackTable.tsx,528,<input,Review live behavior and state/API effect,PARTIAL_CODE_ONLY,apps/frontend/src/components/music/shared/TrackTable.tsx:528,Source-inventoried and route rendered; control not individually mutated during safe audit
INT-01908,(shared/component),change-handler,apps/frontend/src/components/music/shared/TrackTable.tsx,531,"onChange={(e) => update('search', e.target.value)}",Review live behavior and state/API effect,PARTIAL_CODE_ONLY,apps/frontend/src/components/music/shared/TrackTable.tsx:531,Source-inventoried and route rendered; control not individually mutated during safe audit
INT-01909,(shared/component),button,apps/frontend/src/components/music/shared/TrackTable.tsx,536,<button,Review live behavior and state/API effect,PARTIAL_CODE_ONLY,apps/frontend/src/components/music/shared/TrackTable.tsx:536,Source-inventoried and route rendered; control not individually mutated during safe audit
INT-01910,(shared/component),click-handler,apps/frontend/src/components/music/shared/TrackTable.tsx,537,"onClick={() => update('search', '')}",Review live behavior and state/API effect,PARTIAL_CODE_ONLY,apps/frontend/src/components/music/shared/TrackTable.tsx:537,Source-inventoried and route rendered; control not individually mutated during safe audit
INT-01911,(shared/component),button,apps/frontend/src/components/music/shared/TrackTable.tsx,544,<button,Review live behavior and state/API effect,PARTIAL_CODE_ONLY,apps/frontend/src/components/music/shared/TrackTable.tsx:544,Source-inventoried and route rendered; control not individually mutated during safe audit
INT-01912,(shared/component),click-handler,apps/frontend/src/components/music/shared/TrackTable.tsx,545,onClick={() => setExpanded(!expanded)},Review live behavior and state/API effect,PARTIAL_CODE_ONLY,apps/frontend/src/components/music/shared/TrackTable.tsx:545,Source-inventoried and route rendered; control not individually mutated during safe audit
INT-01913,(shared/component),button,apps/frontend/src/components/music/shared/TrackTable.tsx,562,<button,Review live behavior and state/API effect,PARTIAL_CODE_ONLY,apps/frontend/src/components/music/shared/TrackTable.tsx:562,Source-inventoried and route rendered; control not individually mutated during safe audit
INT-01914,(shared/component),click-handler,apps/frontend/src/components/music/shared/TrackTable.tsx,563,onClick={onClear},Review live behavior and state/API effect,PARTIAL_CODE_ONLY,apps/frontend/src/components/music/shared/TrackTable.tsx:563,Source-inventoried and route rendered; control not individually mutated during safe audit
INT-01915,(shared/component),button,apps/frontend/src/components/music/shared/TrackTable.tsx,578,<button,Review live behavior and state/API effect,PARTIAL_CODE_ONLY,apps/frontend/src/components/music/shared/TrackTable.tsx:578,Source-inventoried and route rendered; control not individually mutated during safe audit
INT-01916,(shared/component),click-handler,apps/frontend/src/components/music/shared/TrackTable.tsx,580,onClick={() => toggleGenre(genre)},Review live behavior and state/API effect,PARTIAL_CODE_ONLY,apps/frontend/src/components/music/shared/TrackTable.tsx:580,Source-inventoried and route rendered; control not individually mutated during safe audit
INT-01917,(shared/component),select,apps/frontend/src/components/music/shared/TrackTable.tsx,597,<select,Review live behavior and state/API effect,PARTIAL_CODE_ONLY,apps/frontend/src/components/music/shared/TrackTable.tsx:597,Source-inventoried and route rendered; control not individually mutated during safe audit
INT-01918,(shared/component),change-handler,apps/frontend/src/components/music/shared/TrackTable.tsx,599,"onChange={(e) => update('artist', e.target.value)}",Review live behavior and state/API effect,PARTIAL_CODE_ONLY,apps/frontend/src/components/music/shared/TrackTable.tsx:599,Source-inventoried and route rendered; control not individually mutated during safe audit
INT-01919,(shared/component),select,apps/frontend/src/components/music/shared/TrackTable.tsx,607,<select,Review live behavior and state/API effect,PARTIAL_CODE_ONLY,apps/frontend/src/components/music/shared/TrackTable.tsx:607,Source-inventoried and route rendered; control not individually mutated during safe audit
INT-01920,(shared/component),change-handler,apps/frontend/src/components/music/shared/TrackTable.tsx,609,"onChange={(e) => update('year', e.target.value)}",Review live behavior and state/API effect,PARTIAL_CODE_ONLY,apps/frontend/src/components/music/shared/TrackTable.tsx:609,Source-inventoried and route rendered; control not individually mutated during safe audit
INT-01921,(shared/component),input,apps/frontend/src/components/music/shared/TrackTable.tsx,617,<input,Review live behavior and state/API effect,PARTIAL_CODE_ONLY,apps/frontend/src/components/music/shared/TrackTable.tsx:617,Source-inventoried and route rendered; control not individually mutated during safe audit
INT-01922,(shared/component),change-handler,apps/frontend/src/components/music/shared/TrackTable.tsx,620,"onChange={(e) => update('album', e.target.value)}",Review live behavior and state/API effect,PARTIAL_CODE_ONLY,apps/frontend/src/components/music/shared/TrackTable.tsx:620,Source-inventoried and route rendered; control not individually mutated during safe audit
INT-01923,(shared/component),change-handler,apps/frontend/src/components/music/shared/TrackTable.tsx,808,<CoverSizeSlider value={coverSize} onChange={setCoverSize} />,Review live behavior and state/API effect,PARTIAL_CODE_ONLY,apps/frontend/src/components/music/shared/TrackTable.tsx:808,Source-inventoried and route rendered; control not individually mutated during safe audit
INT-01924,(shared/component),change-handler,apps/frontend/src/components/music/shared/TrackTable.tsx,819,onChange={setVisibleColumns},Review live behavior and state/API effect,PARTIAL_CODE_ONLY,apps/frontend/src/components/music/shared/TrackTable.tsx:819,Source-inventoried and route rendered; control not individually mutated during safe audit
INT-01925,(shared/component),change-handler,apps/frontend/src/components/music/shared/TrackTable.tsx,827,onChange={setFilters},Review live behavior and state/API effect,PARTIAL_CODE_ONLY,apps/frontend/src/components/music/shared/TrackTable.tsx:827,Source-inventoried and route rendered; control not individually mutated during safe audit
INT-01926,(shared/component),button,apps/frontend/src/components/music/shared/TrackTable.tsx,866,<button,Review live behavior and state/API effect,PARTIAL_CODE_ONLY,apps/frontend/src/components/music/shared/TrackTable.tsx:866,Source-inventoried and route rendered; control not individually mutated during safe audit
INT-01927,(shared/component),click-handler,apps/frontend/src/components/music/shared/TrackTable.tsx,867,onClick={() => handleSort(col.id)},Review live behavior and state/API effect,PARTIAL_CODE_ONLY,apps/frontend/src/components/music/shared/TrackTable.tsx:867,Source-inventoried and route rendered; control not individually mutated during safe audit
INT-01928,(shared/component),button,apps/frontend/src/components/music/shared/TrackTable.tsx,904,<button,Review live behavior and state/API effect,PARTIAL_CODE_ONLY,apps/frontend/src/components/music/shared/TrackTable.tsx:904,Source-inventoried and route rendered; control not individually mutated during safe audit
INT-01929,(shared/component),click-handler,apps/frontend/src/components/music/shared/TrackTable.tsx,905,onClick={clearFilters},Review live behavior and state/API effect,PARTIAL_CODE_ONLY,apps/frontend/src/components/music/shared/TrackTable.tsx:905,Source-inventoried and route rendered; control not individually mutated during safe audit
INT-01930,(shared/component),click-handler,apps/frontend/src/components/music/shared/TrackTable.tsx,940,"onClick={(e) => onRowClick?.(e, track.id, vItem.index)}",Review live behavior and state/API effect,PARTIAL_CODE_ONLY,apps/frontend/src/components/music/shared/TrackTable.tsx:940,Source-inventoried and route rendered; control not individually mutated during safe audit
INT-01931,(shared/component),button,apps/frontend/src/components/music/shared/TrackTable.tsx,1012,<button,Review live behavior and state/API effect,PARTIAL_CODE_ONLY,apps/frontend/src/components/music/shared/TrackTable.tsx:1012,Source-inventoried and route rendered; control not individually mutated during safe audit
INT-01932,(shared/component),click-handler,apps/frontend/src/components/music/shared/TrackTable.tsx,1013,onClick={onPrevPage},Review live behavior and state/API effect,PARTIAL_CODE_ONLY,apps/frontend/src/components/music/shared/TrackTable.tsx:1013,Source-inventoried and route rendered; control not individually mutated during safe audit
INT-01933,(shared/component),button,apps/frontend/src/components/music/shared/TrackTable.tsx,1019,<button,Review live behavior and state/API effect,PARTIAL_CODE_ONLY,apps/frontend/src/components/music/shared/TrackTable.tsx:1019,Source-inventoried and route rendered; control not individually mutated during safe audit
INT-01934,(shared/component),click-handler,apps/frontend/src/components/music/shared/TrackTable.tsx,1020,onClick={onNextPage},Review live behavior and state/API effect,PARTIAL_CODE_ONLY,apps/frontend/src/components/music/shared/TrackTable.tsx:1020,Source-inventoried and route rendered; control not individually mutated during safe audit
INT-01935,(shared/component),button,apps/frontend/src/components/music/sidebar/MusicSidebar.tsx,155,<button,Review live behavior and state/API effect,PARTIAL_CODE_ONLY,apps/frontend/src/components/music/sidebar/MusicSidebar.tsx:155,Source-inventoried and route rendered; control not individually mutated during safe audit
INT-01936,(shared/component),click-handler,apps/frontend/src/components/music/sidebar/MusicSidebar.tsx,156,onClick={onToggleCollapse},Review live behavior and state/API effect,PARTIAL_CODE_ONLY,apps/frontend/src/components/music/sidebar/MusicSidebar.tsx:156,Source-inventoried and route rendered; control not individually mutated during safe audit
INT-01937,(shared/component),button,apps/frontend/src/components/music/sidebar/MusicSidebar.tsx,167,<button,Review live behavior and state/API effect,PARTIAL_CODE_ONLY,apps/frontend/src/components/music/sidebar/MusicSidebar.tsx:167,Source-inventoried and route rendered; control not individually mutated during safe audit
INT-01938,(shared/component),click-handler,apps/frontend/src/components/music/sidebar/MusicSidebar.tsx,168,onClick={onToggleCollapse},Review live behavior and state/API effect,PARTIAL_CODE_ONLY,apps/frontend/src/components/music/sidebar/MusicSidebar.tsx:168,Source-inventoried and route rendered; control not individually mutated during safe audit
INT-01939,(shared/component),button,apps/frontend/src/components/music/sidebar/MusicSidebar.tsx,215,<button,Review live behavior and state/API effect,PARTIAL_CODE_ONLY,apps/frontend/src/components/music/sidebar/MusicSidebar.tsx:215,Source-inventoried and route rendered; control not individually mutated during safe audit
INT-01940,(shared/component),click-handler,apps/frontend/src/components/music/sidebar/MusicSidebar.tsx,217,onClick={() => router.push(`/jellyfin/music/album/${albumId}`)},Review live behavior and state/API effect,PARTIAL_CODE_ONLY,apps/frontend/src/components/music/sidebar/MusicSidebar.tsx:217,Source-inventoried and route rendered; control not individually mutated during safe audit
INT-01941,(shared/component),button,apps/frontend/src/components/music/sidebar/MusicSidebar.tsx,253,<button,Review live behavior and state/API effect,PARTIAL_CODE_ONLY,apps/frontend/src/components/music/sidebar/MusicSidebar.tsx:253,Source-inventoried and route rendered; control not individually mutated during safe audit
INT-01942,(shared/component),click-handler,apps/frontend/src/components/music/sidebar/MusicSidebar.tsx,255,onClick={() => handleTabClick(tab.key)},Review live behavior and state/API effect,PARTIAL_CODE_ONLY,apps/frontend/src/components/music/sidebar/MusicSidebar.tsx:255,Source-inventoried and route rendered; control not individually mutated during safe audit
INT-01943,(shared/component),input,apps/frontend/src/components/music/sidebar/MusicSidebar.tsx,271,<input,Review live behavior and state/API effect,PARTIAL_CODE_ONLY,apps/frontend/src/components/music/sidebar/MusicSidebar.tsx:271,Source-inventoried and route rendered; control not individually mutated during safe audit
INT-01944,(shared/component),select,apps/frontend/src/components/music/sidebar/MusicSidebar.tsx,278,<select,Review live behavior and state/API effect,PARTIAL_CODE_ONLY,apps/frontend/src/components/music/sidebar/MusicSidebar.tsx:278,Source-inventoried and route rendered; control not individually mutated during safe audit
INT-01945,(shared/component),click-handler,apps/frontend/src/components/music/sidebar/MusicSidebar.tsx,309,onClick={handlePlaylistClick},Review live behavior and state/API effect,PARTIAL_CODE_ONLY,apps/frontend/src/components/music/sidebar/MusicSidebar.tsx:309,Source-inventoried and route rendered; control not individually mutated during safe audit
INT-01946,(shared/component),button,apps/frontend/src/components/music/sidebar/MusicSidebar.tsx,327,<button,Review live behavior and state/API effect,PARTIAL_CODE_ONLY,apps/frontend/src/components/music/sidebar/MusicSidebar.tsx:327,Source-inventoried and route rendered; control not individually mutated during safe audit
INT-01947,(shared/component),click-handler,apps/frontend/src/components/music/sidebar/MusicSidebar.tsx,329,onClick={() => router.push(`/jellyfin/music/artist/${item.Id}`)},Review live behavior and state/API effect,PARTIAL_CODE_ONLY,apps/frontend/src/components/music/sidebar/MusicSidebar.tsx:329,Source-inventoried and route rendered; control not individually mutated during safe audit
INT-01948,(shared/component),button,apps/frontend/src/components/music/sidebar/MusicSidebar.tsx,367,<button,Review live behavior and state/API effect,PARTIAL_CODE_ONLY,apps/frontend/src/components/music/sidebar/MusicSidebar.tsx:367,Source-inventoried and route rendered; control not individually mutated during safe audit
INT-01949,(shared/component),click-handler,apps/frontend/src/components/music/sidebar/MusicSidebar.tsx,369,onClick={() => router.push(`/jellyfin/music/album/${item.Id}`)},Review live behavior and state/API effect,PARTIAL_CODE_ONLY,apps/frontend/src/components/music/sidebar/MusicSidebar.tsx:369,Source-inventoried and route rendered; control not individually mutated during safe audit
INT-01950,(shared/component),click-handler,apps/frontend/src/components/music/sidebar/MusicSidebar.tsx,408,<SidebarCreateButton onClick={() => setShowCreateDialog(true)} collapsed={collapsed} />,Review live behavior and state/API effect,PARTIAL_CODE_ONLY,apps/frontend/src/components/music/sidebar/MusicSidebar.tsx:408,Source-inventoried and route rendered; control not individually mutated during safe audit
INT-01951,(shared/component),button,apps/frontend/src/components/music/sidebar/SidebarCreateButton.tsx,24,<button,Review live behavior and state/API effect,PARTIAL_CODE_ONLY,apps/frontend/src/components/music/sidebar/SidebarCreateButton.tsx:24,Source-inventoried and route rendered; control not individually mutated during safe audit
INT-01952,(shared/component),click-handler,apps/frontend/src/components/music/sidebar/SidebarCreateButton.tsx,25,onClick={onClick},Review live behavior and state/API effect,PARTIAL_CODE_ONLY,apps/frontend/src/components/music/sidebar/SidebarCreateButton.tsx:25,Source-inventoried and route rendered; control not individually mutated during safe audit
INT-01953,(shared/component),link,apps/frontend/src/components/music/sidebar/SidebarNavButton.tsx,35,<Link,Review live behavior and state/API effect,PARTIAL_CODE_ONLY,apps/frontend/src/components/music/sidebar/SidebarNavButton.tsx:35,Source-inventoried and route rendered; control not individually mutated during safe audit
INT-01954,(shared/component),button,apps/frontend/src/components/music/sidebar/SidebarPlaylistItem.tsx,40,<button,Review live behavior and state/API effect,PARTIAL_CODE_ONLY,apps/frontend/src/components/music/sidebar/SidebarPlaylistItem.tsx:40,Source-inventoried and route rendered; control not individually mutated during safe audit
INT-01955,(shared/component),click-handler,apps/frontend/src/components/music/sidebar/SidebarPlaylistItem.tsx,41,onClick={() => onClick?.(id)},Review live behavior and state/API effect,PARTIAL_CODE_ONLY,apps/frontend/src/components/music/sidebar/SidebarPlaylistItem.tsx:41,Source-inventoried and route rendered; control not individually mutated during safe audit
INT-01956,(shared/component),button,apps/frontend/src/components/sidebar.tsx,187,<button,Review live behavior and state/API effect,PARTIAL_CODE_ONLY,apps/frontend/src/components/sidebar.tsx:187,Source-inventoried and route rendered; control not individually mutated during safe audit
INT-01957,(shared/component),click-handler,apps/frontend/src/components/sidebar.tsx,188,onClick={() => setOpen(!open)},Review live behavior and state/API effect,PARTIAL_CODE_ONLY,apps/frontend/src/components/sidebar.tsx:188,Source-inventoried and route rendered; control not individually mutated during safe audit
INT-01958,(shared/component),button,apps/frontend/src/components/sidebar.tsx,213,<button,Review live behavior and state/API effect,PARTIAL_CODE_ONLY,apps/frontend/src/components/sidebar.tsx:213,Source-inventoried and route rendered; control not individually mutated during safe audit
INT-01959,(shared/component),click-handler,apps/frontend/src/components/sidebar.tsx,214,onClick={() => setDesktopCollapsed(true)},Review live behavior and state/API effect,PARTIAL_CODE_ONLY,apps/frontend/src/components/sidebar.tsx:214,Source-inventoried and route rendered; control not individually mutated during safe audit
INT-01960,(shared/component),button,apps/frontend/src/components/sidebar.tsx,224,<button,Review live behavior and state/API effect,PARTIAL_CODE_ONLY,apps/frontend/src/components/sidebar.tsx:224,Source-inventoried and route rendered; control not individually mutated during safe audit
INT-01961,(shared/component),click-handler,apps/frontend/src/components/sidebar.tsx,225,onClick={() => setDesktopCollapsed(false)},Review live behavior and state/API effect,PARTIAL_CODE_ONLY,apps/frontend/src/components/sidebar.tsx:225,Source-inventoried and route rendered; control not individually mutated during safe audit
INT-01962,(shared/component),link,apps/frontend/src/components/sidebar.tsx,239,<Link,Review live behavior and state/API effect,PARTIAL_CODE_ONLY,apps/frontend/src/components/sidebar.tsx:239,Source-inventoried and route rendered; control not individually mutated during safe audit
INT-01963,(shared/component),click-handler,apps/frontend/src/components/sidebar.tsx,242,onClick={() => setOpen(false)},Review live behavior and state/API effect,PARTIAL_CODE_ONLY,apps/frontend/src/components/sidebar.tsx:242,Source-inventoried and route rendered; control not individually mutated during safe audit
INT-01964,(shared/component),button,apps/frontend/src/components/sidebar.tsx,279,<button,Review live behavior and state/API effect,PARTIAL_CODE_ONLY,apps/frontend/src/components/sidebar.tsx:279,Source-inventoried and route rendered; control not individually mutated during safe audit
INT-01965,(shared/component),click-handler,apps/frontend/src/components/sidebar.tsx,280,onClick={() => setSeitenOpen((prev) => !prev)},Review live behavior and state/API effect,PARTIAL_CODE_ONLY,apps/frontend/src/components/sidebar.tsx:280,Source-inventoried and route rendered; control not individually mutated during safe audit
INT-01966,(shared/component),link,apps/frontend/src/components/sidebar.tsx,290,<Link,Review live behavior and state/API effect,PARTIAL_CODE_ONLY,apps/frontend/src/components/sidebar.tsx:290,Source-inventoried and route rendered; control not individually mutated during safe audit
INT-01967,(shared/component),click-handler,apps/frontend/src/components/sidebar.tsx,292,onClick={() => setOpen(false)},Review live behavior and state/API effect,PARTIAL_CODE_ONLY,apps/frontend/src/components/sidebar.tsx:292,Source-inventoried and route rendered; control not individually mutated during safe audit
INT-01968,(shared/component),link,apps/frontend/src/components/sidebar.tsx,311,<Link,Review live behavior and state/API effect,PARTIAL_CODE_ONLY,apps/frontend/src/components/sidebar.tsx:311,Source-inventoried and route rendered; control not individually mutated during safe audit
INT-01969,(shared/component),click-handler,apps/frontend/src/components/sidebar.tsx,313,onClick={() => setOpen(false)},Review live behavior and state/API effect,PARTIAL_CODE_ONLY,apps/frontend/src/components/sidebar.tsx:313,Source-inventoried and route rendered; control not individually mutated during safe audit
INT-01970,(shared/component),button,apps/frontend/src/components/sidebar.tsx,321,<button,Review live behavior and state/API effect,PARTIAL_CODE_ONLY,apps/frontend/src/components/sidebar.tsx:321,Source-inventoried and route rendered; control not individually mutated during safe audit
INT-01971,(shared/component),click-handler,apps/frontend/src/components/sidebar.tsx,322,onClick={(e) => {,Review live behavior and state/API effect,PARTIAL_CODE_ONLY,apps/frontend/src/components/sidebar.tsx:322,Source-inventoried and route rendered; control not individually mutated during safe audit
INT-01972,(shared/component),link,apps/frontend/src/components/sidebar.tsx,344,<Link,Review live behavior and state/API effect,PARTIAL_CODE_ONLY,apps/frontend/src/components/sidebar.tsx:344,Source-inventoried and route rendered; control not individually mutated during safe audit
INT-01973,(shared/component),click-handler,apps/frontend/src/components/sidebar.tsx,346,onClick={() => setOpen(false)},Review live behavior and state/API effect,PARTIAL_CODE_ONLY,apps/frontend/src/components/sidebar.tsx:346,Source-inventoried and route rendered; control not individually mutated during safe audit
INT-01974,(shared/component),button,apps/frontend/src/components/sidebar.tsx,354,<button,Review live behavior and state/API effect,PARTIAL_CODE_ONLY,apps/frontend/src/components/sidebar.tsx:354,Source-inventoried and route rendered; control not individually mutated during safe audit
INT-01975,(shared/component),click-handler,apps/frontend/src/components/sidebar.tsx,355,onClick={(e) => {,Review live behavior and state/API effect,PARTIAL_CODE_ONLY,apps/frontend/src/components/sidebar.tsx:355,Source-inventoried and route rendered; control not individually mutated during safe audit
INT-01976,(shared/component),link,apps/frontend/src/components/sidebar.tsx,379,<Link,Review live behavior and state/API effect,PARTIAL_CODE_ONLY,apps/frontend/src/components/sidebar.tsx:379,Source-inventoried and route rendered; control not individually mutated during safe audit
INT-01977,(shared/component),click-handler,apps/frontend/src/components/sidebar.tsx,401,onClick={(e) => e.stopPropagation()},Review live behavior and state/API effect,PARTIAL_CODE_ONLY,apps/frontend/src/components/sidebar.tsx:401,Source-inventoried and route rendered; control not individually mutated during safe audit
INT-01978,(shared/component),button,apps/frontend/src/components/sidebar.tsx,403,<button,Review live behavior and state/API effect,PARTIAL_CODE_ONLY,apps/frontend/src/components/sidebar.tsx:403,Source-inventoried and route rendered; control not individually mutated during safe audit
INT-01979,(shared/component),click-handler,apps/frontend/src/components/sidebar.tsx,405,onClick={() => {,Review live behavior and state/API effect,PARTIAL_CODE_ONLY,apps/frontend/src/components/sidebar.tsx:405,Source-inventoried and route rendered; control not individually mutated during safe audit
INT-01980,(shared/component),button,apps/frontend/src/components/sidebar.tsx,413,<button,Review live behavior and state/API effect,PARTIAL_CODE_ONLY,apps/frontend/src/components/sidebar.tsx:413,Source-inventoried and route rendered; control not individually mutated during safe audit
INT-01981,(shared/component),click-handler,apps/frontend/src/components/sidebar.tsx,415,onClick={() => {,Review live behavior and state/API effect,PARTIAL_CODE_ONLY,apps/frontend/src/components/sidebar.tsx:415,Source-inventoried and route rendered; control not individually mutated during safe audit
INT-01982,(shared/component),button,apps/frontend/src/components/theme-toggle.tsx,25,<button,Review live behavior and state/API effect,PARTIAL_CODE_ONLY,apps/frontend/src/components/theme-toggle.tsx:25,Source-inventoried and route rendered; control not individually mutated during safe audit
INT-01983,(shared/component),click-handler,apps/frontend/src/components/theme-toggle.tsx,27,onClick={() => setTheme(opt.value)},Review live behavior and state/API effect,PARTIAL_CODE_ONLY,apps/frontend/src/components/theme-toggle.tsx:27,Source-inventoried and route rendered; control not individually mutated during safe audit
